[0.000000] (-) TimerEvent: {}
[0.000150] (catch_custom_msgs) JobQueued: {'identifier': 'catch_custom_msgs', 'dependencies': OrderedDict()}
[0.000192] (perception) JobQueued: {'identifier': 'perception', 'dependencies': OrderedDict()}
[0.000218] (planning) JobQueued: {'identifier': 'planning', 'dependencies': OrderedDict()}
[0.000241] (ros2_aruco) JobQueued: {'identifier': 'ros2_aruco', 'dependencies': OrderedDict()}
[0.000436] (ros2_aruco_interfaces) JobQueued: {'identifier': 'ros2_aruco_interfaces', 'dependencies': OrderedDict()}
[0.000750] (catch_custom_msgs) JobStarted: {'identifier': 'catch_custom_msgs'}
[0.016711] (perception) JobStarted: {'identifier': 'perception'}
[0.037452] (planning) JobStarted: {'identifier': 'planning'}
[0.059257] (ros2_aruco) JobStarted: {'identifier': 'ros2_aruco'}
[0.073918] (ros2_aruco_interfaces) JobStarted: {'identifier': 'ros2_aruco_interfaces'}
[0.092795] (catch_custom_msgs) JobProgress: {'identifier': 'catch_custom_msgs', 'progress': 'cmake'}
[0.097474] (catch_custom_msgs) JobProgress: {'identifier': 'catch_custom_msgs', 'progress': 'build'}
[0.099374] (catch_custom_msgs) Command: {'cmd': ['/usr/bin/cmake', '--build', '/home/cc/ee106a/fa25/class/ee106a-add/106A-CATCH/CATCH/build/catch_custom_msgs', '--', '-j32', '-l32'], 'cwd': '/home/cc/ee106a/fa25/class/ee106a-add/106A-CATCH/CATCH/build/catch_custom_msgs', 'env': OrderedDict([('ARCH', 'x86_64'), ('QT_SCALE_FACTOR', '1'), ('USER', 'ee106a-add'), ('HOSTNAME', 'ros2'), ('XDG_SESSION_TYPE', 'x11'), ('MASTERDIR', '/home/ff/ee106a'), ('COMPIZ_CONFIG_PROFILE', 'mate'), ('XDG_CACHE_HOME', '/home/cc/ee106a/fa25/class/ee106a-add/.cache'), ('SHLVL', '2'), ('LD_LIBRARY_PATH', '/home/ff/ee106a/librealsense/build/Release:/usr/lib/x86_64-linux-gnu/gazebo-11/plugins:/opt/ros/humble/opt/rviz_ogre_vendor/lib:/opt/ros/humble/lib/x86_64-linux-gnu:/opt/ros/humble/lib'), ('HOME', '/home/cc/ee106a/fa25/class/ee106a-add'), ('OLDPWD', '/home/cc/ee106a/fa25/class/ee106a-add'), ('DESKTOP_SESSION', 'mate'), ('ROS_PYTHON_VERSION', '3'), ('GTK_MODULES', 'gail:atk-bridge:appmenu-gtk-module:gail:atk-bridge:canberra-gtk-module'), ('EE106_UR_ROBOT_IP', '192.168.1.100'), ('DISTROBOX_ENTER_PATH', '/usr/local/bin/distrobox-enter'), ('SYSTEMD_EXEC_PID', '765458'), ('NNTPSERVER', 'news.csua.berkeley.edu'), ('VISUAL', 'emacs'), ('XDG_STATE_HOME', '/home/cc/ee106a/fa25/class/ee106a-add/.local/state'), ('DBUS_SESSION_BUS_ADDRESS', 'unix:path=/run/user/90081/bus'), ('COLORTERM', 'truecolor'), ('container', 'podman'), ('UBUNTU_MENUPROXY', '1'), ('QT_QPA_PLATFORMTHEME', 'gtk2'), ('COLCON_PREFIX_PATH', '/home/ff/ee106a/robot_workspaces/ur/install'), ('ROS_DISTRO', 'humble'), ('GTK_IM_MODULE', 'ibus'), ('LOGNAME', 'ee106a-add'), ('MASTER', 'ee106a'), ('WINDOWID', '39856684'), ('ROS_VERSION', '2'), ('XDG_SESSION_CLASS', 'user'), ('TERMINFO_DIRS', '/usr/share/terminfo:/run/host/usr/share/terminfo'), ('USERNAME', 'ee106a-add'), ('TERM', 'xterm-256color'), ('GTK_OVERLAY_SCROLLING', '0'), ('XDG_SESSION_ID', '7300'), ('ROS_LOCALHOST_ONLY', '0'), ('WINDOWPATH', '2'), ('PATH', '/opt/ros/humble/bin:/share/b/grading/bin:/home/ff/ee106a/bin:/home/ff/ee106a/bin/arch/x86_64:/share/b/grading/bin:/home/ff/ee106a/bin:/home/ff/ee106a/bin/arch/x86_64:/usr/local/sbin:/usr/local/bin:/usr/sbin:/usr/bin:/sbin:/bin:/usr/games:/usr/local/games:/snap/bin:/snap/bin:/share/b/grading/bin:/share/b/grading/sbin:/share/b/runas/x86_64:/share/b/bin:/home/ff/ee106a/venvs/all:/usr/local/sbin:/usr/local/bin:/usr/sbin:/usr/bin:/sbin:/bin:/share/b/grading/bin:/share/b/grading/sbin:/share/b/runas/x86_64:/share/b/bin:/home/ff/ee106a/venvs/all'), ('SESSION_MANAGER', 'local/c105-6:@/tmp/.ICE-unix/765526,unix/c105-6:/tmp/.ICE-unix/765526'), ('OS', 'Linux'), ('XDG_RUNTIME_DIR', '/run/user/90081'), ('DISPLAY', ':1'), ('LANG', 'en_US.UTF-8'), ('XDG_CURRENT_DESKTOP', 'MATE'), ('XDG_DATA_HOME', '/home/cc/ee106a/fa25/class/ee106a-add/.local/share'), ('XDG_CONFIG_HOME', '/home/cc/ee106a/fa25/class/ee106a-add/.config'), ('XMODIFIERS', '@im=ibus'), ('XDG_SESSION_DESKTOP', 'mate'), ('XAUTHORITY', '/run/user/90081/gdm/Xauthority'), ('SSH_AUTH_SOCK', '/run/user/90081/keyring/ssh'), ('ROS_DOMAIN_ID', '26'), ('AMENT_PREFIX_PATH', '/home/ff/ee106a/robot_workspaces/ur/install/ur7e_utils:/opt/ros/humble'), ('SHELL', '/usr/bin/bash'), ('QT_ACCESSIBILITY', '1'), ('EE106_UR_ROBOT_NAME', 'baymax'), ('GDMSESSION', 'mate'), ('RUNAS', '/share/b/runas/x86_64'), ('GPG_AGENT_INFO', '/run/user/90081/gnupg/S.gpg-agent:0:1'), ('CONFIG_SHELL', '/usr/bin/ksh'), ('QT_IM_MODULE', 'ibus'), ('PWD', '/home/cc/ee106a/fa25/class/ee106a-add/106A-CATCH/CATCH/build/catch_custom_msgs'), ('EE106_ENV_SETUP', 'ur_ros2'), ('CONTAINER_ID', 'ros2'), ('LC_ALL', 'C.UTF-8'), ('XDG_CONFIG_DIRS', '/etc/xdg/xdg-mate:/etc/xdg'), ('CLUTTER_IM_MODULE', 'ibus'), ('XDG_DATA_DIRS', '/usr/share/mate:/usr/share/mate:/usr/share/gnome:/home/cc/ee106a/fa25/class/ee106a-add/.local/share/flatpak/exports/share:/var/lib/flatpak/exports/share:/usr/local/share/:/usr/share/:/var/lib/snapd/desktop:/usr/local/share:/usr/share'), ('PYTHONPATH', '/home/ff/ee106a/robot_workspaces/ur/install/ur7e_utils/lib/python3.10/site-packages:/opt/ros/humble/lib/python3.10/site-packages:/opt/ros/humble/local/lib/python3.10/dist-packages'), ('MATE_DESKTOP_SESSION_ID', 'this-is-deprecated'), ('COLCON', '1'), ('MANPATH', '/usr/local/man:/usr/man:/usr/X11/man:/usr/local/man:/share/b/grading/man:/usr/local/man:/usr/man:/usr/X11/man:/usr/local/man:/share/b/grading/man:'), ('VTE_VERSION', '6800'), ('EDITOR', 'emacs'), ('QT_FONT_DPI', '122'), ('CMAKE_PREFIX_PATH', '/home/ff/ee106a/robot_workspaces/ur/install/ur7e_utils:/opt/ros/humble')]), 'shell': False}
[0.108842] (-) TimerEvent: {}
[0.209211] (-) TimerEvent: {}
[0.309574] (-) TimerEvent: {}
[0.409886] (-) TimerEvent: {}
[0.510378] (-) TimerEvent: {}
[0.610814] (-) TimerEvent: {}
[0.711088] (-) TimerEvent: {}
[0.811408] (-) TimerEvent: {}
[0.911732] (-) TimerEvent: {}
[1.012122] (-) TimerEvent: {}
[1.112670] (-) TimerEvent: {}
[1.212980] (-) TimerEvent: {}
[1.307764] (catch_custom_msgs) StdoutLine: {'line': b'[  6%] Built target catch_custom_msgs__cpp\n'}
[1.308455] (catch_custom_msgs) StdoutLine: {'line': b'[ 12%] Built target catch_custom_msgs__rosidl_generator_c\n'}
[1.309074] (catch_custom_msgs) StdoutLine: {'line': b'[ 22%] Built target catch_custom_msgs__rosidl_typesupport_cpp\n'}
[1.309553] (catch_custom_msgs) StdoutLine: {'line': b'[ 22%] Built target ament_cmake_python_copy_catch_custom_msgs\n'}
[1.309587] (catch_custom_msgs) StdoutLine: {'line': b'[ 38%] Built target catch_custom_msgs__rosidl_typesupport_c\n'}
[1.310090] (catch_custom_msgs) StdoutLine: {'line': b'[ 70%] Built target catch_custom_msgs__rosidl_typesupport_fastrtps_cpp\n'}
[1.310499] (catch_custom_msgs) StdoutLine: {'line': b'[ 70%] Built target catch_custom_msgs__rosidl_typesupport_fastrtps_c\n'}
[1.310991] (catch_custom_msgs) StdoutLine: {'line': b'[ 70%] Built target catch_custom_msgs__rosidl_typesupport_introspection_c\n'}
[1.311348] (catch_custom_msgs) StdoutLine: {'line': b'[ 70%] Built target catch_custom_msgs__rosidl_typesupport_introspection_cpp\n'}
[1.311411] (catch_custom_msgs) StdoutLine: {'line': b'[ 70%] Built target catch_custom_msgs\n'}
[1.311923] (catch_custom_msgs) StdoutLine: {'line': b'[ 74%] Built target catch_custom_msgs__py\n'}
[1.312323] (catch_custom_msgs) StdoutLine: {'line': b'[ 80%] Built target catch_custom_msgs__rosidl_generator_py\n'}
[1.312836] (catch_custom_msgs) StdoutLine: {'line': b'[100%] Built target catch_custom_msgs__rosidl_typesupport_introspection_c__pyext\n'}
[1.313213] (-) TimerEvent: {}
[1.313337] (catch_custom_msgs) StdoutLine: {'line': b'[100%] Built target catch_custom_msgs__rosidl_typesupport_fastrtps_c__pyext\n'}
[1.313820] (catch_custom_msgs) StdoutLine: {'line': b'[100%] Built target catch_custom_msgs__rosidl_typesupport_c__pyext\n'}
[1.314242] (catch_custom_msgs) StdoutLine: {'line': b'running egg_info\n'}
[1.314682] (catch_custom_msgs) StdoutLine: {'line': b'writing catch_custom_msgs.egg-info/PKG-INFO\n'}
[1.315204] (catch_custom_msgs) StdoutLine: {'line': b'writing dependency_links to catch_custom_msgs.egg-info/dependency_links.txt\n'}
[1.315265] (catch_custom_msgs) StdoutLine: {'line': b'writing top-level names to catch_custom_msgs.egg-info/top_level.txt\n'}
[1.315778] (catch_custom_msgs) StdoutLine: {'line': b"reading manifest file 'catch_custom_msgs.egg-info/SOURCES.txt'\n"}
[1.317635] (catch_custom_msgs) StdoutLine: {'line': b"writing manifest file 'catch_custom_msgs.egg-info/SOURCES.txt'\n"}
[1.317964] (catch_custom_msgs) StdoutLine: {'line': b'[100%] Built target ament_cmake_python_build_catch_custom_msgs_egg\n'}
[1.318427] (ros2_aruco_interfaces) JobProgress: {'identifier': 'ros2_aruco_interfaces', 'progress': 'cmake'}
[1.318761] (ros2_aruco_interfaces) JobProgress: {'identifier': 'ros2_aruco_interfaces', 'progress': 'build'}
[1.318779] (ros2_aruco_interfaces) Command: {'cmd': ['/usr/bin/cmake', '--build', '/home/cc/ee106a/fa25/class/ee106a-add/106A-CATCH/CATCH/build/ros2_aruco_interfaces', '--', '-j32', '-l32'], 'cwd': '/home/cc/ee106a/fa25/class/ee106a-add/106A-CATCH/CATCH/build/ros2_aruco_interfaces', 'env': OrderedDict([('ARCH', 'x86_64'), ('QT_SCALE_FACTOR', '1'), ('USER', 'ee106a-add'), ('HOSTNAME', 'ros2'), ('XDG_SESSION_TYPE', 'x11'), ('MASTERDIR', '/home/ff/ee106a'), ('COMPIZ_CONFIG_PROFILE', 'mate'), ('XDG_CACHE_HOME', '/home/cc/ee106a/fa25/class/ee106a-add/.cache'), ('SHLVL', '2'), ('LD_LIBRARY_PATH', '/home/ff/ee106a/librealsense/build/Release:/usr/lib/x86_64-linux-gnu/gazebo-11/plugins:/opt/ros/humble/opt/rviz_ogre_vendor/lib:/opt/ros/humble/lib/x86_64-linux-gnu:/opt/ros/humble/lib'), ('HOME', '/home/cc/ee106a/fa25/class/ee106a-add'), ('OLDPWD', '/home/cc/ee106a/fa25/class/ee106a-add'), ('DESKTOP_SESSION', 'mate'), ('ROS_PYTHON_VERSION', '3'), ('GTK_MODULES', 'gail:atk-bridge:appmenu-gtk-module:gail:atk-bridge:canberra-gtk-module'), ('EE106_UR_ROBOT_IP', '192.168.1.100'), ('DISTROBOX_ENTER_PATH', '/usr/local/bin/distrobox-enter'), ('SYSTEMD_EXEC_PID', '765458'), ('NNTPSERVER', 'news.csua.berkeley.edu'), ('VISUAL', 'emacs'), ('XDG_STATE_HOME', '/home/cc/ee106a/fa25/class/ee106a-add/.local/state'), ('DBUS_SESSION_BUS_ADDRESS', 'unix:path=/run/user/90081/bus'), ('COLORTERM', 'truecolor'), ('container', 'podman'), ('UBUNTU_MENUPROXY', '1'), ('QT_QPA_PLATFORMTHEME', 'gtk2'), ('COLCON_PREFIX_PATH', '/home/ff/ee106a/robot_workspaces/ur/install'), ('ROS_DISTRO', 'humble'), ('GTK_IM_MODULE', 'ibus'), ('LOGNAME', 'ee106a-add'), ('MASTER', 'ee106a'), ('WINDOWID', '39856684'), ('ROS_VERSION', '2'), ('XDG_SESSION_CLASS', 'user'), ('TERMINFO_DIRS', '/usr/share/terminfo:/run/host/usr/share/terminfo'), ('USERNAME', 'ee106a-add'), ('TERM', 'xterm-256color'), ('GTK_OVERLAY_SCROLLING', '0'), ('XDG_SESSION_ID', '7300'), ('ROS_LOCALHOST_ONLY', '0'), ('WINDOWPATH', '2'), ('PATH', '/opt/ros/humble/bin:/share/b/grading/bin:/home/ff/ee106a/bin:/home/ff/ee106a/bin/arch/x86_64:/share/b/grading/bin:/home/ff/ee106a/bin:/home/ff/ee106a/bin/arch/x86_64:/usr/local/sbin:/usr/local/bin:/usr/sbin:/usr/bin:/sbin:/bin:/usr/games:/usr/local/games:/snap/bin:/snap/bin:/share/b/grading/bin:/share/b/grading/sbin:/share/b/runas/x86_64:/share/b/bin:/home/ff/ee106a/venvs/all:/usr/local/sbin:/usr/local/bin:/usr/sbin:/usr/bin:/sbin:/bin:/share/b/grading/bin:/share/b/grading/sbin:/share/b/runas/x86_64:/share/b/bin:/home/ff/ee106a/venvs/all'), ('SESSION_MANAGER', 'local/c105-6:@/tmp/.ICE-unix/765526,unix/c105-6:/tmp/.ICE-unix/765526'), ('OS', 'Linux'), ('XDG_RUNTIME_DIR', '/run/user/90081'), ('DISPLAY', ':1'), ('LANG', 'en_US.UTF-8'), ('XDG_CURRENT_DESKTOP', 'MATE'), ('XDG_DATA_HOME', '/home/cc/ee106a/fa25/class/ee106a-add/.local/share'), ('XDG_CONFIG_HOME', '/home/cc/ee106a/fa25/class/ee106a-add/.config'), ('XMODIFIERS', '@im=ibus'), ('XDG_SESSION_DESKTOP', 'mate'), ('XAUTHORITY', '/run/user/90081/gdm/Xauthority'), ('SSH_AUTH_SOCK', '/run/user/90081/keyring/ssh'), ('ROS_DOMAIN_ID', '26'), ('AMENT_PREFIX_PATH', '/home/ff/ee106a/robot_workspaces/ur/install/ur7e_utils:/opt/ros/humble'), ('SHELL', '/usr/bin/bash'), ('QT_ACCESSIBILITY', '1'), ('EE106_UR_ROBOT_NAME', 'baymax'), ('GDMSESSION', 'mate'), ('RUNAS', '/share/b/runas/x86_64'), ('GPG_AGENT_INFO', '/run/user/90081/gnupg/S.gpg-agent:0:1'), ('CONFIG_SHELL', '/usr/bin/ksh'), ('QT_IM_MODULE', 'ibus'), ('PWD', '/home/cc/ee106a/fa25/class/ee106a-add/106A-CATCH/CATCH/build/ros2_aruco_interfaces'), ('EE106_ENV_SETUP', 'ur_ros2'), ('CONTAINER_ID', 'ros2'), ('LC_ALL', 'C.UTF-8'), ('XDG_CONFIG_DIRS', '/etc/xdg/xdg-mate:/etc/xdg'), ('CLUTTER_IM_MODULE', 'ibus'), ('XDG_DATA_DIRS', '/usr/share/mate:/usr/share/mate:/usr/share/gnome:/home/cc/ee106a/fa25/class/ee106a-add/.local/share/flatpak/exports/share:/var/lib/flatpak/exports/share:/usr/local/share/:/usr/share/:/var/lib/snapd/desktop:/usr/local/share:/usr/share'), ('PYTHONPATH', '/home/ff/ee106a/robot_workspaces/ur/install/ur7e_utils/lib/python3.10/site-packages:/opt/ros/humble/lib/python3.10/site-packages:/opt/ros/humble/local/lib/python3.10/dist-packages'), ('MATE_DESKTOP_SESSION_ID', 'this-is-deprecated'), ('COLCON', '1'), ('MANPATH', '/usr/local/man:/usr/man:/usr/X11/man:/usr/local/man:/share/b/grading/man:/usr/local/man:/usr/man:/usr/X11/man:/usr/local/man:/share/b/grading/man:'), ('VTE_VERSION', '6800'), ('EDITOR', 'emacs'), ('QT_FONT_DPI', '122'), ('CMAKE_PREFIX_PATH', '/home/ff/ee106a/robot_workspaces/ur/install/ur7e_utils:/opt/ros/humble')]), 'shell': False}
[1.326114] (catch_custom_msgs) CommandEnded: {'returncode': 0}
[1.326405] (catch_custom_msgs) JobProgress: {'identifier': 'catch_custom_msgs', 'progress': 'install'}
[1.347762] (catch_custom_msgs) Command: {'cmd': ['/usr/bin/cmake', '--install', '/home/cc/ee106a/fa25/class/ee106a-add/106A-CATCH/CATCH/build/catch_custom_msgs'], 'cwd': '/home/cc/ee106a/fa25/class/ee106a-add/106A-CATCH/CATCH/build/catch_custom_msgs', 'env': OrderedDict([('ARCH', 'x86_64'), ('QT_SCALE_FACTOR', '1'), ('USER', 'ee106a-add'), ('HOSTNAME', 'ros2'), ('XDG_SESSION_TYPE', 'x11'), ('MASTERDIR', '/home/ff/ee106a'), ('COMPIZ_CONFIG_PROFILE', 'mate'), ('XDG_CACHE_HOME', '/home/cc/ee106a/fa25/class/ee106a-add/.cache'), ('SHLVL', '2'), ('LD_LIBRARY_PATH', '/home/ff/ee106a/librealsense/build/Release:/usr/lib/x86_64-linux-gnu/gazebo-11/plugins:/opt/ros/humble/opt/rviz_ogre_vendor/lib:/opt/ros/humble/lib/x86_64-linux-gnu:/opt/ros/humble/lib'), ('HOME', '/home/cc/ee106a/fa25/class/ee106a-add'), ('OLDPWD', '/home/cc/ee106a/fa25/class/ee106a-add'), ('DESKTOP_SESSION', 'mate'), ('ROS_PYTHON_VERSION', '3'), ('GTK_MODULES', 'gail:atk-bridge:appmenu-gtk-module:gail:atk-bridge:canberra-gtk-module'), ('EE106_UR_ROBOT_IP', '192.168.1.100'), ('DISTROBOX_ENTER_PATH', '/usr/local/bin/distrobox-enter'), ('SYSTEMD_EXEC_PID', '765458'), ('NNTPSERVER', 'news.csua.berkeley.edu'), ('VISUAL', 'emacs'), ('XDG_STATE_HOME', '/home/cc/ee106a/fa25/class/ee106a-add/.local/state'), ('DBUS_SESSION_BUS_ADDRESS', 'unix:path=/run/user/90081/bus'), ('COLORTERM', 'truecolor'), ('container', 'podman'), ('UBUNTU_MENUPROXY', '1'), ('QT_QPA_PLATFORMTHEME', 'gtk2'), ('COLCON_PREFIX_PATH', '/home/ff/ee106a/robot_workspaces/ur/install'), ('ROS_DISTRO', 'humble'), ('GTK_IM_MODULE', 'ibus'), ('LOGNAME', 'ee106a-add'), ('MASTER', 'ee106a'), ('WINDOWID', '39856684'), ('ROS_VERSION', '2'), ('XDG_SESSION_CLASS', 'user'), ('TERMINFO_DIRS', '/usr/share/terminfo:/run/host/usr/share/terminfo'), ('USERNAME', 'ee106a-add'), ('TERM', 'xterm-256color'), ('GTK_OVERLAY_SCROLLING', '0'), ('XDG_SESSION_ID', '7300'), ('ROS_LOCALHOST_ONLY', '0'), ('WINDOWPATH', '2'), ('PATH', '/opt/ros/humble/bin:/share/b/grading/bin:/home/ff/ee106a/bin:/home/ff/ee106a/bin/arch/x86_64:/share/b/grading/bin:/home/ff/ee106a/bin:/home/ff/ee106a/bin/arch/x86_64:/usr/local/sbin:/usr/local/bin:/usr/sbin:/usr/bin:/sbin:/bin:/usr/games:/usr/local/games:/snap/bin:/snap/bin:/share/b/grading/bin:/share/b/grading/sbin:/share/b/runas/x86_64:/share/b/bin:/home/ff/ee106a/venvs/all:/usr/local/sbin:/usr/local/bin:/usr/sbin:/usr/bin:/sbin:/bin:/share/b/grading/bin:/share/b/grading/sbin:/share/b/runas/x86_64:/share/b/bin:/home/ff/ee106a/venvs/all'), ('SESSION_MANAGER', 'local/c105-6:@/tmp/.ICE-unix/765526,unix/c105-6:/tmp/.ICE-unix/765526'), ('OS', 'Linux'), ('XDG_RUNTIME_DIR', '/run/user/90081'), ('DISPLAY', ':1'), ('LANG', 'en_US.UTF-8'), ('XDG_CURRENT_DESKTOP', 'MATE'), ('XDG_DATA_HOME', '/home/cc/ee106a/fa25/class/ee106a-add/.local/share'), ('XDG_CONFIG_HOME', '/home/cc/ee106a/fa25/class/ee106a-add/.config'), ('XMODIFIERS', '@im=ibus'), ('XDG_SESSION_DESKTOP', 'mate'), ('XAUTHORITY', '/run/user/90081/gdm/Xauthority'), ('SSH_AUTH_SOCK', '/run/user/90081/keyring/ssh'), ('ROS_DOMAIN_ID', '26'), ('AMENT_PREFIX_PATH', '/home/ff/ee106a/robot_workspaces/ur/install/ur7e_utils:/opt/ros/humble'), ('SHELL', '/usr/bin/bash'), ('QT_ACCESSIBILITY', '1'), ('EE106_UR_ROBOT_NAME', 'baymax'), ('GDMSESSION', 'mate'), ('RUNAS', '/share/b/runas/x86_64'), ('GPG_AGENT_INFO', '/run/user/90081/gnupg/S.gpg-agent:0:1'), ('CONFIG_SHELL', '/usr/bin/ksh'), ('QT_IM_MODULE', 'ibus'), ('PWD', '/home/cc/ee106a/fa25/class/ee106a-add/106A-CATCH/CATCH/build/catch_custom_msgs'), ('EE106_ENV_SETUP', 'ur_ros2'), ('CONTAINER_ID', 'ros2'), ('LC_ALL', 'C.UTF-8'), ('XDG_CONFIG_DIRS', '/etc/xdg/xdg-mate:/etc/xdg'), ('CLUTTER_IM_MODULE', 'ibus'), ('XDG_DATA_DIRS', '/usr/share/mate:/usr/share/mate:/usr/share/gnome:/home/cc/ee106a/fa25/class/ee106a-add/.local/share/flatpak/exports/share:/var/lib/flatpak/exports/share:/usr/local/share/:/usr/share/:/var/lib/snapd/desktop:/usr/local/share:/usr/share'), ('PYTHONPATH', '/home/ff/ee106a/robot_workspaces/ur/install/ur7e_utils/lib/python3.10/site-packages:/opt/ros/humble/lib/python3.10/site-packages:/opt/ros/humble/local/lib/python3.10/dist-packages'), ('MATE_DESKTOP_SESSION_ID', 'this-is-deprecated'), ('COLCON', '1'), ('MANPATH', '/usr/local/man:/usr/man:/usr/X11/man:/usr/local/man:/share/b/grading/man:/usr/local/man:/usr/man:/usr/X11/man:/usr/local/man:/share/b/grading/man:'), ('VTE_VERSION', '6800'), ('EDITOR', 'emacs'), ('QT_FONT_DPI', '122'), ('CMAKE_PREFIX_PATH', '/home/ff/ee106a/robot_workspaces/ur/install/ur7e_utils:/opt/ros/humble')]), 'shell': False}
[1.367777] (catch_custom_msgs) StdoutLine: {'line': b'-- Install configuration: ""\n'}
[1.368222] (catch_custom_msgs) StdoutLine: {'line': b'-- Up-to-date: /home/cc/ee106a/fa25/class/ee106a-add/106A-CATCH/CATCH/install/catch_custom_msgs/share/ament_index/resource_index/rosidl_interfaces/catch_custom_msgs\n'}
[1.369643] (catch_custom_msgs) StdoutLine: {'line': b'-- Up-to-date: /home/cc/ee106a/fa25/class/ee106a-add/106A-CATCH/CATCH/install/catch_custom_msgs/include/catch_custom_msgs/catch_custom_msgs\n'}
[1.369741] (catch_custom_msgs) StdoutLine: {'line': b'-- Up-to-date: /home/cc/ee106a/fa25/class/ee106a-add/106A-CATCH/CATCH/install/catch_custom_msgs/include/catch_custom_msgs/catch_custom_msgs/msg\n'}
[1.369817] (catch_custom_msgs) StdoutLine: {'line': b'-- Up-to-date: /home/cc/ee106a/fa25/class/ee106a-add/106A-CATCH/CATCH/install/catch_custom_msgs/include/catch_custom_msgs/catch_custom_msgs/msg/point_vel.h\n'}
[1.370251] (catch_custom_msgs) StdoutLine: {'line': b'-- Up-to-date: /home/cc/ee106a/fa25/class/ee106a-add/106A-CATCH/CATCH/install/catch_custom_msgs/include/catch_custom_msgs/catch_custom_msgs/msg/rosidl_generator_c__visibility_control.h\n'}
[1.370314] (catch_custom_msgs) StdoutLine: {'line': b'-- Up-to-date: /home/cc/ee106a/fa25/class/ee106a-add/106A-CATCH/CATCH/install/catch_custom_msgs/include/catch_custom_msgs/catch_custom_msgs/msg/detail\n'}
[1.371172] (catch_custom_msgs) StdoutLine: {'line': b'-- Up-to-date: /home/cc/ee106a/fa25/class/ee106a-add/106A-CATCH/CATCH/install/catch_custom_msgs/include/catch_custom_msgs/catch_custom_msgs/msg/detail/point_vel__functions.c\n'}
[1.372112] (catch_custom_msgs) StdoutLine: {'line': b'-- Up-to-date: /home/cc/ee106a/fa25/class/ee106a-add/106A-CATCH/CATCH/install/catch_custom_msgs/include/catch_custom_msgs/catch_custom_msgs/msg/detail/point_vel__functions.h\n'}
[1.372817] (catch_custom_msgs) StdoutLine: {'line': b'-- Up-to-date: /home/cc/ee106a/fa25/class/ee106a-add/106A-CATCH/CATCH/install/catch_custom_msgs/include/catch_custom_msgs/catch_custom_msgs/msg/detail/point_vel__struct.h\n'}
[1.373486] (catch_custom_msgs) StdoutLine: {'line': b'-- Up-to-date: /home/cc/ee106a/fa25/class/ee106a-add/106A-CATCH/CATCH/install/catch_custom_msgs/include/catch_custom_msgs/catch_custom_msgs/msg/detail/point_vel__type_support.h\n'}
[1.375490] (catch_custom_msgs) StdoutLine: {'line': b'-- Up-to-date: /home/cc/ee106a/fa25/class/ee106a-add/106A-CATCH/CATCH/install/catch_custom_msgs/share/catch_custom_msgs/environment/library_path.sh\n'}
[1.378169] (catch_custom_msgs) StdoutLine: {'line': b'-- Up-to-date: /home/cc/ee106a/fa25/class/ee106a-add/106A-CATCH/CATCH/install/catch_custom_msgs/share/catch_custom_msgs/environment/library_path.dsv\n'}
[1.378957] (catch_custom_msgs) StdoutLine: {'line': b'-- Up-to-date: /home/cc/ee106a/fa25/class/ee106a-add/106A-CATCH/CATCH/install/catch_custom_msgs/lib/libcatch_custom_msgs__rosidl_generator_c.so\n'}
[1.381852] (catch_custom_msgs) StdoutLine: {'line': b'-- Up-to-date: /home/cc/ee106a/fa25/class/ee106a-add/106A-CATCH/CATCH/install/catch_custom_msgs/include/catch_custom_msgs/catch_custom_msgs\n'}
[1.383123] (catch_custom_msgs) StdoutLine: {'line': b'-- Up-to-date: /home/cc/ee106a/fa25/class/ee106a-add/106A-CATCH/CATCH/install/catch_custom_msgs/include/catch_custom_msgs/catch_custom_msgs/msg\n'}
[1.384573] (catch_custom_msgs) StdoutLine: {'line': b'-- Up-to-date: /home/cc/ee106a/fa25/class/ee106a-add/106A-CATCH/CATCH/install/catch_custom_msgs/include/catch_custom_msgs/catch_custom_msgs/msg/detail\n'}
[1.385841] (catch_custom_msgs) StdoutLine: {'line': b'-- Up-to-date: /home/cc/ee106a/fa25/class/ee106a-add/106A-CATCH/CATCH/install/catch_custom_msgs/include/catch_custom_msgs/catch_custom_msgs/msg/detail/point_vel__rosidl_typesupport_fastrtps_c.h\n'}
[1.386578] (catch_custom_msgs) StdoutLine: {'line': b'-- Up-to-date: /home/cc/ee106a/fa25/class/ee106a-add/106A-CATCH/CATCH/install/catch_custom_msgs/include/catch_custom_msgs/catch_custom_msgs/msg/rosidl_typesupport_fastrtps_c__visibility_control.h\n'}
[1.388330] (catch_custom_msgs) StdoutLine: {'line': b'-- Up-to-date: /home/cc/ee106a/fa25/class/ee106a-add/106A-CATCH/CATCH/install/catch_custom_msgs/lib/libcatch_custom_msgs__rosidl_typesupport_fastrtps_c.so\n'}
[1.393189] (catch_custom_msgs) StdoutLine: {'line': b'-- Up-to-date: /home/cc/ee106a/fa25/class/ee106a-add/106A-CATCH/CATCH/install/catch_custom_msgs/include/catch_custom_msgs/catch_custom_msgs\n'}
[1.395688] (catch_custom_msgs) StdoutLine: {'line': b'-- Up-to-date: /home/cc/ee106a/fa25/class/ee106a-add/106A-CATCH/CATCH/install/catch_custom_msgs/include/catch_custom_msgs/catch_custom_msgs/msg\n'}
[1.397384] (catch_custom_msgs) StdoutLine: {'line': b'-- Up-to-date: /home/cc/ee106a/fa25/class/ee106a-add/106A-CATCH/CATCH/install/catch_custom_msgs/include/catch_custom_msgs/catch_custom_msgs/msg/detail\n'}
[1.398716] (catch_custom_msgs) StdoutLine: {'line': b'-- Up-to-date: /home/cc/ee106a/fa25/class/ee106a-add/106A-CATCH/CATCH/install/catch_custom_msgs/include/catch_custom_msgs/catch_custom_msgs/msg/detail/point_vel__rosidl_typesupport_introspection_c.h\n'}
[1.399495] (catch_custom_msgs) StdoutLine: {'line': b'-- Up-to-date: /home/cc/ee106a/fa25/class/ee106a-add/106A-CATCH/CATCH/install/catch_custom_msgs/include/catch_custom_msgs/catch_custom_msgs/msg/detail/point_vel__type_support.c\n'}
[1.400348] (catch_custom_msgs) StdoutLine: {'line': b'-- Up-to-date: /home/cc/ee106a/fa25/class/ee106a-add/106A-CATCH/CATCH/install/catch_custom_msgs/include/catch_custom_msgs/catch_custom_msgs/msg/rosidl_typesupport_introspection_c__visibility_control.h\n'}
[1.402530] (catch_custom_msgs) StdoutLine: {'line': b'-- Up-to-date: /home/cc/ee106a/fa25/class/ee106a-add/106A-CATCH/CATCH/install/catch_custom_msgs/lib/libcatch_custom_msgs__rosidl_typesupport_introspection_c.so\n'}
[1.406325] (catch_custom_msgs) StdoutLine: {'line': b'-- Up-to-date: /home/cc/ee106a/fa25/class/ee106a-add/106A-CATCH/CATCH/install/catch_custom_msgs/lib/libcatch_custom_msgs__rosidl_typesupport_c.so\n'}
[1.408671] (catch_custom_msgs) StdoutLine: {'line': b'-- Up-to-date: /home/cc/ee106a/fa25/class/ee106a-add/106A-CATCH/CATCH/install/catch_custom_msgs/include/catch_custom_msgs/catch_custom_msgs\n'}
[1.410748] (catch_custom_msgs) StdoutLine: {'line': b'-- Up-to-date: /home/cc/ee106a/fa25/class/ee106a-add/106A-CATCH/CATCH/install/catch_custom_msgs/include/catch_custom_msgs/catch_custom_msgs/msg\n'}
[1.413344] (catch_custom_msgs) StdoutLine: {'line': b'-- Up-to-date: /home/cc/ee106a/fa25/class/ee106a-add/106A-CATCH/CATCH/install/catch_custom_msgs/include/catch_custom_msgs/catch_custom_msgs/msg/point_vel.hpp\n'}
[1.413974] (-) TimerEvent: {}
[1.414301] (catch_custom_msgs) StdoutLine: {'line': b'-- Up-to-date: /home/cc/ee106a/fa25/class/ee106a-add/106A-CATCH/CATCH/install/catch_custom_msgs/include/catch_custom_msgs/catch_custom_msgs/msg/rosidl_generator_cpp__visibility_control.hpp\n'}
[1.414779] (catch_custom_msgs) StdoutLine: {'line': b'-- Up-to-date: /home/cc/ee106a/fa25/class/ee106a-add/106A-CATCH/CATCH/install/catch_custom_msgs/include/catch_custom_msgs/catch_custom_msgs/msg/detail\n'}
[1.417306] (catch_custom_msgs) StdoutLine: {'line': b'-- Up-to-date: /home/cc/ee106a/fa25/class/ee106a-add/106A-CATCH/CATCH/install/catch_custom_msgs/include/catch_custom_msgs/catch_custom_msgs/msg/detail/point_vel__builder.hpp\n'}
[1.418269] (catch_custom_msgs) StdoutLine: {'line': b'-- Up-to-date: /home/cc/ee106a/fa25/class/ee106a-add/106A-CATCH/CATCH/install/catch_custom_msgs/include/catch_custom_msgs/catch_custom_msgs/msg/detail/point_vel__struct.hpp\n'}
[1.418913] (catch_custom_msgs) StdoutLine: {'line': b'-- Up-to-date: /home/cc/ee106a/fa25/class/ee106a-add/106A-CATCH/CATCH/install/catch_custom_msgs/include/catch_custom_msgs/catch_custom_msgs/msg/detail/point_vel__traits.hpp\n'}
[1.419725] (catch_custom_msgs) StdoutLine: {'line': b'-- Up-to-date: /home/cc/ee106a/fa25/class/ee106a-add/106A-CATCH/CATCH/install/catch_custom_msgs/include/catch_custom_msgs/catch_custom_msgs/msg/detail/point_vel__type_support.hpp\n'}
[1.420621] (catch_custom_msgs) StdoutLine: {'line': b'-- Up-to-date: /home/cc/ee106a/fa25/class/ee106a-add/106A-CATCH/CATCH/install/catch_custom_msgs/include/catch_custom_msgs/catch_custom_msgs\n'}
[1.421655] (catch_custom_msgs) StdoutLine: {'line': b'-- Up-to-date: /home/cc/ee106a/fa25/class/ee106a-add/106A-CATCH/CATCH/install/catch_custom_msgs/include/catch_custom_msgs/catch_custom_msgs/msg\n'}
[1.423084] (catch_custom_msgs) StdoutLine: {'line': b'-- Up-to-date: /home/cc/ee106a/fa25/class/ee106a-add/106A-CATCH/CATCH/install/catch_custom_msgs/include/catch_custom_msgs/catch_custom_msgs/msg/detail\n'}
[1.424685] (catch_custom_msgs) StdoutLine: {'line': b'-- Up-to-date: /home/cc/ee106a/fa25/class/ee106a-add/106A-CATCH/CATCH/install/catch_custom_msgs/include/catch_custom_msgs/catch_custom_msgs/msg/detail/point_vel__rosidl_typesupport_fastrtps_cpp.hpp\n'}
[1.425584] (catch_custom_msgs) StdoutLine: {'line': b'-- Up-to-date: /home/cc/ee106a/fa25/class/ee106a-add/106A-CATCH/CATCH/install/catch_custom_msgs/include/catch_custom_msgs/catch_custom_msgs/msg/detail/dds_fastrtps\n'}
[1.426988] (catch_custom_msgs) StdoutLine: {'line': b'-- Up-to-date: /home/cc/ee106a/fa25/class/ee106a-add/106A-CATCH/CATCH/install/catch_custom_msgs/include/catch_custom_msgs/catch_custom_msgs/msg/rosidl_typesupport_fastrtps_cpp__visibility_control.h\n'}
[1.429594] (catch_custom_msgs) StdoutLine: {'line': b'-- Up-to-date: /home/cc/ee106a/fa25/class/ee106a-add/106A-CATCH/CATCH/install/catch_custom_msgs/lib/libcatch_custom_msgs__rosidl_typesupport_fastrtps_cpp.so\n'}
[1.434771] (catch_custom_msgs) StdoutLine: {'line': b'-- Up-to-date: /home/cc/ee106a/fa25/class/ee106a-add/106A-CATCH/CATCH/install/catch_custom_msgs/include/catch_custom_msgs/catch_custom_msgs\n'}
[1.436681] (catch_custom_msgs) StdoutLine: {'line': b'-- Up-to-date: /home/cc/ee106a/fa25/class/ee106a-add/106A-CATCH/CATCH/install/catch_custom_msgs/include/catch_custom_msgs/catch_custom_msgs/msg\n'}
[1.438027] (catch_custom_msgs) StdoutLine: {'line': b'-- Up-to-date: /home/cc/ee106a/fa25/class/ee106a-add/106A-CATCH/CATCH/install/catch_custom_msgs/include/catch_custom_msgs/catch_custom_msgs/msg/detail\n'}
[1.439458] (catch_custom_msgs) StdoutLine: {'line': b'-- Up-to-date: /home/cc/ee106a/fa25/class/ee106a-add/106A-CATCH/CATCH/install/catch_custom_msgs/include/catch_custom_msgs/catch_custom_msgs/msg/detail/point_vel__rosidl_typesupport_introspection_cpp.hpp\n'}
[1.440275] (catch_custom_msgs) StdoutLine: {'line': b'-- Up-to-date: /home/cc/ee106a/fa25/class/ee106a-add/106A-CATCH/CATCH/install/catch_custom_msgs/include/catch_custom_msgs/catch_custom_msgs/msg/detail/point_vel__type_support.cpp\n'}
[1.442378] (catch_custom_msgs) StdoutLine: {'line': b'-- Up-to-date: /home/cc/ee106a/fa25/class/ee106a-add/106A-CATCH/CATCH/install/catch_custom_msgs/lib/libcatch_custom_msgs__rosidl_typesupport_introspection_cpp.so\n'}
[1.449393] (catch_custom_msgs) StdoutLine: {'line': b'-- Up-to-date: /home/cc/ee106a/fa25/class/ee106a-add/106A-CATCH/CATCH/install/catch_custom_msgs/lib/libcatch_custom_msgs__rosidl_typesupport_cpp.so\n'}
[1.452741] (catch_custom_msgs) StdoutLine: {'line': b'-- Up-to-date: /home/cc/ee106a/fa25/class/ee106a-add/106A-CATCH/CATCH/install/catch_custom_msgs/share/catch_custom_msgs/environment/pythonpath.sh\n'}
[1.454139] (catch_custom_msgs) StdoutLine: {'line': b'-- Up-to-date: /home/cc/ee106a/fa25/class/ee106a-add/106A-CATCH/CATCH/install/catch_custom_msgs/share/catch_custom_msgs/environment/pythonpath.dsv\n'}
[1.456082] (catch_custom_msgs) StdoutLine: {'line': b'-- Up-to-date: /home/cc/ee106a/fa25/class/ee106a-add/106A-CATCH/CATCH/install/catch_custom_msgs/local/lib/python3.10/dist-packages/catch_custom_msgs-0.0.0-py3.10.egg-info\n'}
[1.457651] (catch_custom_msgs) StdoutLine: {'line': b'-- Installing: /home/cc/ee106a/fa25/class/ee106a-add/106A-CATCH/CATCH/install/catch_custom_msgs/local/lib/python3.10/dist-packages/catch_custom_msgs-0.0.0-py3.10.egg-info/PKG-INFO\n'}
[1.476531] (catch_custom_msgs) StdoutLine: {'line': b'-- Installing: /home/cc/ee106a/fa25/class/ee106a-add/106A-CATCH/CATCH/install/catch_custom_msgs/local/lib/python3.10/dist-packages/catch_custom_msgs-0.0.0-py3.10.egg-info/dependency_links.txt\n'}
[1.482908] (catch_custom_msgs) StdoutLine: {'line': b'-- Installing: /home/cc/ee106a/fa25/class/ee106a-add/106A-CATCH/CATCH/install/catch_custom_msgs/local/lib/python3.10/dist-packages/catch_custom_msgs-0.0.0-py3.10.egg-info/top_level.txt\n'}
[1.489281] (catch_custom_msgs) StdoutLine: {'line': b'-- Installing: /home/cc/ee106a/fa25/class/ee106a-add/106A-CATCH/CATCH/install/catch_custom_msgs/local/lib/python3.10/dist-packages/catch_custom_msgs-0.0.0-py3.10.egg-info/SOURCES.txt\n'}
[1.498401] (catch_custom_msgs) StdoutLine: {'line': b'-- Up-to-date: /home/cc/ee106a/fa25/class/ee106a-add/106A-CATCH/CATCH/install/catch_custom_msgs/local/lib/python3.10/dist-packages/catch_custom_msgs\n'}
[1.499952] (catch_custom_msgs) StdoutLine: {'line': b'-- Up-to-date: /home/cc/ee106a/fa25/class/ee106a-add/106A-CATCH/CATCH/install/catch_custom_msgs/local/lib/python3.10/dist-packages/catch_custom_msgs/__init__.py\n'}
[1.500993] (catch_custom_msgs) StdoutLine: {'line': b'-- Up-to-date: /home/cc/ee106a/fa25/class/ee106a-add/106A-CATCH/CATCH/install/catch_custom_msgs/local/lib/python3.10/dist-packages/catch_custom_msgs/msg\n'}
[1.502617] (catch_custom_msgs) StdoutLine: {'line': b'-- Up-to-date: /home/cc/ee106a/fa25/class/ee106a-add/106A-CATCH/CATCH/install/catch_custom_msgs/local/lib/python3.10/dist-packages/catch_custom_msgs/msg/_point_vel.py\n'}
[1.503423] (catch_custom_msgs) StdoutLine: {'line': b'-- Up-to-date: /home/cc/ee106a/fa25/class/ee106a-add/106A-CATCH/CATCH/install/catch_custom_msgs/local/lib/python3.10/dist-packages/catch_custom_msgs/msg/_point_vel_s.c\n'}
[1.504525] (catch_custom_msgs) StdoutLine: {'line': b'-- Up-to-date: /home/cc/ee106a/fa25/class/ee106a-add/106A-CATCH/CATCH/install/catch_custom_msgs/local/lib/python3.10/dist-packages/catch_custom_msgs/msg/__init__.py\n'}
[1.505301] (catch_custom_msgs) StdoutLine: {'line': b'-- Up-to-date: /home/cc/ee106a/fa25/class/ee106a-add/106A-CATCH/CATCH/install/catch_custom_msgs/local/lib/python3.10/dist-packages/catch_custom_msgs/_catch_custom_msgs_s.ep.rosidl_typesupport_fastrtps_c.c\n'}
[1.506093] (catch_custom_msgs) StdoutLine: {'line': b'-- Up-to-date: /home/cc/ee106a/fa25/class/ee106a-add/106A-CATCH/CATCH/install/catch_custom_msgs/local/lib/python3.10/dist-packages/catch_custom_msgs/_catch_custom_msgs_s.ep.rosidl_typesupport_introspection_c.c\n'}
[1.506737] (catch_custom_msgs) StdoutLine: {'line': b'-- Up-to-date: /home/cc/ee106a/fa25/class/ee106a-add/106A-CATCH/CATCH/install/catch_custom_msgs/local/lib/python3.10/dist-packages/catch_custom_msgs/_catch_custom_msgs_s.ep.rosidl_typesupport_c.c\n'}
[1.507574] (catch_custom_msgs) StdoutLine: {'line': b'-- Up-to-date: /home/cc/ee106a/fa25/class/ee106a-add/106A-CATCH/CATCH/install/catch_custom_msgs/local/lib/python3.10/dist-packages/catch_custom_msgs/libcatch_custom_msgs__rosidl_generator_py.so\n'}
[1.508350] (catch_custom_msgs) StdoutLine: {'line': b'-- Up-to-date: /home/cc/ee106a/fa25/class/ee106a-add/106A-CATCH/CATCH/install/catch_custom_msgs/local/lib/python3.10/dist-packages/catch_custom_msgs/catch_custom_msgs_s__rosidl_typesupport_c.cpython-310-x86_64-linux-gnu.so\n'}
[1.509014] (catch_custom_msgs) StdoutLine: {'line': b'-- Up-to-date: /home/cc/ee106a/fa25/class/ee106a-add/106A-CATCH/CATCH/install/catch_custom_msgs/local/lib/python3.10/dist-packages/catch_custom_msgs/catch_custom_msgs_s__rosidl_typesupport_fastrtps_c.cpython-310-x86_64-linux-gnu.so\n'}
[1.509645] (catch_custom_msgs) StdoutLine: {'line': b'-- Up-to-date: /home/cc/ee106a/fa25/class/ee106a-add/106A-CATCH/CATCH/install/catch_custom_msgs/local/lib/python3.10/dist-packages/catch_custom_msgs/catch_custom_msgs_s__rosidl_typesupport_introspection_c.cpython-310-x86_64-linux-gnu.so\n'}
[1.514044] (-) TimerEvent: {}
[1.519536] (ros2_aruco_interfaces) StdoutLine: {'line': b'[  3%] Built target ros2_aruco_interfaces__cpp\n'}
[1.539978] (ros2_aruco_interfaces) StdoutLine: {'line': b'[ 12%] Built target ros2_aruco_interfaces__rosidl_generator_c\n'}
[1.576087] (catch_custom_msgs) StdoutLine: {'line': b"Listing '/home/cc/ee106a/fa25/class/ee106a-add/106A-CATCH/CATCH/install/catch_custom_msgs/local/lib/python3.10/dist-packages/catch_custom_msgs'...\n"}
[1.576265] (catch_custom_msgs) StdoutLine: {'line': b"Listing '/home/cc/ee106a/fa25/class/ee106a-add/106A-CATCH/CATCH/install/catch_custom_msgs/local/lib/python3.10/dist-packages/catch_custom_msgs/msg'...\n"}
[1.582855] (catch_custom_msgs) StdoutLine: {'line': b'-- Up-to-date: /home/cc/ee106a/fa25/class/ee106a-add/106A-CATCH/CATCH/install/catch_custom_msgs/local/lib/python3.10/dist-packages/catch_custom_msgs/catch_custom_msgs_s__rosidl_typesupport_fastrtps_c.cpython-310-x86_64-linux-gnu.so\n'}
[1.592655] (catch_custom_msgs) StdoutLine: {'line': b'-- Up-to-date: /home/cc/ee106a/fa25/class/ee106a-add/106A-CATCH/CATCH/install/catch_custom_msgs/local/lib/python3.10/dist-packages/catch_custom_msgs/catch_custom_msgs_s__rosidl_typesupport_introspection_c.cpython-310-x86_64-linux-gnu.so\n'}
[1.601890] (catch_custom_msgs) StdoutLine: {'line': b'-- Up-to-date: /home/cc/ee106a/fa25/class/ee106a-add/106A-CATCH/CATCH/install/catch_custom_msgs/local/lib/python3.10/dist-packages/catch_custom_msgs/catch_custom_msgs_s__rosidl_typesupport_c.cpython-310-x86_64-linux-gnu.so\n'}
[1.606468] (catch_custom_msgs) StdoutLine: {'line': b'-- Up-to-date: /home/cc/ee106a/fa25/class/ee106a-add/106A-CATCH/CATCH/install/catch_custom_msgs/lib/libcatch_custom_msgs__rosidl_generator_py.so\n'}
[1.610312] (catch_custom_msgs) StdoutLine: {'line': b'-- Up-to-date: /home/cc/ee106a/fa25/class/ee106a-add/106A-CATCH/CATCH/install/catch_custom_msgs/share/catch_custom_msgs/msg/PointVel.idl\n'}
[1.611463] (catch_custom_msgs) StdoutLine: {'line': b'-- Up-to-date: /home/cc/ee106a/fa25/class/ee106a-add/106A-CATCH/CATCH/install/catch_custom_msgs/share/catch_custom_msgs/msg/PointVel.msg\n'}
[1.612554] (catch_custom_msgs) StdoutLine: {'line': b'-- Up-to-date: /home/cc/ee106a/fa25/class/ee106a-add/106A-CATCH/CATCH/install/catch_custom_msgs/share/ament_index/resource_index/package_run_dependencies/catch_custom_msgs\n'}
[1.613497] (catch_custom_msgs) StdoutLine: {'line': b'-- Up-to-date: /home/cc/ee106a/fa25/class/ee106a-add/106A-CATCH/CATCH/install/catch_custom_msgs/share/ament_index/resource_index/parent_prefix_path/catch_custom_msgs\n'}
[1.614101] (-) TimerEvent: {}
[1.614364] (catch_custom_msgs) StdoutLine: {'line': b'-- Up-to-date: /home/cc/ee106a/fa25/class/ee106a-add/106A-CATCH/CATCH/install/catch_custom_msgs/share/catch_custom_msgs/environment/ament_prefix_path.sh\n'}
[1.615839] (catch_custom_msgs) StdoutLine: {'line': b'-- Up-to-date: /home/cc/ee106a/fa25/class/ee106a-add/106A-CATCH/CATCH/install/catch_custom_msgs/share/catch_custom_msgs/environment/ament_prefix_path.dsv\n'}
[1.616703] (catch_custom_msgs) StdoutLine: {'line': b'-- Up-to-date: /home/cc/ee106a/fa25/class/ee106a-add/106A-CATCH/CATCH/install/catch_custom_msgs/share/catch_custom_msgs/environment/path.sh\n'}
[1.617968] (catch_custom_msgs) StdoutLine: {'line': b'-- Up-to-date: /home/cc/ee106a/fa25/class/ee106a-add/106A-CATCH/CATCH/install/catch_custom_msgs/share/catch_custom_msgs/environment/path.dsv\n'}
[1.618791] (catch_custom_msgs) StdoutLine: {'line': b'-- Up-to-date: /home/cc/ee106a/fa25/class/ee106a-add/106A-CATCH/CATCH/install/catch_custom_msgs/share/catch_custom_msgs/local_setup.bash\n'}
[1.619531] (catch_custom_msgs) StdoutLine: {'line': b'-- Up-to-date: /home/cc/ee106a/fa25/class/ee106a-add/106A-CATCH/CATCH/install/catch_custom_msgs/share/catch_custom_msgs/local_setup.sh\n'}
[1.620510] (catch_custom_msgs) StdoutLine: {'line': b'-- Up-to-date: /home/cc/ee106a/fa25/class/ee106a-add/106A-CATCH/CATCH/install/catch_custom_msgs/share/catch_custom_msgs/local_setup.zsh\n'}
[1.622616] (catch_custom_msgs) StdoutLine: {'line': b'-- Up-to-date: /home/cc/ee106a/fa25/class/ee106a-add/106A-CATCH/CATCH/install/catch_custom_msgs/share/catch_custom_msgs/local_setup.dsv\n'}
[1.623713] (catch_custom_msgs) StdoutLine: {'line': b'-- Installing: /home/cc/ee106a/fa25/class/ee106a-add/106A-CATCH/CATCH/install/catch_custom_msgs/share/catch_custom_msgs/package.dsv\n'}
[1.638616] (catch_custom_msgs) StdoutLine: {'line': b'-- Up-to-date: /home/cc/ee106a/fa25/class/ee106a-add/106A-CATCH/CATCH/install/catch_custom_msgs/share/ament_index/resource_index/packages/catch_custom_msgs\n'}
[1.639306] (ros2_aruco_interfaces) StdoutLine: {'line': b'[ 41%] Built target ros2_aruco_interfaces__rosidl_typesupport_cpp\n'}
[1.639792] (ros2_aruco_interfaces) StdoutLine: {'line': b'[ 41%] Built target ros2_aruco_interfaces__rosidl_typesupport_fastrtps_cpp\n'}
[1.639830] (ros2_aruco_interfaces) StdoutLine: {'line': b'[ 41%] Built target ros2_aruco_interfaces__rosidl_typesupport_introspection_cpp\n'}
[1.642484] (catch_custom_msgs) StdoutLine: {'line': b'-- Up-to-date: /home/cc/ee106a/fa25/class/ee106a-add/106A-CATCH/CATCH/install/catch_custom_msgs/share/catch_custom_msgs/cmake/export_catch_custom_msgs__rosidl_generator_cExport.cmake\n'}
[1.643789] (catch_custom_msgs) StdoutLine: {'line': b'-- Up-to-date: /home/cc/ee106a/fa25/class/ee106a-add/106A-CATCH/CATCH/install/catch_custom_msgs/share/catch_custom_msgs/cmake/export_catch_custom_msgs__rosidl_generator_cExport-noconfig.cmake\n'}
[1.646385] (catch_custom_msgs) StdoutLine: {'line': b'-- Up-to-date: /home/cc/ee106a/fa25/class/ee106a-add/106A-CATCH/CATCH/install/catch_custom_msgs/share/catch_custom_msgs/cmake/export_catch_custom_msgs__rosidl_typesupport_fastrtps_cExport.cmake\n'}
[1.647514] (catch_custom_msgs) StdoutLine: {'line': b'-- Up-to-date: /home/cc/ee106a/fa25/class/ee106a-add/106A-CATCH/CATCH/install/catch_custom_msgs/share/catch_custom_msgs/cmake/export_catch_custom_msgs__rosidl_typesupport_fastrtps_cExport-noconfig.cmake\n'}
[1.647763] (ros2_aruco_interfaces) StdoutLine: {'line': b'[ 41%] Built target ament_cmake_python_copy_ros2_aruco_interfaces\n'}
[1.651221] (catch_custom_msgs) StdoutLine: {'line': b'-- Up-to-date: /home/cc/ee106a/fa25/class/ee106a-add/106A-CATCH/CATCH/install/catch_custom_msgs/share/catch_custom_msgs/cmake/catch_custom_msgs__rosidl_typesupport_introspection_cExport.cmake\n'}
[1.652503] (catch_custom_msgs) StdoutLine: {'line': b'-- Up-to-date: /home/cc/ee106a/fa25/class/ee106a-add/106A-CATCH/CATCH/install/catch_custom_msgs/share/catch_custom_msgs/cmake/catch_custom_msgs__rosidl_typesupport_introspection_cExport-noconfig.cmake\n'}
[1.659273] (catch_custom_msgs) StdoutLine: {'line': b'-- Up-to-date: /home/cc/ee106a/fa25/class/ee106a-add/106A-CATCH/CATCH/install/catch_custom_msgs/share/catch_custom_msgs/cmake/catch_custom_msgs__rosidl_typesupport_cExport.cmake\n'}
[1.660780] (catch_custom_msgs) StdoutLine: {'line': b'-- Up-to-date: /home/cc/ee106a/fa25/class/ee106a-add/106A-CATCH/CATCH/install/catch_custom_msgs/share/catch_custom_msgs/cmake/catch_custom_msgs__rosidl_typesupport_cExport-noconfig.cmake\n'}
[1.662455] (ros2_aruco_interfaces) StdoutLine: {'line': b'[ 70%] Built target ros2_aruco_interfaces__rosidl_typesupport_c\n'}
[1.662899] (ros2_aruco_interfaces) StdoutLine: {'line': b'[ 70%] Built target ros2_aruco_interfaces__rosidl_typesupport_introspection_c\n'}
[1.663195] (ros2_aruco_interfaces) StdoutLine: {'line': b'[ 70%] Built target ros2_aruco_interfaces__rosidl_typesupport_fastrtps_c\n'}
[1.663669] (catch_custom_msgs) StdoutLine: {'line': b'-- Up-to-date: /home/cc/ee106a/fa25/class/ee106a-add/106A-CATCH/CATCH/install/catch_custom_msgs/share/catch_custom_msgs/cmake/export_catch_custom_msgs__rosidl_generator_cppExport.cmake\n'}
[1.666222] (catch_custom_msgs) StdoutLine: {'line': b'-- Up-to-date: /home/cc/ee106a/fa25/class/ee106a-add/106A-CATCH/CATCH/install/catch_custom_msgs/share/catch_custom_msgs/cmake/export_catch_custom_msgs__rosidl_typesupport_fastrtps_cppExport.cmake\n'}
[1.667638] (catch_custom_msgs) StdoutLine: {'line': b'-- Up-to-date: /home/cc/ee106a/fa25/class/ee106a-add/106A-CATCH/CATCH/install/catch_custom_msgs/share/catch_custom_msgs/cmake/export_catch_custom_msgs__rosidl_typesupport_fastrtps_cppExport-noconfig.cmake\n'}
[1.671844] (catch_custom_msgs) StdoutLine: {'line': b'-- Up-to-date: /home/cc/ee106a/fa25/class/ee106a-add/106A-CATCH/CATCH/install/catch_custom_msgs/share/catch_custom_msgs/cmake/catch_custom_msgs__rosidl_typesupport_introspection_cppExport.cmake\n'}
[1.673960] (catch_custom_msgs) StdoutLine: {'line': b'-- Up-to-date: /home/cc/ee106a/fa25/class/ee106a-add/106A-CATCH/CATCH/install/catch_custom_msgs/share/catch_custom_msgs/cmake/catch_custom_msgs__rosidl_typesupport_introspection_cppExport-noconfig.cmake\n'}
[1.676751] (catch_custom_msgs) StdoutLine: {'line': b'-- Up-to-date: /home/cc/ee106a/fa25/class/ee106a-add/106A-CATCH/CATCH/install/catch_custom_msgs/share/catch_custom_msgs/cmake/catch_custom_msgs__rosidl_typesupport_cppExport.cmake\n'}
[1.678240] (catch_custom_msgs) StdoutLine: {'line': b'-- Up-to-date: /home/cc/ee106a/fa25/class/ee106a-add/106A-CATCH/CATCH/install/catch_custom_msgs/share/catch_custom_msgs/cmake/catch_custom_msgs__rosidl_typesupport_cppExport-noconfig.cmake\n'}
[1.680970] (catch_custom_msgs) StdoutLine: {'line': b'-- Up-to-date: /home/cc/ee106a/fa25/class/ee106a-add/106A-CATCH/CATCH/install/catch_custom_msgs/share/catch_custom_msgs/cmake/export_catch_custom_msgs__rosidl_generator_pyExport.cmake\n'}
[1.682250] (catch_custom_msgs) StdoutLine: {'line': b'-- Up-to-date: /home/cc/ee106a/fa25/class/ee106a-add/106A-CATCH/CATCH/install/catch_custom_msgs/share/catch_custom_msgs/cmake/export_catch_custom_msgs__rosidl_generator_pyExport-noconfig.cmake\n'}
[1.683192] (catch_custom_msgs) StdoutLine: {'line': b'-- Up-to-date: /home/cc/ee106a/fa25/class/ee106a-add/106A-CATCH/CATCH/install/catch_custom_msgs/share/catch_custom_msgs/cmake/rosidl_cmake-extras.cmake\n'}
[1.684099] (catch_custom_msgs) StdoutLine: {'line': b'-- Up-to-date: /home/cc/ee106a/fa25/class/ee106a-add/106A-CATCH/CATCH/install/catch_custom_msgs/share/catch_custom_msgs/cmake/ament_cmake_export_dependencies-extras.cmake\n'}
[1.684745] (catch_custom_msgs) StdoutLine: {'line': b'-- Up-to-date: /home/cc/ee106a/fa25/class/ee106a-add/106A-CATCH/CATCH/install/catch_custom_msgs/share/catch_custom_msgs/cmake/ament_cmake_export_include_directories-extras.cmake\n'}
[1.685420] (catch_custom_msgs) StdoutLine: {'line': b'-- Up-to-date: /home/cc/ee106a/fa25/class/ee106a-add/106A-CATCH/CATCH/install/catch_custom_msgs/share/catch_custom_msgs/cmake/ament_cmake_export_libraries-extras.cmake\n'}
[1.686152] (catch_custom_msgs) StdoutLine: {'line': b'-- Up-to-date: /home/cc/ee106a/fa25/class/ee106a-add/106A-CATCH/CATCH/install/catch_custom_msgs/share/catch_custom_msgs/cmake/ament_cmake_export_targets-extras.cmake\n'}
[1.687081] (catch_custom_msgs) StdoutLine: {'line': b'-- Up-to-date: /home/cc/ee106a/fa25/class/ee106a-add/106A-CATCH/CATCH/install/catch_custom_msgs/share/catch_custom_msgs/cmake/rosidl_cmake_export_typesupport_targets-extras.cmake\n'}
[1.687872] (catch_custom_msgs) StdoutLine: {'line': b'-- Up-to-date: /home/cc/ee106a/fa25/class/ee106a-add/106A-CATCH/CATCH/install/catch_custom_msgs/share/catch_custom_msgs/cmake/rosidl_cmake_export_typesupport_libraries-extras.cmake\n'}
[1.688886] (catch_custom_msgs) StdoutLine: {'line': b'-- Up-to-date: /home/cc/ee106a/fa25/class/ee106a-add/106A-CATCH/CATCH/install/catch_custom_msgs/share/catch_custom_msgs/cmake/catch_custom_msgsConfig.cmake\n'}
[1.689771] (catch_custom_msgs) StdoutLine: {'line': b'-- Up-to-date: /home/cc/ee106a/fa25/class/ee106a-add/106A-CATCH/CATCH/install/catch_custom_msgs/share/catch_custom_msgs/cmake/catch_custom_msgsConfig-version.cmake\n'}
[1.690973] (catch_custom_msgs) StdoutLine: {'line': b'-- Up-to-date: /home/cc/ee106a/fa25/class/ee106a-add/106A-CATCH/CATCH/install/catch_custom_msgs/share/catch_custom_msgs/package.xml\n'}
[1.698767] (catch_custom_msgs) CommandEnded: {'returncode': 0}
[1.714181] (-) TimerEvent: {}
[1.719917] (ros2_aruco_interfaces) StdoutLine: {'line': b'[ 70%] Built target ros2_aruco_interfaces\n'}
[1.776848] (ros2_aruco_interfaces) StdoutLine: {'line': b'[ 74%] Built target ros2_aruco_interfaces__py\n'}
[1.791194] (catch_custom_msgs) JobEnded: {'identifier': 'catch_custom_msgs', 'rc': 0}
[1.814274] (-) TimerEvent: {}
[1.838347] (ros2_aruco_interfaces) StdoutLine: {'line': b'[ 80%] Built target ros2_aruco_interfaces__rosidl_generator_py\n'}
[1.914354] (-) TimerEvent: {}
[1.925312] (ros2_aruco_interfaces) StdoutLine: {'line': b'[100%] Built target ros2_aruco_interfaces__rosidl_typesupport_introspection_c__pyext\n'}
[1.925466] (ros2_aruco_interfaces) StdoutLine: {'line': b'[100%] Built target ros2_aruco_interfaces__rosidl_typesupport_fastrtps_c__pyext\n'}
[1.926206] (ros2_aruco_interfaces) StdoutLine: {'line': b'[100%] Built target ros2_aruco_interfaces__rosidl_typesupport_c__pyext\n'}
[2.014452] (-) TimerEvent: {}
[2.090684] (perception) Command: {'cmd': ['/usr/bin/python3', '-W', 'ignore:setup.py install is deprecated', '-W', 'ignore:easy_install command is deprecated', 'setup.py', 'egg_info', '--egg-base', '../../build/perception', 'build', '--build-base', '/home/cc/ee106a/fa25/class/ee106a-add/106A-CATCH/CATCH/build/perception/build', 'install', '--record', '/home/cc/ee106a/fa25/class/ee106a-add/106A-CATCH/CATCH/build/perception/install.log', '--single-version-externally-managed', 'install_data'], 'cwd': '/home/cc/ee106a/fa25/class/ee106a-add/106A-CATCH/CATCH/src/perception', 'env': {'ARCH': 'x86_64', 'QT_SCALE_FACTOR': '1', 'USER': 'ee106a-add', 'HOSTNAME': 'ros2', 'XDG_SESSION_TYPE': 'x11', 'MASTERDIR': '/home/ff/ee106a', 'COMPIZ_CONFIG_PROFILE': 'mate', 'XDG_CACHE_HOME': '/home/cc/ee106a/fa25/class/ee106a-add/.cache', 'SHLVL': '2', 'LD_LIBRARY_PATH': '/home/ff/ee106a/librealsense/build/Release:/usr/lib/x86_64-linux-gnu/gazebo-11/plugins:/opt/ros/humble/opt/rviz_ogre_vendor/lib:/opt/ros/humble/lib/x86_64-linux-gnu:/opt/ros/humble/lib', 'HOME': '/home/cc/ee106a/fa25/class/ee106a-add', 'OLDPWD': '/home/cc/ee106a/fa25/class/ee106a-add', 'DESKTOP_SESSION': 'mate', 'ROS_PYTHON_VERSION': '3', 'GTK_MODULES': 'gail:atk-bridge:appmenu-gtk-module:gail:atk-bridge:canberra-gtk-module', 'EE106_UR_ROBOT_IP': '192.168.1.100', 'DISTROBOX_ENTER_PATH': '/usr/local/bin/distrobox-enter', 'SYSTEMD_EXEC_PID': '765458', 'NNTPSERVER': 'news.csua.berkeley.edu', 'VISUAL': 'emacs', 'XDG_STATE_HOME': '/home/cc/ee106a/fa25/class/ee106a-add/.local/state', 'DBUS_SESSION_BUS_ADDRESS': 'unix:path=/run/user/90081/bus', 'COLORTERM': 'truecolor', 'container': 'podman', 'UBUNTU_MENUPROXY': '1', 'QT_QPA_PLATFORMTHEME': 'gtk2', 'COLCON_PREFIX_PATH': '/home/ff/ee106a/robot_workspaces/ur/install', 'ROS_DISTRO': 'humble', 'GTK_IM_MODULE': 'ibus', 'LOGNAME': 'ee106a-add', 'MASTER': 'ee106a', 'WINDOWID': '39856684', 'ROS_VERSION': '2', 'XDG_SESSION_CLASS': 'user', 'TERMINFO_DIRS': '/usr/share/terminfo:/run/host/usr/share/terminfo', 'USERNAME': 'ee106a-add', 'TERM': 'xterm-256color', 'GTK_OVERLAY_SCROLLING': '0', 'XDG_SESSION_ID': '7300', 'ROS_LOCALHOST_ONLY': '0', 'WINDOWPATH': '2', 'PATH': '/opt/ros/humble/bin:/share/b/grading/bin:/home/ff/ee106a/bin:/home/ff/ee106a/bin/arch/x86_64:/share/b/grading/bin:/home/ff/ee106a/bin:/home/ff/ee106a/bin/arch/x86_64:/usr/local/sbin:/usr/local/bin:/usr/sbin:/usr/bin:/sbin:/bin:/usr/games:/usr/local/games:/snap/bin:/snap/bin:/share/b/grading/bin:/share/b/grading/sbin:/share/b/runas/x86_64:/share/b/bin:/home/ff/ee106a/venvs/all:/usr/local/sbin:/usr/local/bin:/usr/sbin:/usr/bin:/sbin:/bin:/share/b/grading/bin:/share/b/grading/sbin:/share/b/runas/x86_64:/share/b/bin:/home/ff/ee106a/venvs/all', 'SESSION_MANAGER': 'local/c105-6:@/tmp/.ICE-unix/765526,unix/c105-6:/tmp/.ICE-unix/765526', 'OS': 'Linux', 'XDG_RUNTIME_DIR': '/run/user/90081', 'DISPLAY': ':1', 'LANG': 'en_US.UTF-8', 'XDG_CURRENT_DESKTOP': 'MATE', 'XDG_DATA_HOME': '/home/cc/ee106a/fa25/class/ee106a-add/.local/share', 'XDG_CONFIG_HOME': '/home/cc/ee106a/fa25/class/ee106a-add/.config', 'XMODIFIERS': '@im=ibus', 'XDG_SESSION_DESKTOP': 'mate', 'XAUTHORITY': '/run/user/90081/gdm/Xauthority', 'SSH_AUTH_SOCK': '/run/user/90081/keyring/ssh', 'ROS_DOMAIN_ID': '26', 'AMENT_PREFIX_PATH': '/home/ff/ee106a/robot_workspaces/ur/install/ur7e_utils:/opt/ros/humble', 'SHELL': '/usr/bin/bash', 'QT_ACCESSIBILITY': '1', 'EE106_UR_ROBOT_NAME': 'baymax', 'GDMSESSION': 'mate', 'RUNAS': '/share/b/runas/x86_64', 'GPG_AGENT_INFO': '/run/user/90081/gnupg/S.gpg-agent:0:1', 'CONFIG_SHELL': '/usr/bin/ksh', 'QT_IM_MODULE': 'ibus', 'PWD': '/home/cc/ee106a/fa25/class/ee106a-add/106A-CATCH/CATCH/build/perception', 'EE106_ENV_SETUP': 'ur_ros2', 'CONTAINER_ID': 'ros2', 'LC_ALL': 'C.UTF-8', 'XDG_CONFIG_DIRS': '/etc/xdg/xdg-mate:/etc/xdg', 'CLUTTER_IM_MODULE': 'ibus', 'XDG_DATA_DIRS': '/usr/share/mate:/usr/share/mate:/usr/share/gnome:/home/cc/ee106a/fa25/class/ee106a-add/.local/share/flatpak/exports/share:/var/lib/flatpak/exports/share:/usr/local/share/:/usr/share/:/var/lib/snapd/desktop:/usr/local/share:/usr/share', 'PYTHONPATH': '/home/cc/ee106a/fa25/class/ee106a-add/106A-CATCH/CATCH/build/perception/prefix_override:/usr/lib/python3/dist-packages/colcon_core/task/python/colcon_distutils_commands:/home/cc/ee106a/fa25/class/ee106a-add/106A-CATCH/CATCH/install/perception/lib/python3.10/site-packages:/home/ff/ee106a/robot_workspaces/ur/install/ur7e_utils/lib/python3.10/site-packages:/opt/ros/humble/lib/python3.10/site-packages:/opt/ros/humble/local/lib/python3.10/dist-packages', 'MATE_DESKTOP_SESSION_ID': 'this-is-deprecated', 'COLCON': '1', 'MANPATH': '/usr/local/man:/usr/man:/usr/X11/man:/usr/local/man:/share/b/grading/man:/usr/local/man:/usr/man:/usr/X11/man:/usr/local/man:/share/b/grading/man:', 'VTE_VERSION': '6800', 'EDITOR': 'emacs', 'QT_FONT_DPI': '122'}, 'shell': False}
[2.098222] (planning) Command: {'cmd': ['/usr/bin/python3', '-W', 'ignore:setup.py install is deprecated', '-W', 'ignore:easy_install command is deprecated', 'setup.py', 'egg_info', '--egg-base', '../../build/planning', 'build', '--build-base', '/home/cc/ee106a/fa25/class/ee106a-add/106A-CATCH/CATCH/build/planning/build', 'install', '--record', '/home/cc/ee106a/fa25/class/ee106a-add/106A-CATCH/CATCH/build/planning/install.log', '--single-version-externally-managed', 'install_data'], 'cwd': '/home/cc/ee106a/fa25/class/ee106a-add/106A-CATCH/CATCH/src/planning', 'env': {'ARCH': 'x86_64', 'QT_SCALE_FACTOR': '1', 'USER': 'ee106a-add', 'HOSTNAME': 'ros2', 'XDG_SESSION_TYPE': 'x11', 'MASTERDIR': '/home/ff/ee106a', 'COMPIZ_CONFIG_PROFILE': 'mate', 'XDG_CACHE_HOME': '/home/cc/ee106a/fa25/class/ee106a-add/.cache', 'SHLVL': '2', 'LD_LIBRARY_PATH': '/home/ff/ee106a/librealsense/build/Release:/usr/lib/x86_64-linux-gnu/gazebo-11/plugins:/opt/ros/humble/opt/rviz_ogre_vendor/lib:/opt/ros/humble/lib/x86_64-linux-gnu:/opt/ros/humble/lib', 'HOME': '/home/cc/ee106a/fa25/class/ee106a-add', 'OLDPWD': '/home/cc/ee106a/fa25/class/ee106a-add', 'DESKTOP_SESSION': 'mate', 'ROS_PYTHON_VERSION': '3', 'GTK_MODULES': 'gail:atk-bridge:appmenu-gtk-module:gail:atk-bridge:canberra-gtk-module', 'EE106_UR_ROBOT_IP': '192.168.1.100', 'DISTROBOX_ENTER_PATH': '/usr/local/bin/distrobox-enter', 'SYSTEMD_EXEC_PID': '765458', 'NNTPSERVER': 'news.csua.berkeley.edu', 'VISUAL': 'emacs', 'XDG_STATE_HOME': '/home/cc/ee106a/fa25/class/ee106a-add/.local/state', 'DBUS_SESSION_BUS_ADDRESS': 'unix:path=/run/user/90081/bus', 'COLORTERM': 'truecolor', 'container': 'podman', 'UBUNTU_MENUPROXY': '1', 'QT_QPA_PLATFORMTHEME': 'gtk2', 'COLCON_PREFIX_PATH': '/home/ff/ee106a/robot_workspaces/ur/install', 'ROS_DISTRO': 'humble', 'GTK_IM_MODULE': 'ibus', 'LOGNAME': 'ee106a-add', 'MASTER': 'ee106a', 'WINDOWID': '39856684', 'ROS_VERSION': '2', 'XDG_SESSION_CLASS': 'user', 'TERMINFO_DIRS': '/usr/share/terminfo:/run/host/usr/share/terminfo', 'USERNAME': 'ee106a-add', 'TERM': 'xterm-256color', 'GTK_OVERLAY_SCROLLING': '0', 'XDG_SESSION_ID': '7300', 'ROS_LOCALHOST_ONLY': '0', 'WINDOWPATH': '2', 'PATH': '/opt/ros/humble/bin:/share/b/grading/bin:/home/ff/ee106a/bin:/home/ff/ee106a/bin/arch/x86_64:/share/b/grading/bin:/home/ff/ee106a/bin:/home/ff/ee106a/bin/arch/x86_64:/usr/local/sbin:/usr/local/bin:/usr/sbin:/usr/bin:/sbin:/bin:/usr/games:/usr/local/games:/snap/bin:/snap/bin:/share/b/grading/bin:/share/b/grading/sbin:/share/b/runas/x86_64:/share/b/bin:/home/ff/ee106a/venvs/all:/usr/local/sbin:/usr/local/bin:/usr/sbin:/usr/bin:/sbin:/bin:/share/b/grading/bin:/share/b/grading/sbin:/share/b/runas/x86_64:/share/b/bin:/home/ff/ee106a/venvs/all', 'SESSION_MANAGER': 'local/c105-6:@/tmp/.ICE-unix/765526,unix/c105-6:/tmp/.ICE-unix/765526', 'OS': 'Linux', 'XDG_RUNTIME_DIR': '/run/user/90081', 'DISPLAY': ':1', 'LANG': 'en_US.UTF-8', 'XDG_CURRENT_DESKTOP': 'MATE', 'XDG_DATA_HOME': '/home/cc/ee106a/fa25/class/ee106a-add/.local/share', 'XDG_CONFIG_HOME': '/home/cc/ee106a/fa25/class/ee106a-add/.config', 'XMODIFIERS': '@im=ibus', 'XDG_SESSION_DESKTOP': 'mate', 'XAUTHORITY': '/run/user/90081/gdm/Xauthority', 'SSH_AUTH_SOCK': '/run/user/90081/keyring/ssh', 'ROS_DOMAIN_ID': '26', 'AMENT_PREFIX_PATH': '/home/ff/ee106a/robot_workspaces/ur/install/ur7e_utils:/opt/ros/humble', 'SHELL': '/usr/bin/bash', 'QT_ACCESSIBILITY': '1', 'EE106_UR_ROBOT_NAME': 'baymax', 'GDMSESSION': 'mate', 'RUNAS': '/share/b/runas/x86_64', 'GPG_AGENT_INFO': '/run/user/90081/gnupg/S.gpg-agent:0:1', 'CONFIG_SHELL': '/usr/bin/ksh', 'QT_IM_MODULE': 'ibus', 'PWD': '/home/cc/ee106a/fa25/class/ee106a-add/106A-CATCH/CATCH/build/planning', 'EE106_ENV_SETUP': 'ur_ros2', 'CONTAINER_ID': 'ros2', 'LC_ALL': 'C.UTF-8', 'XDG_CONFIG_DIRS': '/etc/xdg/xdg-mate:/etc/xdg', 'CLUTTER_IM_MODULE': 'ibus', 'XDG_DATA_DIRS': '/usr/share/mate:/usr/share/mate:/usr/share/gnome:/home/cc/ee106a/fa25/class/ee106a-add/.local/share/flatpak/exports/share:/var/lib/flatpak/exports/share:/usr/local/share/:/usr/share/:/var/lib/snapd/desktop:/usr/local/share:/usr/share', 'PYTHONPATH': '/home/cc/ee106a/fa25/class/ee106a-add/106A-CATCH/CATCH/build/planning/prefix_override:/usr/lib/python3/dist-packages/colcon_core/task/python/colcon_distutils_commands:/home/cc/ee106a/fa25/class/ee106a-add/106A-CATCH/CATCH/install/planning/lib/python3.10/site-packages:/home/ff/ee106a/robot_workspaces/ur/install/ur7e_utils/lib/python3.10/site-packages:/opt/ros/humble/lib/python3.10/site-packages:/opt/ros/humble/local/lib/python3.10/dist-packages', 'MATE_DESKTOP_SESSION_ID': 'this-is-deprecated', 'COLCON': '1', 'MANPATH': '/usr/local/man:/usr/man:/usr/X11/man:/usr/local/man:/share/b/grading/man:/usr/local/man:/usr/man:/usr/X11/man:/usr/local/man:/share/b/grading/man:', 'VTE_VERSION': '6800', 'EDITOR': 'emacs', 'QT_FONT_DPI': '122'}, 'shell': False}
[2.105593] (ros2_aruco) Command: {'cmd': ['/usr/bin/python3', '-W', 'ignore:setup.py install is deprecated', '-W', 'ignore:easy_install command is deprecated', 'setup.py', 'egg_info', '--egg-base', '../../../build/ros2_aruco', 'build', '--build-base', '/home/cc/ee106a/fa25/class/ee106a-add/106A-CATCH/CATCH/build/ros2_aruco/build', 'install', '--record', '/home/cc/ee106a/fa25/class/ee106a-add/106A-CATCH/CATCH/build/ros2_aruco/install.log', '--single-version-externally-managed', 'install_data'], 'cwd': '/home/cc/ee106a/fa25/class/ee106a-add/106A-CATCH/CATCH/src/ros2_aruco/ros2_aruco', 'env': {'ARCH': 'x86_64', 'QT_SCALE_FACTOR': '1', 'USER': 'ee106a-add', 'HOSTNAME': 'ros2', 'XDG_SESSION_TYPE': 'x11', 'MASTERDIR': '/home/ff/ee106a', 'COMPIZ_CONFIG_PROFILE': 'mate', 'XDG_CACHE_HOME': '/home/cc/ee106a/fa25/class/ee106a-add/.cache', 'SHLVL': '2', 'LD_LIBRARY_PATH': '/home/ff/ee106a/librealsense/build/Release:/usr/lib/x86_64-linux-gnu/gazebo-11/plugins:/opt/ros/humble/opt/rviz_ogre_vendor/lib:/opt/ros/humble/lib/x86_64-linux-gnu:/opt/ros/humble/lib', 'HOME': '/home/cc/ee106a/fa25/class/ee106a-add', 'OLDPWD': '/home/cc/ee106a/fa25/class/ee106a-add', 'DESKTOP_SESSION': 'mate', 'ROS_PYTHON_VERSION': '3', 'GTK_MODULES': 'gail:atk-bridge:appmenu-gtk-module:gail:atk-bridge:canberra-gtk-module', 'EE106_UR_ROBOT_IP': '192.168.1.100', 'DISTROBOX_ENTER_PATH': '/usr/local/bin/distrobox-enter', 'SYSTEMD_EXEC_PID': '765458', 'NNTPSERVER': 'news.csua.berkeley.edu', 'VISUAL': 'emacs', 'XDG_STATE_HOME': '/home/cc/ee106a/fa25/class/ee106a-add/.local/state', 'DBUS_SESSION_BUS_ADDRESS': 'unix:path=/run/user/90081/bus', 'COLORTERM': 'truecolor', 'container': 'podman', 'UBUNTU_MENUPROXY': '1', 'QT_QPA_PLATFORMTHEME': 'gtk2', 'COLCON_PREFIX_PATH': '/home/ff/ee106a/robot_workspaces/ur/install', 'ROS_DISTRO': 'humble', 'GTK_IM_MODULE': 'ibus', 'LOGNAME': 'ee106a-add', 'MASTER': 'ee106a', 'WINDOWID': '39856684', 'ROS_VERSION': '2', 'XDG_SESSION_CLASS': 'user', 'TERMINFO_DIRS': '/usr/share/terminfo:/run/host/usr/share/terminfo', 'USERNAME': 'ee106a-add', 'TERM': 'xterm-256color', 'GTK_OVERLAY_SCROLLING': '0', 'XDG_SESSION_ID': '7300', 'ROS_LOCALHOST_ONLY': '0', 'WINDOWPATH': '2', 'PATH': '/opt/ros/humble/bin:/share/b/grading/bin:/home/ff/ee106a/bin:/home/ff/ee106a/bin/arch/x86_64:/share/b/grading/bin:/home/ff/ee106a/bin:/home/ff/ee106a/bin/arch/x86_64:/usr/local/sbin:/usr/local/bin:/usr/sbin:/usr/bin:/sbin:/bin:/usr/games:/usr/local/games:/snap/bin:/snap/bin:/share/b/grading/bin:/share/b/grading/sbin:/share/b/runas/x86_64:/share/b/bin:/home/ff/ee106a/venvs/all:/usr/local/sbin:/usr/local/bin:/usr/sbin:/usr/bin:/sbin:/bin:/share/b/grading/bin:/share/b/grading/sbin:/share/b/runas/x86_64:/share/b/bin:/home/ff/ee106a/venvs/all', 'SESSION_MANAGER': 'local/c105-6:@/tmp/.ICE-unix/765526,unix/c105-6:/tmp/.ICE-unix/765526', 'OS': 'Linux', 'XDG_RUNTIME_DIR': '/run/user/90081', 'DISPLAY': ':1', 'LANG': 'en_US.UTF-8', 'XDG_CURRENT_DESKTOP': 'MATE', 'XDG_DATA_HOME': '/home/cc/ee106a/fa25/class/ee106a-add/.local/share', 'XDG_CONFIG_HOME': '/home/cc/ee106a/fa25/class/ee106a-add/.config', 'XMODIFIERS': '@im=ibus', 'XDG_SESSION_DESKTOP': 'mate', 'XAUTHORITY': '/run/user/90081/gdm/Xauthority', 'SSH_AUTH_SOCK': '/run/user/90081/keyring/ssh', 'ROS_DOMAIN_ID': '26', 'AMENT_PREFIX_PATH': '/home/ff/ee106a/robot_workspaces/ur/install/ur7e_utils:/opt/ros/humble', 'SHELL': '/usr/bin/bash', 'QT_ACCESSIBILITY': '1', 'EE106_UR_ROBOT_NAME': 'baymax', 'GDMSESSION': 'mate', 'RUNAS': '/share/b/runas/x86_64', 'GPG_AGENT_INFO': '/run/user/90081/gnupg/S.gpg-agent:0:1', 'CONFIG_SHELL': '/usr/bin/ksh', 'QT_IM_MODULE': 'ibus', 'PWD': '/home/cc/ee106a/fa25/class/ee106a-add/106A-CATCH/CATCH/build/ros2_aruco', 'EE106_ENV_SETUP': 'ur_ros2', 'CONTAINER_ID': 'ros2', 'LC_ALL': 'C.UTF-8', 'XDG_CONFIG_DIRS': '/etc/xdg/xdg-mate:/etc/xdg', 'CLUTTER_IM_MODULE': 'ibus', 'XDG_DATA_DIRS': '/usr/share/mate:/usr/share/mate:/usr/share/gnome:/home/cc/ee106a/fa25/class/ee106a-add/.local/share/flatpak/exports/share:/var/lib/flatpak/exports/share:/usr/local/share/:/usr/share/:/var/lib/snapd/desktop:/usr/local/share:/usr/share', 'PYTHONPATH': '/home/cc/ee106a/fa25/class/ee106a-add/106A-CATCH/CATCH/build/ros2_aruco/prefix_override:/usr/lib/python3/dist-packages/colcon_core/task/python/colcon_distutils_commands:/home/cc/ee106a/fa25/class/ee106a-add/106A-CATCH/CATCH/install/ros2_aruco/lib/python3.10/site-packages:/home/ff/ee106a/robot_workspaces/ur/install/ur7e_utils/lib/python3.10/site-packages:/opt/ros/humble/lib/python3.10/site-packages:/opt/ros/humble/local/lib/python3.10/dist-packages', 'MATE_DESKTOP_SESSION_ID': 'this-is-deprecated', 'COLCON': '1', 'MANPATH': '/usr/local/man:/usr/man:/usr/X11/man:/usr/local/man:/share/b/grading/man:/usr/local/man:/usr/man:/usr/X11/man:/usr/local/man:/share/b/grading/man:', 'VTE_VERSION': '6800', 'EDITOR': 'emacs', 'QT_FONT_DPI': '122'}, 'shell': False}
[2.114609] (-) TimerEvent: {}
[2.115937] (ros2_aruco_interfaces) StdoutLine: {'line': b'running egg_info\n'}
[2.117070] (ros2_aruco_interfaces) StdoutLine: {'line': b'writing ros2_aruco_interfaces.egg-info/PKG-INFO\n'}
[2.119643] (ros2_aruco_interfaces) StdoutLine: {'line': b'writing dependency_links to ros2_aruco_interfaces.egg-info/dependency_links.txt\n'}
[2.122643] (ros2_aruco_interfaces) StdoutLine: {'line': b'writing top-level names to ros2_aruco_interfaces.egg-info/top_level.txt\n'}
[2.128348] (ros2_aruco_interfaces) StdoutLine: {'line': b"reading manifest file 'ros2_aruco_interfaces.egg-info/SOURCES.txt'\n"}
[2.130458] (ros2_aruco_interfaces) StdoutLine: {'line': b"writing manifest file 'ros2_aruco_interfaces.egg-info/SOURCES.txt'\n"}
[2.163029] (ros2_aruco_interfaces) StdoutLine: {'line': b'[100%] Built target ament_cmake_python_build_ros2_aruco_interfaces_egg\n'}
[2.196206] (ros2_aruco_interfaces) CommandEnded: {'returncode': 0}
[2.199498] (ros2_aruco_interfaces) JobProgress: {'identifier': 'ros2_aruco_interfaces', 'progress': 'install'}
[2.200308] (ros2_aruco_interfaces) Command: {'cmd': ['/usr/bin/cmake', '--install', '/home/cc/ee106a/fa25/class/ee106a-add/106A-CATCH/CATCH/build/ros2_aruco_interfaces'], 'cwd': '/home/cc/ee106a/fa25/class/ee106a-add/106A-CATCH/CATCH/build/ros2_aruco_interfaces', 'env': OrderedDict([('ARCH', 'x86_64'), ('QT_SCALE_FACTOR', '1'), ('USER', 'ee106a-add'), ('HOSTNAME', 'ros2'), ('XDG_SESSION_TYPE', 'x11'), ('MASTERDIR', '/home/ff/ee106a'), ('COMPIZ_CONFIG_PROFILE', 'mate'), ('XDG_CACHE_HOME', '/home/cc/ee106a/fa25/class/ee106a-add/.cache'), ('SHLVL', '2'), ('LD_LIBRARY_PATH', '/home/ff/ee106a/librealsense/build/Release:/usr/lib/x86_64-linux-gnu/gazebo-11/plugins:/opt/ros/humble/opt/rviz_ogre_vendor/lib:/opt/ros/humble/lib/x86_64-linux-gnu:/opt/ros/humble/lib'), ('HOME', '/home/cc/ee106a/fa25/class/ee106a-add'), ('OLDPWD', '/home/cc/ee106a/fa25/class/ee106a-add'), ('DESKTOP_SESSION', 'mate'), ('ROS_PYTHON_VERSION', '3'), ('GTK_MODULES', 'gail:atk-bridge:appmenu-gtk-module:gail:atk-bridge:canberra-gtk-module'), ('EE106_UR_ROBOT_IP', '192.168.1.100'), ('DISTROBOX_ENTER_PATH', '/usr/local/bin/distrobox-enter'), ('SYSTEMD_EXEC_PID', '765458'), ('NNTPSERVER', 'news.csua.berkeley.edu'), ('VISUAL', 'emacs'), ('XDG_STATE_HOME', '/home/cc/ee106a/fa25/class/ee106a-add/.local/state'), ('DBUS_SESSION_BUS_ADDRESS', 'unix:path=/run/user/90081/bus'), ('COLORTERM', 'truecolor'), ('container', 'podman'), ('UBUNTU_MENUPROXY', '1'), ('QT_QPA_PLATFORMTHEME', 'gtk2'), ('COLCON_PREFIX_PATH', '/home/ff/ee106a/robot_workspaces/ur/install'), ('ROS_DISTRO', 'humble'), ('GTK_IM_MODULE', 'ibus'), ('LOGNAME', 'ee106a-add'), ('MASTER', 'ee106a'), ('WINDOWID', '39856684'), ('ROS_VERSION', '2'), ('XDG_SESSION_CLASS', 'user'), ('TERMINFO_DIRS', '/usr/share/terminfo:/run/host/usr/share/terminfo'), ('USERNAME', 'ee106a-add'), ('TERM', 'xterm-256color'), ('GTK_OVERLAY_SCROLLING', '0'), ('XDG_SESSION_ID', '7300'), ('ROS_LOCALHOST_ONLY', '0'), ('WINDOWPATH', '2'), ('PATH', '/opt/ros/humble/bin:/share/b/grading/bin:/home/ff/ee106a/bin:/home/ff/ee106a/bin/arch/x86_64:/share/b/grading/bin:/home/ff/ee106a/bin:/home/ff/ee106a/bin/arch/x86_64:/usr/local/sbin:/usr/local/bin:/usr/sbin:/usr/bin:/sbin:/bin:/usr/games:/usr/local/games:/snap/bin:/snap/bin:/share/b/grading/bin:/share/b/grading/sbin:/share/b/runas/x86_64:/share/b/bin:/home/ff/ee106a/venvs/all:/usr/local/sbin:/usr/local/bin:/usr/sbin:/usr/bin:/sbin:/bin:/share/b/grading/bin:/share/b/grading/sbin:/share/b/runas/x86_64:/share/b/bin:/home/ff/ee106a/venvs/all'), ('SESSION_MANAGER', 'local/c105-6:@/tmp/.ICE-unix/765526,unix/c105-6:/tmp/.ICE-unix/765526'), ('OS', 'Linux'), ('XDG_RUNTIME_DIR', '/run/user/90081'), ('DISPLAY', ':1'), ('LANG', 'en_US.UTF-8'), ('XDG_CURRENT_DESKTOP', 'MATE'), ('XDG_DATA_HOME', '/home/cc/ee106a/fa25/class/ee106a-add/.local/share'), ('XDG_CONFIG_HOME', '/home/cc/ee106a/fa25/class/ee106a-add/.config'), ('XMODIFIERS', '@im=ibus'), ('XDG_SESSION_DESKTOP', 'mate'), ('XAUTHORITY', '/run/user/90081/gdm/Xauthority'), ('SSH_AUTH_SOCK', '/run/user/90081/keyring/ssh'), ('ROS_DOMAIN_ID', '26'), ('AMENT_PREFIX_PATH', '/home/ff/ee106a/robot_workspaces/ur/install/ur7e_utils:/opt/ros/humble'), ('SHELL', '/usr/bin/bash'), ('QT_ACCESSIBILITY', '1'), ('EE106_UR_ROBOT_NAME', 'baymax'), ('GDMSESSION', 'mate'), ('RUNAS', '/share/b/runas/x86_64'), ('GPG_AGENT_INFO', '/run/user/90081/gnupg/S.gpg-agent:0:1'), ('CONFIG_SHELL', '/usr/bin/ksh'), ('QT_IM_MODULE', 'ibus'), ('PWD', '/home/cc/ee106a/fa25/class/ee106a-add/106A-CATCH/CATCH/build/ros2_aruco_interfaces'), ('EE106_ENV_SETUP', 'ur_ros2'), ('CONTAINER_ID', 'ros2'), ('LC_ALL', 'C.UTF-8'), ('XDG_CONFIG_DIRS', '/etc/xdg/xdg-mate:/etc/xdg'), ('CLUTTER_IM_MODULE', 'ibus'), ('XDG_DATA_DIRS', '/usr/share/mate:/usr/share/mate:/usr/share/gnome:/home/cc/ee106a/fa25/class/ee106a-add/.local/share/flatpak/exports/share:/var/lib/flatpak/exports/share:/usr/local/share/:/usr/share/:/var/lib/snapd/desktop:/usr/local/share:/usr/share'), ('PYTHONPATH', '/home/ff/ee106a/robot_workspaces/ur/install/ur7e_utils/lib/python3.10/site-packages:/opt/ros/humble/lib/python3.10/site-packages:/opt/ros/humble/local/lib/python3.10/dist-packages'), ('MATE_DESKTOP_SESSION_ID', 'this-is-deprecated'), ('COLCON', '1'), ('MANPATH', '/usr/local/man:/usr/man:/usr/X11/man:/usr/local/man:/share/b/grading/man:/usr/local/man:/usr/man:/usr/X11/man:/usr/local/man:/share/b/grading/man:'), ('VTE_VERSION', '6800'), ('EDITOR', 'emacs'), ('QT_FONT_DPI', '122'), ('CMAKE_PREFIX_PATH', '/home/ff/ee106a/robot_workspaces/ur/install/ur7e_utils:/opt/ros/humble')]), 'shell': False}
[2.214709] (-) TimerEvent: {}
[2.218327] (ros2_aruco_interfaces) StdoutLine: {'line': b'-- Install configuration: ""\n'}
[2.220054] (ros2_aruco_interfaces) StdoutLine: {'line': b'-- Up-to-date: /home/cc/ee106a/fa25/class/ee106a-add/106A-CATCH/CATCH/install/ros2_aruco_interfaces/share/ament_index/resource_index/rosidl_interfaces/ros2_aruco_interfaces\n'}
[2.220979] (ros2_aruco_interfaces) StdoutLine: {'line': b'-- Up-to-date: /home/cc/ee106a/fa25/class/ee106a-add/106A-CATCH/CATCH/install/ros2_aruco_interfaces/include/ros2_aruco_interfaces/ros2_aruco_interfaces\n'}
[2.222162] (ros2_aruco_interfaces) StdoutLine: {'line': b'-- Up-to-date: /home/cc/ee106a/fa25/class/ee106a-add/106A-CATCH/CATCH/install/ros2_aruco_interfaces/include/ros2_aruco_interfaces/ros2_aruco_interfaces/msg\n'}
[2.223446] (ros2_aruco_interfaces) StdoutLine: {'line': b'-- Up-to-date: /home/cc/ee106a/fa25/class/ee106a-add/106A-CATCH/CATCH/install/ros2_aruco_interfaces/include/ros2_aruco_interfaces/ros2_aruco_interfaces/msg/aruco_markers.h\n'}
[2.224136] (ros2_aruco_interfaces) StdoutLine: {'line': b'-- Up-to-date: /home/cc/ee106a/fa25/class/ee106a-add/106A-CATCH/CATCH/install/ros2_aruco_interfaces/include/ros2_aruco_interfaces/ros2_aruco_interfaces/msg/rosidl_generator_c__visibility_control.h\n'}
[2.224840] (ros2_aruco_interfaces) StdoutLine: {'line': b'-- Up-to-date: /home/cc/ee106a/fa25/class/ee106a-add/106A-CATCH/CATCH/install/ros2_aruco_interfaces/include/ros2_aruco_interfaces/ros2_aruco_interfaces/msg/detail\n'}
[2.226117] (ros2_aruco_interfaces) StdoutLine: {'line': b'-- Up-to-date: /home/cc/ee106a/fa25/class/ee106a-add/106A-CATCH/CATCH/install/ros2_aruco_interfaces/include/ros2_aruco_interfaces/ros2_aruco_interfaces/msg/detail/aruco_markers__functions.c\n'}
[2.226972] (ros2_aruco_interfaces) StdoutLine: {'line': b'-- Up-to-date: /home/cc/ee106a/fa25/class/ee106a-add/106A-CATCH/CATCH/install/ros2_aruco_interfaces/include/ros2_aruco_interfaces/ros2_aruco_interfaces/msg/detail/aruco_markers__functions.h\n'}
[2.227584] (ros2_aruco_interfaces) StdoutLine: {'line': b'-- Up-to-date: /home/cc/ee106a/fa25/class/ee106a-add/106A-CATCH/CATCH/install/ros2_aruco_interfaces/include/ros2_aruco_interfaces/ros2_aruco_interfaces/msg/detail/aruco_markers__struct.h\n'}
[2.228667] (ros2_aruco_interfaces) StdoutLine: {'line': b'-- Up-to-date: /home/cc/ee106a/fa25/class/ee106a-add/106A-CATCH/CATCH/install/ros2_aruco_interfaces/include/ros2_aruco_interfaces/ros2_aruco_interfaces/msg/detail/aruco_markers__type_support.h\n'}
[2.230125] (ros2_aruco_interfaces) StdoutLine: {'line': b'-- Up-to-date: /home/cc/ee106a/fa25/class/ee106a-add/106A-CATCH/CATCH/install/ros2_aruco_interfaces/share/ros2_aruco_interfaces/environment/library_path.sh\n'}
[2.231370] (ros2_aruco_interfaces) StdoutLine: {'line': b'-- Up-to-date: /home/cc/ee106a/fa25/class/ee106a-add/106A-CATCH/CATCH/install/ros2_aruco_interfaces/share/ros2_aruco_interfaces/environment/library_path.dsv\n'}
[2.233865] (ros2_aruco_interfaces) StdoutLine: {'line': b'-- Up-to-date: /home/cc/ee106a/fa25/class/ee106a-add/106A-CATCH/CATCH/install/ros2_aruco_interfaces/lib/libros2_aruco_interfaces__rosidl_generator_c.so\n'}
[2.237069] (ros2_aruco_interfaces) StdoutLine: {'line': b'-- Up-to-date: /home/cc/ee106a/fa25/class/ee106a-add/106A-CATCH/CATCH/install/ros2_aruco_interfaces/include/ros2_aruco_interfaces/ros2_aruco_interfaces\n'}
[2.238636] (ros2_aruco_interfaces) StdoutLine: {'line': b'-- Up-to-date: /home/cc/ee106a/fa25/class/ee106a-add/106A-CATCH/CATCH/install/ros2_aruco_interfaces/include/ros2_aruco_interfaces/ros2_aruco_interfaces/msg\n'}
[2.240518] (ros2_aruco_interfaces) StdoutLine: {'line': b'-- Up-to-date: /home/cc/ee106a/fa25/class/ee106a-add/106A-CATCH/CATCH/install/ros2_aruco_interfaces/include/ros2_aruco_interfaces/ros2_aruco_interfaces/msg/detail\n'}
[2.242566] (ros2_aruco_interfaces) StdoutLine: {'line': b'-- Up-to-date: /home/cc/ee106a/fa25/class/ee106a-add/106A-CATCH/CATCH/install/ros2_aruco_interfaces/include/ros2_aruco_interfaces/ros2_aruco_interfaces/msg/detail/aruco_markers__rosidl_typesupport_fastrtps_c.h\n'}
[2.243278] (ros2_aruco_interfaces) StdoutLine: {'line': b'-- Up-to-date: /home/cc/ee106a/fa25/class/ee106a-add/106A-CATCH/CATCH/install/ros2_aruco_interfaces/include/ros2_aruco_interfaces/ros2_aruco_interfaces/msg/rosidl_typesupport_fastrtps_c__visibility_control.h\n'}
[2.245314] (ros2_aruco_interfaces) StdoutLine: {'line': b'-- Up-to-date: /home/cc/ee106a/fa25/class/ee106a-add/106A-CATCH/CATCH/install/ros2_aruco_interfaces/lib/libros2_aruco_interfaces__rosidl_typesupport_fastrtps_c.so\n'}
[2.248550] (ros2_aruco_interfaces) StdoutLine: {'line': b'-- Up-to-date: /home/cc/ee106a/fa25/class/ee106a-add/106A-CATCH/CATCH/install/ros2_aruco_interfaces/include/ros2_aruco_interfaces/ros2_aruco_interfaces\n'}
[2.249759] (ros2_aruco_interfaces) StdoutLine: {'line': b'-- Up-to-date: /home/cc/ee106a/fa25/class/ee106a-add/106A-CATCH/CATCH/install/ros2_aruco_interfaces/include/ros2_aruco_interfaces/ros2_aruco_interfaces/msg\n'}
[2.250949] (ros2_aruco_interfaces) StdoutLine: {'line': b'-- Up-to-date: /home/cc/ee106a/fa25/class/ee106a-add/106A-CATCH/CATCH/install/ros2_aruco_interfaces/include/ros2_aruco_interfaces/ros2_aruco_interfaces/msg/aruco_markers.hpp\n'}
[2.251573] (ros2_aruco_interfaces) StdoutLine: {'line': b'-- Up-to-date: /home/cc/ee106a/fa25/class/ee106a-add/106A-CATCH/CATCH/install/ros2_aruco_interfaces/include/ros2_aruco_interfaces/ros2_aruco_interfaces/msg/rosidl_generator_cpp__visibility_control.hpp\n'}
[2.252200] (ros2_aruco_interfaces) StdoutLine: {'line': b'-- Up-to-date: /home/cc/ee106a/fa25/class/ee106a-add/106A-CATCH/CATCH/install/ros2_aruco_interfaces/include/ros2_aruco_interfaces/ros2_aruco_interfaces/msg/detail\n'}
[2.253641] (ros2_aruco_interfaces) StdoutLine: {'line': b'-- Up-to-date: /home/cc/ee106a/fa25/class/ee106a-add/106A-CATCH/CATCH/install/ros2_aruco_interfaces/include/ros2_aruco_interfaces/ros2_aruco_interfaces/msg/detail/aruco_markers__builder.hpp\n'}
[2.254286] (ros2_aruco_interfaces) StdoutLine: {'line': b'-- Up-to-date: /home/cc/ee106a/fa25/class/ee106a-add/106A-CATCH/CATCH/install/ros2_aruco_interfaces/include/ros2_aruco_interfaces/ros2_aruco_interfaces/msg/detail/aruco_markers__struct.hpp\n'}
[2.255087] (ros2_aruco_interfaces) StdoutLine: {'line': b'-- Up-to-date: /home/cc/ee106a/fa25/class/ee106a-add/106A-CATCH/CATCH/install/ros2_aruco_interfaces/include/ros2_aruco_interfaces/ros2_aruco_interfaces/msg/detail/aruco_markers__traits.hpp\n'}
[2.255665] (ros2_aruco_interfaces) StdoutLine: {'line': b'-- Up-to-date: /home/cc/ee106a/fa25/class/ee106a-add/106A-CATCH/CATCH/install/ros2_aruco_interfaces/include/ros2_aruco_interfaces/ros2_aruco_interfaces/msg/detail/aruco_markers__type_support.hpp\n'}
[2.256014] (ros2_aruco_interfaces) StdoutLine: {'line': b'-- Up-to-date: /home/cc/ee106a/fa25/class/ee106a-add/106A-CATCH/CATCH/install/ros2_aruco_interfaces/include/ros2_aruco_interfaces/ros2_aruco_interfaces\n'}
[2.257508] (ros2_aruco_interfaces) StdoutLine: {'line': b'-- Up-to-date: /home/cc/ee106a/fa25/class/ee106a-add/106A-CATCH/CATCH/install/ros2_aruco_interfaces/include/ros2_aruco_interfaces/ros2_aruco_interfaces/msg\n'}
[2.258899] (ros2_aruco_interfaces) StdoutLine: {'line': b'-- Up-to-date: /home/cc/ee106a/fa25/class/ee106a-add/106A-CATCH/CATCH/install/ros2_aruco_interfaces/include/ros2_aruco_interfaces/ros2_aruco_interfaces/msg/detail\n'}
[2.260450] (ros2_aruco_interfaces) StdoutLine: {'line': b'-- Up-to-date: /home/cc/ee106a/fa25/class/ee106a-add/106A-CATCH/CATCH/install/ros2_aruco_interfaces/include/ros2_aruco_interfaces/ros2_aruco_interfaces/msg/detail/aruco_markers__rosidl_typesupport_fastrtps_cpp.hpp\n'}
[2.261232] (ros2_aruco_interfaces) StdoutLine: {'line': b'-- Up-to-date: /home/cc/ee106a/fa25/class/ee106a-add/106A-CATCH/CATCH/install/ros2_aruco_interfaces/include/ros2_aruco_interfaces/ros2_aruco_interfaces/msg/detail/dds_fastrtps\n'}
[2.262339] (ros2_aruco_interfaces) StdoutLine: {'line': b'-- Up-to-date: /home/cc/ee106a/fa25/class/ee106a-add/106A-CATCH/CATCH/install/ros2_aruco_interfaces/include/ros2_aruco_interfaces/ros2_aruco_interfaces/msg/rosidl_typesupport_fastrtps_cpp__visibility_control.h\n'}
[2.264518] (ros2_aruco_interfaces) StdoutLine: {'line': b'-- Up-to-date: /home/cc/ee106a/fa25/class/ee106a-add/106A-CATCH/CATCH/install/ros2_aruco_interfaces/lib/libros2_aruco_interfaces__rosidl_typesupport_fastrtps_cpp.so\n'}
[2.267928] (ros2_aruco_interfaces) StdoutLine: {'line': b'-- Up-to-date: /home/cc/ee106a/fa25/class/ee106a-add/106A-CATCH/CATCH/install/ros2_aruco_interfaces/include/ros2_aruco_interfaces/ros2_aruco_interfaces\n'}
[2.269083] (ros2_aruco_interfaces) StdoutLine: {'line': b'-- Up-to-date: /home/cc/ee106a/fa25/class/ee106a-add/106A-CATCH/CATCH/install/ros2_aruco_interfaces/include/ros2_aruco_interfaces/ros2_aruco_interfaces/msg\n'}
[2.270913] (ros2_aruco_interfaces) StdoutLine: {'line': b'-- Up-to-date: /home/cc/ee106a/fa25/class/ee106a-add/106A-CATCH/CATCH/install/ros2_aruco_interfaces/include/ros2_aruco_interfaces/ros2_aruco_interfaces/msg/detail\n'}
[2.272333] (ros2_aruco_interfaces) StdoutLine: {'line': b'-- Up-to-date: /home/cc/ee106a/fa25/class/ee106a-add/106A-CATCH/CATCH/install/ros2_aruco_interfaces/include/ros2_aruco_interfaces/ros2_aruco_interfaces/msg/detail/aruco_markers__rosidl_typesupport_introspection_c.h\n'}
[2.273171] (ros2_aruco_interfaces) StdoutLine: {'line': b'-- Up-to-date: /home/cc/ee106a/fa25/class/ee106a-add/106A-CATCH/CATCH/install/ros2_aruco_interfaces/include/ros2_aruco_interfaces/ros2_aruco_interfaces/msg/detail/aruco_markers__type_support.c\n'}
[2.274165] (ros2_aruco_interfaces) StdoutLine: {'line': b'-- Up-to-date: /home/cc/ee106a/fa25/class/ee106a-add/106A-CATCH/CATCH/install/ros2_aruco_interfaces/include/ros2_aruco_interfaces/ros2_aruco_interfaces/msg/rosidl_typesupport_introspection_c__visibility_control.h\n'}
[2.275822] (ros2_aruco_interfaces) StdoutLine: {'line': b'-- Up-to-date: /home/cc/ee106a/fa25/class/ee106a-add/106A-CATCH/CATCH/install/ros2_aruco_interfaces/lib/libros2_aruco_interfaces__rosidl_typesupport_introspection_c.so\n'}
[2.280195] (ros2_aruco_interfaces) StdoutLine: {'line': b'-- Up-to-date: /home/cc/ee106a/fa25/class/ee106a-add/106A-CATCH/CATCH/install/ros2_aruco_interfaces/lib/libros2_aruco_interfaces__rosidl_typesupport_c.so\n'}
[2.283054] (ros2_aruco_interfaces) StdoutLine: {'line': b'-- Up-to-date: /home/cc/ee106a/fa25/class/ee106a-add/106A-CATCH/CATCH/install/ros2_aruco_interfaces/include/ros2_aruco_interfaces/ros2_aruco_interfaces\n'}
[2.284374] (ros2_aruco_interfaces) StdoutLine: {'line': b'-- Up-to-date: /home/cc/ee106a/fa25/class/ee106a-add/106A-CATCH/CATCH/install/ros2_aruco_interfaces/include/ros2_aruco_interfaces/ros2_aruco_interfaces/msg\n'}
[2.285824] (ros2_aruco_interfaces) StdoutLine: {'line': b'-- Up-to-date: /home/cc/ee106a/fa25/class/ee106a-add/106A-CATCH/CATCH/install/ros2_aruco_interfaces/include/ros2_aruco_interfaces/ros2_aruco_interfaces/msg/detail\n'}
[2.287128] (ros2_aruco_interfaces) StdoutLine: {'line': b'-- Up-to-date: /home/cc/ee106a/fa25/class/ee106a-add/106A-CATCH/CATCH/install/ros2_aruco_interfaces/include/ros2_aruco_interfaces/ros2_aruco_interfaces/msg/detail/aruco_markers__rosidl_typesupport_introspection_cpp.hpp\n'}
[2.287879] (ros2_aruco_interfaces) StdoutLine: {'line': b'-- Up-to-date: /home/cc/ee106a/fa25/class/ee106a-add/106A-CATCH/CATCH/install/ros2_aruco_interfaces/include/ros2_aruco_interfaces/ros2_aruco_interfaces/msg/detail/aruco_markers__type_support.cpp\n'}
[2.289677] (ros2_aruco_interfaces) StdoutLine: {'line': b'-- Up-to-date: /home/cc/ee106a/fa25/class/ee106a-add/106A-CATCH/CATCH/install/ros2_aruco_interfaces/lib/libros2_aruco_interfaces__rosidl_typesupport_introspection_cpp.so\n'}
[2.295000] (ros2_aruco_interfaces) StdoutLine: {'line': b'-- Up-to-date: /home/cc/ee106a/fa25/class/ee106a-add/106A-CATCH/CATCH/install/ros2_aruco_interfaces/lib/libros2_aruco_interfaces__rosidl_typesupport_cpp.so\n'}
[2.298609] (ros2_aruco_interfaces) StdoutLine: {'line': b'-- Up-to-date: /home/cc/ee106a/fa25/class/ee106a-add/106A-CATCH/CATCH/install/ros2_aruco_interfaces/share/ros2_aruco_interfaces/environment/pythonpath.sh\n'}
[2.299944] (ros2_aruco_interfaces) StdoutLine: {'line': b'-- Up-to-date: /home/cc/ee106a/fa25/class/ee106a-add/106A-CATCH/CATCH/install/ros2_aruco_interfaces/share/ros2_aruco_interfaces/environment/pythonpath.dsv\n'}
[2.301978] (ros2_aruco_interfaces) StdoutLine: {'line': b'-- Up-to-date: /home/cc/ee106a/fa25/class/ee106a-add/106A-CATCH/CATCH/install/ros2_aruco_interfaces/local/lib/python3.10/dist-packages/ros2_aruco_interfaces-0.1.0-py3.10.egg-info\n'}
[2.303363] (ros2_aruco_interfaces) StdoutLine: {'line': b'-- Installing: /home/cc/ee106a/fa25/class/ee106a-add/106A-CATCH/CATCH/install/ros2_aruco_interfaces/local/lib/python3.10/dist-packages/ros2_aruco_interfaces-0.1.0-py3.10.egg-info/PKG-INFO\n'}
[2.309168] (ros2_aruco_interfaces) StdoutLine: {'line': b'-- Installing: /home/cc/ee106a/fa25/class/ee106a-add/106A-CATCH/CATCH/install/ros2_aruco_interfaces/local/lib/python3.10/dist-packages/ros2_aruco_interfaces-0.1.0-py3.10.egg-info/dependency_links.txt\n'}
[2.314775] (-) TimerEvent: {}
[2.315137] (ros2_aruco_interfaces) StdoutLine: {'line': b'-- Installing: /home/cc/ee106a/fa25/class/ee106a-add/106A-CATCH/CATCH/install/ros2_aruco_interfaces/local/lib/python3.10/dist-packages/ros2_aruco_interfaces-0.1.0-py3.10.egg-info/top_level.txt\n'}
[2.322054] (ros2_aruco_interfaces) StdoutLine: {'line': b'-- Installing: /home/cc/ee106a/fa25/class/ee106a-add/106A-CATCH/CATCH/install/ros2_aruco_interfaces/local/lib/python3.10/dist-packages/ros2_aruco_interfaces-0.1.0-py3.10.egg-info/SOURCES.txt\n'}
[2.328047] (ros2_aruco_interfaces) StdoutLine: {'line': b'-- Up-to-date: /home/cc/ee106a/fa25/class/ee106a-add/106A-CATCH/CATCH/install/ros2_aruco_interfaces/local/lib/python3.10/dist-packages/ros2_aruco_interfaces\n'}
[2.329725] (ros2_aruco_interfaces) StdoutLine: {'line': b'-- Up-to-date: /home/cc/ee106a/fa25/class/ee106a-add/106A-CATCH/CATCH/install/ros2_aruco_interfaces/local/lib/python3.10/dist-packages/ros2_aruco_interfaces/__init__.py\n'}
[2.330486] (ros2_aruco_interfaces) StdoutLine: {'line': b'-- Up-to-date: /home/cc/ee106a/fa25/class/ee106a-add/106A-CATCH/CATCH/install/ros2_aruco_interfaces/local/lib/python3.10/dist-packages/ros2_aruco_interfaces/msg\n'}
[2.332094] (ros2_aruco_interfaces) StdoutLine: {'line': b'-- Up-to-date: /home/cc/ee106a/fa25/class/ee106a-add/106A-CATCH/CATCH/install/ros2_aruco_interfaces/local/lib/python3.10/dist-packages/ros2_aruco_interfaces/msg/_aruco_markers.py\n'}
[2.333180] (ros2_aruco_interfaces) StdoutLine: {'line': b'-- Up-to-date: /home/cc/ee106a/fa25/class/ee106a-add/106A-CATCH/CATCH/install/ros2_aruco_interfaces/local/lib/python3.10/dist-packages/ros2_aruco_interfaces/msg/_aruco_markers_s.c\n'}
[2.333980] (ros2_aruco_interfaces) StdoutLine: {'line': b'-- Up-to-date: /home/cc/ee106a/fa25/class/ee106a-add/106A-CATCH/CATCH/install/ros2_aruco_interfaces/local/lib/python3.10/dist-packages/ros2_aruco_interfaces/msg/__init__.py\n'}
[2.334772] (ros2_aruco_interfaces) StdoutLine: {'line': b'-- Up-to-date: /home/cc/ee106a/fa25/class/ee106a-add/106A-CATCH/CATCH/install/ros2_aruco_interfaces/local/lib/python3.10/dist-packages/ros2_aruco_interfaces/_ros2_aruco_interfaces_s.ep.rosidl_typesupport_fastrtps_c.c\n'}
[2.335801] (ros2_aruco_interfaces) StdoutLine: {'line': b'-- Up-to-date: /home/cc/ee106a/fa25/class/ee106a-add/106A-CATCH/CATCH/install/ros2_aruco_interfaces/local/lib/python3.10/dist-packages/ros2_aruco_interfaces/_ros2_aruco_interfaces_s.ep.rosidl_typesupport_introspection_c.c\n'}
[2.336656] (ros2_aruco_interfaces) StdoutLine: {'line': b'-- Up-to-date: /home/cc/ee106a/fa25/class/ee106a-add/106A-CATCH/CATCH/install/ros2_aruco_interfaces/local/lib/python3.10/dist-packages/ros2_aruco_interfaces/_ros2_aruco_interfaces_s.ep.rosidl_typesupport_c.c\n'}
[2.337491] (ros2_aruco_interfaces) StdoutLine: {'line': b'-- Up-to-date: /home/cc/ee106a/fa25/class/ee106a-add/106A-CATCH/CATCH/install/ros2_aruco_interfaces/local/lib/python3.10/dist-packages/ros2_aruco_interfaces/libros2_aruco_interfaces__rosidl_generator_py.so\n'}
[2.338529] (ros2_aruco_interfaces) StdoutLine: {'line': b'-- Up-to-date: /home/cc/ee106a/fa25/class/ee106a-add/106A-CATCH/CATCH/install/ros2_aruco_interfaces/local/lib/python3.10/dist-packages/ros2_aruco_interfaces/ros2_aruco_interfaces_s__rosidl_typesupport_c.cpython-310-x86_64-linux-gnu.so\n'}
[2.339524] (ros2_aruco_interfaces) StdoutLine: {'line': b'-- Up-to-date: /home/cc/ee106a/fa25/class/ee106a-add/106A-CATCH/CATCH/install/ros2_aruco_interfaces/local/lib/python3.10/dist-packages/ros2_aruco_interfaces/ros2_aruco_interfaces_s__rosidl_typesupport_fastrtps_c.cpython-310-x86_64-linux-gnu.so\n'}
[2.340175] (ros2_aruco_interfaces) StdoutLine: {'line': b'-- Up-to-date: /home/cc/ee106a/fa25/class/ee106a-add/106A-CATCH/CATCH/install/ros2_aruco_interfaces/local/lib/python3.10/dist-packages/ros2_aruco_interfaces/ros2_aruco_interfaces_s__rosidl_typesupport_introspection_c.cpython-310-x86_64-linux-gnu.so\n'}
[2.401867] (ros2_aruco_interfaces) StdoutLine: {'line': b"Listing '/home/cc/ee106a/fa25/class/ee106a-add/106A-CATCH/CATCH/install/ros2_aruco_interfaces/local/lib/python3.10/dist-packages/ros2_aruco_interfaces'...\n"}
[2.402118] (ros2_aruco_interfaces) StdoutLine: {'line': b"Listing '/home/cc/ee106a/fa25/class/ee106a-add/106A-CATCH/CATCH/install/ros2_aruco_interfaces/local/lib/python3.10/dist-packages/ros2_aruco_interfaces/msg'...\n"}
[2.408147] (ros2_aruco_interfaces) StdoutLine: {'line': b'-- Up-to-date: /home/cc/ee106a/fa25/class/ee106a-add/106A-CATCH/CATCH/install/ros2_aruco_interfaces/local/lib/python3.10/dist-packages/ros2_aruco_interfaces/ros2_aruco_interfaces_s__rosidl_typesupport_fastrtps_c.cpython-310-x86_64-linux-gnu.so\n'}
[2.413108] (ros2_aruco_interfaces) StdoutLine: {'line': b'-- Up-to-date: /home/cc/ee106a/fa25/class/ee106a-add/106A-CATCH/CATCH/install/ros2_aruco_interfaces/local/lib/python3.10/dist-packages/ros2_aruco_interfaces/ros2_aruco_interfaces_s__rosidl_typesupport_introspection_c.cpython-310-x86_64-linux-gnu.so\n'}
[2.414834] (-) TimerEvent: {}
[2.418281] (ros2_aruco_interfaces) StdoutLine: {'line': b'-- Up-to-date: /home/cc/ee106a/fa25/class/ee106a-add/106A-CATCH/CATCH/install/ros2_aruco_interfaces/local/lib/python3.10/dist-packages/ros2_aruco_interfaces/ros2_aruco_interfaces_s__rosidl_typesupport_c.cpython-310-x86_64-linux-gnu.so\n'}
[2.422857] (ros2_aruco_interfaces) StdoutLine: {'line': b'-- Up-to-date: /home/cc/ee106a/fa25/class/ee106a-add/106A-CATCH/CATCH/install/ros2_aruco_interfaces/lib/libros2_aruco_interfaces__rosidl_generator_py.so\n'}
[2.426290] (planning) StdoutLine: {'line': b'running egg_info\n'}
[2.426851] (ros2_aruco_interfaces) StdoutLine: {'line': b'-- Up-to-date: /home/cc/ee106a/fa25/class/ee106a-add/106A-CATCH/CATCH/install/ros2_aruco_interfaces/share/ros2_aruco_interfaces/msg/ArucoMarkers.idl\n'}
[2.427221] (planning) StdoutLine: {'line': b'writing ../../build/planning/planning.egg-info/PKG-INFO\n'}
[2.427952] (ros2_aruco_interfaces) StdoutLine: {'line': b'-- Up-to-date: /home/cc/ee106a/fa25/class/ee106a-add/106A-CATCH/CATCH/install/ros2_aruco_interfaces/share/ros2_aruco_interfaces/msg/ArucoMarkers.msg\n'}
[2.429111] (ros2_aruco_interfaces) StdoutLine: {'line': b'-- Up-to-date: /home/cc/ee106a/fa25/class/ee106a-add/106A-CATCH/CATCH/install/ros2_aruco_interfaces/share/ament_index/resource_index/package_run_dependencies/ros2_aruco_interfaces\n'}
[2.430690] (ros2_aruco_interfaces) StdoutLine: {'line': b'-- Up-to-date: /home/cc/ee106a/fa25/class/ee106a-add/106A-CATCH/CATCH/install/ros2_aruco_interfaces/share/ament_index/resource_index/parent_prefix_path/ros2_aruco_interfaces\n'}
[2.430870] (planning) StdoutLine: {'line': b'writing dependency_links to ../../build/planning/planning.egg-info/dependency_links.txt\n'}
[2.431759] (ros2_aruco_interfaces) StdoutLine: {'line': b'-- Up-to-date: /home/cc/ee106a/fa25/class/ee106a-add/106A-CATCH/CATCH/install/ros2_aruco_interfaces/share/ros2_aruco_interfaces/environment/ament_prefix_path.sh\n'}
[2.433327] (ros2_aruco_interfaces) StdoutLine: {'line': b'-- Up-to-date: /home/cc/ee106a/fa25/class/ee106a-add/106A-CATCH/CATCH/install/ros2_aruco_interfaces/share/ros2_aruco_interfaces/environment/ament_prefix_path.dsv\n'}
[2.433416] (perception) StdoutLine: {'line': b'running egg_info\n'}
[2.433821] (planning) StdoutLine: {'line': b'writing entry points to ../../build/planning/planning.egg-info/entry_points.txt\n'}
[2.434175] (ros2_aruco_interfaces) StdoutLine: {'line': b'-- Up-to-date: /home/cc/ee106a/fa25/class/ee106a-add/106A-CATCH/CATCH/install/ros2_aruco_interfaces/share/ros2_aruco_interfaces/environment/path.sh\n'}
[2.435187] (perception) StdoutLine: {'line': b'writing ../../build/perception/perception.egg-info/PKG-INFO\n'}
[2.435910] (ros2_aruco_interfaces) StdoutLine: {'line': b'-- Up-to-date: /home/cc/ee106a/fa25/class/ee106a-add/106A-CATCH/CATCH/install/ros2_aruco_interfaces/share/ros2_aruco_interfaces/environment/path.dsv\n'}
[2.436796] (planning) StdoutLine: {'line': b'writing requirements to ../../build/planning/planning.egg-info/requires.txt\n'}
[2.437214] (ros2_aruco_interfaces) StdoutLine: {'line': b'-- Up-to-date: /home/cc/ee106a/fa25/class/ee106a-add/106A-CATCH/CATCH/install/ros2_aruco_interfaces/share/ros2_aruco_interfaces/local_setup.bash\n'}
[2.437857] (ros2_aruco_interfaces) StdoutLine: {'line': b'-- Up-to-date: /home/cc/ee106a/fa25/class/ee106a-add/106A-CATCH/CATCH/install/ros2_aruco_interfaces/share/ros2_aruco_interfaces/local_setup.sh\n'}
[2.439418] (perception) StdoutLine: {'line': b'writing dependency_links to ../../build/perception/perception.egg-info/dependency_links.txt\n'}
[2.439979] (ros2_aruco_interfaces) StdoutLine: {'line': b'-- Up-to-date: /home/cc/ee106a/fa25/class/ee106a-add/106A-CATCH/CATCH/install/ros2_aruco_interfaces/share/ros2_aruco_interfaces/local_setup.zsh\n'}
[2.441566] (planning) StdoutLine: {'line': b'writing top-level names to ../../build/planning/planning.egg-info/top_level.txt\n'}
[2.443204] (ros2_aruco_interfaces) StdoutLine: {'line': b'-- Up-to-date: /home/cc/ee106a/fa25/class/ee106a-add/106A-CATCH/CATCH/install/ros2_aruco_interfaces/share/ros2_aruco_interfaces/local_setup.dsv\n'}
[2.443292] (ros2_aruco_interfaces) StdoutLine: {'line': b'-- Installing: /home/cc/ee106a/fa25/class/ee106a-add/106A-CATCH/CATCH/install/ros2_aruco_interfaces/share/ros2_aruco_interfaces/package.dsv\n'}
[2.443362] (perception) StdoutLine: {'line': b'writing entry points to ../../build/perception/perception.egg-info/entry_points.txt\n'}
[2.446548] (perception) StdoutLine: {'line': b'writing requirements to ../../build/perception/perception.egg-info/requires.txt\n'}
[2.448556] (ros2_aruco) StdoutLine: {'line': b'running egg_info\n'}
[2.449076] (perception) StdoutLine: {'line': b'writing top-level names to ../../build/perception/perception.egg-info/top_level.txt\n'}
[2.449608] (planning) StdoutLine: {'line': b"reading manifest file '../../build/planning/planning.egg-info/SOURCES.txt'\n"}
[2.449671] (ros2_aruco) StdoutLine: {'line': b'writing ../../../build/ros2_aruco/ros2_aruco.egg-info/PKG-INFO\n'}
[2.450915] (ros2_aruco_interfaces) StdoutLine: {'line': b'-- Up-to-date: /home/cc/ee106a/fa25/class/ee106a-add/106A-CATCH/CATCH/install/ros2_aruco_interfaces/share/ament_index/resource_index/packages/ros2_aruco_interfaces\n'}
[2.451804] (planning) StdoutLine: {'line': b"writing manifest file '../../build/planning/planning.egg-info/SOURCES.txt'\n"}
[2.453412] (ros2_aruco) StdoutLine: {'line': b'writing dependency_links to ../../../build/ros2_aruco/ros2_aruco.egg-info/dependency_links.txt\n'}
[2.453520] (planning) StdoutLine: {'line': b'running build\n'}
[2.453557] (planning) StdoutLine: {'line': b'running build_py\n'}
[2.455755] (ros2_aruco_interfaces) StdoutLine: {'line': b'-- Up-to-date: /home/cc/ee106a/fa25/class/ee106a-add/106A-CATCH/CATCH/install/ros2_aruco_interfaces/share/ros2_aruco_interfaces/cmake/export_ros2_aruco_interfaces__rosidl_generator_cExport.cmake\n'}
[2.456166] (planning) StdoutLine: {'line': b'running install\n'}
[2.456403] (planning) StdoutLine: {'line': b'running install_lib\n'}
[2.456844] (ros2_aruco) StdoutLine: {'line': b'writing entry points to ../../../build/ros2_aruco/ros2_aruco.egg-info/entry_points.txt\n'}
[2.457341] (ros2_aruco_interfaces) StdoutLine: {'line': b'-- Up-to-date: /home/cc/ee106a/fa25/class/ee106a-add/106A-CATCH/CATCH/install/ros2_aruco_interfaces/share/ros2_aruco_interfaces/cmake/export_ros2_aruco_interfaces__rosidl_generator_cExport-noconfig.cmake\n'}
[2.459253] (perception) StdoutLine: {'line': b"reading manifest file '../../build/perception/perception.egg-info/SOURCES.txt'\n"}
[2.459411] (ros2_aruco) StdoutLine: {'line': b'writing requirements to ../../../build/ros2_aruco/ros2_aruco.egg-info/requires.txt\n'}
[2.460421] (planning) StdoutLine: {'line': b'running install_data\n'}
[2.461080] (ros2_aruco_interfaces) StdoutLine: {'line': b'-- Up-to-date: /home/cc/ee106a/fa25/class/ee106a-add/106A-CATCH/CATCH/install/ros2_aruco_interfaces/share/ros2_aruco_interfaces/cmake/export_ros2_aruco_interfaces__rosidl_typesupport_fastrtps_cExport.cmake\n'}
[2.461776] (ros2_aruco) StdoutLine: {'line': b'writing top-level names to ../../../build/ros2_aruco/ros2_aruco.egg-info/top_level.txt\n'}
[2.462134] (perception) StdoutLine: {'line': b"writing manifest file '../../build/perception/perception.egg-info/SOURCES.txt'\n"}
[2.462180] (planning) StdoutLine: {'line': b'running install_egg_info\n'}
[2.462456] (ros2_aruco_interfaces) StdoutLine: {'line': b'-- Up-to-date: /home/cc/ee106a/fa25/class/ee106a-add/106A-CATCH/CATCH/install/ros2_aruco_interfaces/share/ros2_aruco_interfaces/cmake/export_ros2_aruco_interfaces__rosidl_typesupport_fastrtps_cExport-noconfig.cmake\n'}
[2.464077] (planning) StdoutLine: {'line': b"removing '/home/cc/ee106a/fa25/class/ee106a-add/106A-CATCH/CATCH/install/planning/lib/python3.10/site-packages/planning-0.0.0-py3.10.egg-info' (and everything under it)\n"}
[2.464173] (perception) StdoutLine: {'line': b'running build\n'}
[2.464207] (perception) StdoutLine: {'line': b'running build_py\n'}
[2.465508] (ros2_aruco_interfaces) StdoutLine: {'line': b'-- Up-to-date: /home/cc/ee106a/fa25/class/ee106a-add/106A-CATCH/CATCH/install/ros2_aruco_interfaces/share/ros2_aruco_interfaces/cmake/export_ros2_aruco_interfaces__rosidl_generator_cppExport.cmake\n'}
[2.468017] (ros2_aruco_interfaces) StdoutLine: {'line': b'-- Up-to-date: /home/cc/ee106a/fa25/class/ee106a-add/106A-CATCH/CATCH/install/ros2_aruco_interfaces/share/ros2_aruco_interfaces/cmake/export_ros2_aruco_interfaces__rosidl_typesupport_fastrtps_cppExport.cmake\n'}
[2.469316] (ros2_aruco_interfaces) StdoutLine: {'line': b'-- Up-to-date: /home/cc/ee106a/fa25/class/ee106a-add/106A-CATCH/CATCH/install/ros2_aruco_interfaces/share/ros2_aruco_interfaces/cmake/export_ros2_aruco_interfaces__rosidl_typesupport_fastrtps_cppExport-noconfig.cmake\n'}
[2.469884] (perception) StdoutLine: {'line': b'running install\n'}
[2.469926] (perception) StdoutLine: {'line': b'running install_lib\n'}
[2.470426] (planning) StdoutLine: {'line': b'Copying ../../build/planning/planning.egg-info to /home/cc/ee106a/fa25/class/ee106a-add/106A-CATCH/CATCH/install/planning/lib/python3.10/site-packages/planning-0.0.0-py3.10.egg-info\n'}
[2.472422] (ros2_aruco) StdoutLine: {'line': b"reading manifest file '../../../build/ros2_aruco/ros2_aruco.egg-info/SOURCES.txt'\n"}
[2.473032] (ros2_aruco_interfaces) StdoutLine: {'line': b'-- Up-to-date: /home/cc/ee106a/fa25/class/ee106a-add/106A-CATCH/CATCH/install/ros2_aruco_interfaces/share/ros2_aruco_interfaces/cmake/ros2_aruco_interfaces__rosidl_typesupport_introspection_cExport.cmake\n'}
[2.474738] (ros2_aruco_interfaces) StdoutLine: {'line': b'-- Up-to-date: /home/cc/ee106a/fa25/class/ee106a-add/106A-CATCH/CATCH/install/ros2_aruco_interfaces/share/ros2_aruco_interfaces/cmake/ros2_aruco_interfaces__rosidl_typesupport_introspection_cExport-noconfig.cmake\n'}
[2.477462] (ros2_aruco) StdoutLine: {'line': b"writing manifest file '../../../build/ros2_aruco/ros2_aruco.egg-info/SOURCES.txt'\n"}
[2.479899] (ros2_aruco_interfaces) StdoutLine: {'line': b'-- Up-to-date: /home/cc/ee106a/fa25/class/ee106a-add/106A-CATCH/CATCH/install/ros2_aruco_interfaces/share/ros2_aruco_interfaces/cmake/ros2_aruco_interfaces__rosidl_typesupport_cExport.cmake\n'}
[2.480181] (ros2_aruco) StdoutLine: {'line': b'running build\n'}
[2.480346] (ros2_aruco) StdoutLine: {'line': b'running build_py\n'}
[2.481544] (perception) StdoutLine: {'line': b'running install_data\n'}
[2.481832] (ros2_aruco_interfaces) StdoutLine: {'line': b'-- Up-to-date: /home/cc/ee106a/fa25/class/ee106a-add/106A-CATCH/CATCH/install/ros2_aruco_interfaces/share/ros2_aruco_interfaces/cmake/ros2_aruco_interfaces__rosidl_typesupport_cExport-noconfig.cmake\n'}
[2.483923] (ros2_aruco) StdoutLine: {'line': b'running install\n'}
[2.484654] (perception) StdoutLine: {'line': b'running install_egg_info\n'}
[2.485054] (ros2_aruco) StdoutLine: {'line': b'running install_lib\n'}
[2.485495] (ros2_aruco_interfaces) StdoutLine: {'line': b'-- Up-to-date: /home/cc/ee106a/fa25/class/ee106a-add/106A-CATCH/CATCH/install/ros2_aruco_interfaces/share/ros2_aruco_interfaces/cmake/ros2_aruco_interfaces__rosidl_typesupport_introspection_cppExport.cmake\n'}
[2.487296] (ros2_aruco_interfaces) StdoutLine: {'line': b'-- Up-to-date: /home/cc/ee106a/fa25/class/ee106a-add/106A-CATCH/CATCH/install/ros2_aruco_interfaces/share/ros2_aruco_interfaces/cmake/ros2_aruco_interfaces__rosidl_typesupport_introspection_cppExport-noconfig.cmake\n'}
[2.489047] (perception) StdoutLine: {'line': b"removing '/home/cc/ee106a/fa25/class/ee106a-add/106A-CATCH/CATCH/install/perception/lib/python3.10/site-packages/perception-0.0.0-py3.10.egg-info' (and everything under it)\n"}
[2.491230] (ros2_aruco) StdoutLine: {'line': b'running install_data\n'}
[2.491308] (ros2_aruco_interfaces) StdoutLine: {'line': b'-- Up-to-date: /home/cc/ee106a/fa25/class/ee106a-add/106A-CATCH/CATCH/install/ros2_aruco_interfaces/share/ros2_aruco_interfaces/cmake/ros2_aruco_interfaces__rosidl_typesupport_cppExport.cmake\n'}
[2.492897] (ros2_aruco_interfaces) StdoutLine: {'line': b'-- Up-to-date: /home/cc/ee106a/fa25/class/ee106a-add/106A-CATCH/CATCH/install/ros2_aruco_interfaces/share/ros2_aruco_interfaces/cmake/ros2_aruco_interfaces__rosidl_typesupport_cppExport-noconfig.cmake\n'}
[2.495162] (ros2_aruco) StdoutLine: {'line': b'running install_egg_info\n'}
[2.495689] (perception) StdoutLine: {'line': b'Copying ../../build/perception/perception.egg-info to /home/cc/ee106a/fa25/class/ee106a-add/106A-CATCH/CATCH/install/perception/lib/python3.10/site-packages/perception-0.0.0-py3.10.egg-info\n'}
[2.496600] (ros2_aruco_interfaces) StdoutLine: {'line': b'-- Up-to-date: /home/cc/ee106a/fa25/class/ee106a-add/106A-CATCH/CATCH/install/ros2_aruco_interfaces/share/ros2_aruco_interfaces/cmake/export_ros2_aruco_interfaces__rosidl_generator_pyExport.cmake\n'}
[2.496959] (ros2_aruco) StdoutLine: {'line': b"removing '/home/cc/ee106a/fa25/class/ee106a-add/106A-CATCH/CATCH/install/ros2_aruco/lib/python3.10/site-packages/ros2_aruco-0.1.0-py3.10.egg-info' (and everything under it)\n"}
[2.498123] (ros2_aruco_interfaces) StdoutLine: {'line': b'-- Up-to-date: /home/cc/ee106a/fa25/class/ee106a-add/106A-CATCH/CATCH/install/ros2_aruco_interfaces/share/ros2_aruco_interfaces/cmake/export_ros2_aruco_interfaces__rosidl_generator_pyExport-noconfig.cmake\n'}
[2.499205] (ros2_aruco_interfaces) StdoutLine: {'line': b'-- Up-to-date: /home/cc/ee106a/fa25/class/ee106a-add/106A-CATCH/CATCH/install/ros2_aruco_interfaces/share/ros2_aruco_interfaces/cmake/rosidl_cmake-extras.cmake\n'}
[2.500063] (ros2_aruco_interfaces) StdoutLine: {'line': b'-- Up-to-date: /home/cc/ee106a/fa25/class/ee106a-add/106A-CATCH/CATCH/install/ros2_aruco_interfaces/share/ros2_aruco_interfaces/cmake/ament_cmake_export_dependencies-extras.cmake\n'}
[2.500852] (ros2_aruco_interfaces) StdoutLine: {'line': b'-- Up-to-date: /home/cc/ee106a/fa25/class/ee106a-add/106A-CATCH/CATCH/install/ros2_aruco_interfaces/share/ros2_aruco_interfaces/cmake/ament_cmake_export_include_directories-extras.cmake\n'}
[2.501862] (ros2_aruco_interfaces) StdoutLine: {'line': b'-- Up-to-date: /home/cc/ee106a/fa25/class/ee106a-add/106A-CATCH/CATCH/install/ros2_aruco_interfaces/share/ros2_aruco_interfaces/cmake/ament_cmake_export_libraries-extras.cmake\n'}
[2.503574] (ros2_aruco_interfaces) StdoutLine: {'line': b'-- Up-to-date: /home/cc/ee106a/fa25/class/ee106a-add/106A-CATCH/CATCH/install/ros2_aruco_interfaces/share/ros2_aruco_interfaces/cmake/ament_cmake_export_targets-extras.cmake\n'}
[2.505602] (ros2_aruco) StdoutLine: {'line': b'Copying ../../../build/ros2_aruco/ros2_aruco.egg-info to /home/cc/ee106a/fa25/class/ee106a-add/106A-CATCH/CATCH/install/ros2_aruco/lib/python3.10/site-packages/ros2_aruco-0.1.0-py3.10.egg-info\n'}
[2.506469] (ros2_aruco_interfaces) StdoutLine: {'line': b'-- Up-to-date: /home/cc/ee106a/fa25/class/ee106a-add/106A-CATCH/CATCH/install/ros2_aruco_interfaces/share/ros2_aruco_interfaces/cmake/rosidl_cmake_export_typesupport_targets-extras.cmake\n'}
[2.507112] (ros2_aruco_interfaces) StdoutLine: {'line': b'-- Up-to-date: /home/cc/ee106a/fa25/class/ee106a-add/106A-CATCH/CATCH/install/ros2_aruco_interfaces/share/ros2_aruco_interfaces/cmake/rosidl_cmake_export_typesupport_libraries-extras.cmake\n'}
[2.507640] (ros2_aruco_interfaces) StdoutLine: {'line': b'-- Up-to-date: /home/cc/ee106a/fa25/class/ee106a-add/106A-CATCH/CATCH/install/ros2_aruco_interfaces/share/ros2_aruco_interfaces/cmake/ros2_aruco_interfacesConfig.cmake\n'}
[2.508602] (ros2_aruco_interfaces) StdoutLine: {'line': b'-- Up-to-date: /home/cc/ee106a/fa25/class/ee106a-add/106A-CATCH/CATCH/install/ros2_aruco_interfaces/share/ros2_aruco_interfaces/cmake/ros2_aruco_interfacesConfig-version.cmake\n'}
[2.509889] (ros2_aruco_interfaces) StdoutLine: {'line': b'-- Up-to-date: /home/cc/ee106a/fa25/class/ee106a-add/106A-CATCH/CATCH/install/ros2_aruco_interfaces/share/ros2_aruco_interfaces/package.xml\n'}
[2.511380] (planning) StdoutLine: {'line': b'running install_scripts\n'}
[2.514958] (-) TimerEvent: {}
[2.522040] (ros2_aruco_interfaces) CommandEnded: {'returncode': 0}
[2.539192] (perception) StdoutLine: {'line': b'running install_scripts\n'}
[2.542915] (planning) StdoutLine: {'line': b'Installing main script to /home/cc/ee106a/fa25/class/ee106a-add/106A-CATCH/CATCH/install/planning/lib/planning\n'}
[2.544355] (ros2_aruco) StdoutLine: {'line': b'running install_scripts\n'}
[2.545632] (planning) StdoutLine: {'line': b'Installing tf script to /home/cc/ee106a/fa25/class/ee106a-add/106A-CATCH/CATCH/install/planning/lib/planning\n'}
[2.548738] (planning) StdoutLine: {'line': b"writing list of installed files to '/home/cc/ee106a/fa25/class/ee106a-add/106A-CATCH/CATCH/build/planning/install.log'\n"}
[2.565327] (perception) StdoutLine: {'line': b'Installing ball_trajectory_estimator script to /home/cc/ee106a/fa25/class/ee106a-add/106A-CATCH/CATCH/install/perception/lib/perception\n'}
[2.568565] (perception) StdoutLine: {'line': b'Installing blob_detector script to /home/cc/ee106a/fa25/class/ee106a-add/106A-CATCH/CATCH/install/perception/lib/perception\n'}
[2.570307] (ros2_aruco) StdoutLine: {'line': b'Installing aruco_generate_marker script to /home/cc/ee106a/fa25/class/ee106a-add/106A-CATCH/CATCH/install/ros2_aruco/lib/ros2_aruco\n'}
[2.571314] (perception) StdoutLine: {'line': b'Installing color_identifier script to /home/cc/ee106a/fa25/class/ee106a-add/106A-CATCH/CATCH/install/perception/lib/perception\n'}
[2.573913] (ros2_aruco) StdoutLine: {'line': b'Installing aruco_node script to /home/cc/ee106a/fa25/class/ee106a-add/106A-CATCH/CATCH/install/ros2_aruco/lib/ros2_aruco\n'}
[2.574331] (perception) StdoutLine: {'line': b'Installing display_plane script to /home/cc/ee106a/fa25/class/ee106a-add/106A-CATCH/CATCH/install/perception/lib/perception\n'}
[2.577572] (ros2_aruco) StdoutLine: {'line': b"writing list of installed files to '/home/cc/ee106a/fa25/class/ee106a-add/106A-CATCH/CATCH/build/ros2_aruco/install.log'\n"}
[2.578029] (perception) StdoutLine: {'line': b'Installing process_depth_image script to /home/cc/ee106a/fa25/class/ee106a-add/106A-CATCH/CATCH/install/perception/lib/perception\n'}
[2.580406] (perception) StdoutLine: {'line': b'Installing zxLS script to /home/cc/ee106a/fa25/class/ee106a-add/106A-CATCH/CATCH/install/perception/lib/perception\n'}
[2.583701] (perception) StdoutLine: {'line': b"writing list of installed files to '/home/cc/ee106a/fa25/class/ee106a-add/106A-CATCH/CATCH/build/perception/install.log'\n"}
[2.613752] (ros2_aruco_interfaces) JobEnded: {'identifier': 'ros2_aruco_interfaces', 'rc': 0}
[2.616837] (-) TimerEvent: {}
[2.616912] (planning) CommandEnded: {'returncode': 0}
[2.650330] (planning) JobEnded: {'identifier': 'planning', 'rc': 0}
[2.653688] (ros2_aruco) CommandEnded: {'returncode': 0}
[2.682814] (ros2_aruco) JobEnded: {'identifier': 'ros2_aruco', 'rc': 0}
[2.686641] (perception) CommandEnded: {'returncode': 0}
[2.712045] (perception) JobEnded: {'identifier': 'perception', 'rc': 0}
[2.715663] (-) EventReactorShutdown: {}
