[0.000000] (-) TimerEvent: {}
[0.000137] (catch_custom_msgs) JobQueued: {'identifier': 'catch_custom_msgs', 'dependencies': OrderedDict()}
[0.000164] (perception) JobQueued: {'identifier': 'perception', 'dependencies': OrderedDict()}
[0.000402] (planning) JobQueued: {'identifier': 'planning', 'dependencies': OrderedDict()}
[0.000754] (ros2_aruco) JobQueued: {'identifier': 'ros2_aruco', 'dependencies': OrderedDict()}
[0.000920] (ros2_aruco_interfaces) JobQueued: {'identifier': 'ros2_aruco_interfaces', 'dependencies': OrderedDict()}
[0.001364] (catch_custom_msgs) JobStarted: {'identifier': 'catch_custom_msgs'}
[0.024191] (perception) JobStarted: {'identifier': 'perception'}
[0.042800] (planning) JobStarted: {'identifier': 'planning'}
[0.062629] (ros2_aruco) JobStarted: {'identifier': 'ros2_aruco'}
[0.083424] (ros2_aruco_interfaces) JobStarted: {'identifier': 'ros2_aruco_interfaces'}
[0.097876] (-) TimerEvent: {}
[0.101759] (catch_custom_msgs) JobProgress: {'identifier': 'catch_custom_msgs', 'progress': 'cmake'}
[0.107075] (catch_custom_msgs) JobProgress: {'identifier': 'catch_custom_msgs', 'progress': 'build'}
[0.108368] (catch_custom_msgs) Command: {'cmd': ['/usr/bin/cmake', '--build', '/home/cc/ee106a/fa25/class/ee106a-add/106A-CATCH/CATCH/build/catch_custom_msgs', '--', '-j32', '-l32'], 'cwd': '/home/cc/ee106a/fa25/class/ee106a-add/106A-CATCH/CATCH/build/catch_custom_msgs', 'env': OrderedDict([('ARCH', 'x86_64'), ('QT_SCALE_FACTOR', '1'), ('USER', 'ee106a-add'), ('HOSTNAME', 'ros2'), ('XDG_SESSION_TYPE', 'x11'), ('MASTERDIR', '/home/ff/ee106a'), ('COMPIZ_CONFIG_PROFILE', 'mate'), ('XDG_CACHE_HOME', '/home/cc/ee106a/fa25/class/ee106a-add/.cache'), ('SHLVL', '2'), ('LD_LIBRARY_PATH', '/home/ff/ee106a/librealsense/build/Release:/usr/lib/x86_64-linux-gnu/gazebo-11/plugins:/opt/ros/humble/opt/rviz_ogre_vendor/lib:/opt/ros/humble/lib/x86_64-linux-gnu:/opt/ros/humble/lib'), ('HOME', '/home/cc/ee106a/fa25/class/ee106a-add'), ('OLDPWD', '/home/cc/ee106a/fa25/class/ee106a-add'), ('DESKTOP_SESSION', 'mate'), ('ROS_PYTHON_VERSION', '3'), ('GTK_MODULES', 'gail:atk-bridge:appmenu-gtk-module:gail:atk-bridge:canberra-gtk-module'), ('EE106_UR_ROBOT_IP', '192.168.1.100'), ('DISTROBOX_ENTER_PATH', '/usr/local/bin/distrobox-enter'), ('SYSTEMD_EXEC_PID', '1043288'), ('NNTPSERVER', 'news.csua.berkeley.edu'), ('VISUAL', 'emacs'), ('XDG_STATE_HOME', '/home/cc/ee106a/fa25/class/ee106a-add/.local/state'), ('DBUS_SESSION_BUS_ADDRESS', 'unix:path=/run/user/90081/bus'), ('COLORTERM', 'truecolor'), ('container', 'podman'), ('UBUNTU_MENUPROXY', '1'), ('QT_QPA_PLATFORMTHEME', 'gtk2'), ('COLCON_PREFIX_PATH', '/home/ff/ee106a/robot_workspaces/ur/install'), ('ROS_DISTRO', 'humble'), ('GTK_IM_MODULE', 'ibus'), ('LOGNAME', 'ee106a-add'), ('MASTER', 'ee106a'), ('WINDOWID', '71890879'), ('ROS_VERSION', '2'), ('XDG_SESSION_CLASS', 'user'), ('TERMINFO_DIRS', '/usr/share/terminfo:/run/host/usr/share/terminfo'), ('USERNAME', 'ee106a-add'), ('TERM', 'xterm-256color'), ('GTK_OVERLAY_SCROLLING', '0'), ('XDG_SESSION_ID', '11786'), ('ROS_LOCALHOST_ONLY', '0'), ('WINDOWPATH', '2'), ('PATH', '/opt/ros/humble/bin:/share/b/grading/bin:/home/ff/ee106a/bin:/home/ff/ee106a/bin/arch/x86_64:/share/b/grading/bin:/home/ff/ee106a/bin:/home/ff/ee106a/bin/arch/x86_64:/usr/local/sbin:/usr/local/bin:/usr/sbin:/usr/bin:/sbin:/bin:/usr/games:/usr/local/games:/snap/bin:/snap/bin:/share/b/grading/bin:/share/b/grading/sbin:/share/b/runas/x86_64:/share/b/bin:/home/ff/ee106a/venvs/all:/usr/local/sbin:/usr/local/bin:/usr/sbin:/usr/bin:/sbin:/bin:/share/b/grading/bin:/share/b/grading/sbin:/share/b/runas/x86_64:/share/b/bin:/home/ff/ee106a/venvs/all'), ('SESSION_MANAGER', 'local/c105-6:@/tmp/.ICE-unix/1043358,unix/c105-6:/tmp/.ICE-unix/1043358'), ('OS', 'Linux'), ('XDG_RUNTIME_DIR', '/run/user/90081'), ('DISPLAY', ':1'), ('LANG', 'en_US.UTF-8'), ('XDG_CURRENT_DESKTOP', 'MATE'), ('XDG_DATA_HOME', '/home/cc/ee106a/fa25/class/ee106a-add/.local/share'), ('XDG_CONFIG_HOME', '/home/cc/ee106a/fa25/class/ee106a-add/.config'), ('XMODIFIERS', '@im=ibus'), ('XDG_SESSION_DESKTOP', 'mate'), ('XAUTHORITY', '/run/user/90081/gdm/Xauthority'), ('SSH_AUTH_SOCK', '/run/user/90081/keyring/ssh'), ('ROS_DOMAIN_ID', '26'), ('AMENT_PREFIX_PATH', '/home/ff/ee106a/robot_workspaces/ur/install/ur7e_utils:/opt/ros/humble'), ('SHELL', '/usr/bin/bash'), ('QT_ACCESSIBILITY', '1'), ('EE106_UR_ROBOT_NAME', 'baymax'), ('GDMSESSION', 'mate'), ('RUNAS', '/share/b/runas/x86_64'), ('GPG_AGENT_INFO', '/run/user/90081/gnupg/S.gpg-agent:0:1'), ('CONFIG_SHELL', '/usr/bin/ksh'), ('QT_IM_MODULE', 'ibus'), ('PWD', '/home/cc/ee106a/fa25/class/ee106a-add/106A-CATCH/CATCH/build/catch_custom_msgs'), ('EE106_ENV_SETUP', 'ur_ros2'), ('CONTAINER_ID', 'ros2'), ('LC_ALL', 'C.UTF-8'), ('XDG_CONFIG_DIRS', '/etc/xdg/xdg-mate:/etc/xdg'), ('CLUTTER_IM_MODULE', 'ibus'), ('XDG_DATA_DIRS', '/usr/share/mate:/usr/share/mate:/usr/share/gnome:/home/cc/ee106a/fa25/class/ee106a-add/.local/share/flatpak/exports/share:/var/lib/flatpak/exports/share:/usr/local/share/:/usr/share/:/var/lib/snapd/desktop:/usr/local/share:/usr/share'), ('PYTHONPATH', '/home/ff/ee106a/robot_workspaces/ur/install/ur7e_utils/lib/python3.10/site-packages:/opt/ros/humble/lib/python3.10/site-packages:/opt/ros/humble/local/lib/python3.10/dist-packages'), ('MATE_DESKTOP_SESSION_ID', 'this-is-deprecated'), ('COLCON', '1'), ('MANPATH', '/usr/local/man:/usr/man:/usr/X11/man:/usr/local/man:/share/b/grading/man:/usr/local/man:/usr/man:/usr/X11/man:/usr/local/man:/share/b/grading/man:'), ('VTE_VERSION', '6800'), ('EDITOR', 'emacs'), ('QT_FONT_DPI', '122'), ('CMAKE_PREFIX_PATH', '/home/ff/ee106a/robot_workspaces/ur/install/ur7e_utils:/opt/ros/humble')]), 'shell': False}
[0.197968] (-) TimerEvent: {}
[0.298291] (-) TimerEvent: {}
[0.398675] (-) TimerEvent: {}
[0.498933] (-) TimerEvent: {}
[0.599191] (-) TimerEvent: {}
[0.699429] (-) TimerEvent: {}
[0.799690] (-) TimerEvent: {}
[0.900199] (-) TimerEvent: {}
[1.000500] (-) TimerEvent: {}
[1.100808] (-) TimerEvent: {}
[1.202499] (-) TimerEvent: {}
[1.261527] (catch_custom_msgs) StdoutLine: {'line': b'[  3%] Built target catch_custom_msgs__cpp\n'}
[1.261904] (catch_custom_msgs) StdoutLine: {'line': b'[ 12%] Built target catch_custom_msgs__rosidl_generator_c\n'}
[1.262597] (catch_custom_msgs) StdoutLine: {'line': b'[ 35%] Built target catch_custom_msgs__rosidl_typesupport_cpp\n'}
[1.263122] (catch_custom_msgs) StdoutLine: {'line': b'[ 41%] Built target catch_custom_msgs__rosidl_typesupport_fastrtps_cpp\n'}
[1.263836] (catch_custom_msgs) StdoutLine: {'line': b'[ 41%] Built target catch_custom_msgs__rosidl_typesupport_introspection_cpp\n'}
[1.263912] (catch_custom_msgs) StdoutLine: {'line': b'[ 58%] Built target ament_cmake_python_copy_catch_custom_msgs\n'}
[1.264471] (catch_custom_msgs) StdoutLine: {'line': b'[ 58%] Built target catch_custom_msgs__rosidl_typesupport_fastrtps_c\n'}
[1.265217] (catch_custom_msgs) StdoutLine: {'line': b'[ 70%] Built target catch_custom_msgs__rosidl_typesupport_c\n'}
[1.266580] (catch_custom_msgs) StdoutLine: {'line': b'[ 70%] Built target catch_custom_msgs__rosidl_typesupport_introspection_c\n'}
[1.266653] (catch_custom_msgs) StdoutLine: {'line': b'[ 70%] Built target catch_custom_msgs\n'}
[1.266714] (catch_custom_msgs) StdoutLine: {'line': b'[ 74%] Built target catch_custom_msgs__py\n'}
[1.266768] (catch_custom_msgs) StdoutLine: {'line': b'[ 80%] Built target catch_custom_msgs__rosidl_generator_py\n'}
[1.266821] (catch_custom_msgs) StdoutLine: {'line': b'[100%] Built target catch_custom_msgs__rosidl_typesupport_fastrtps_c__pyext\n'}
[1.266875] (catch_custom_msgs) StdoutLine: {'line': b'[100%] Built target catch_custom_msgs__rosidl_typesupport_c__pyext\n'}
[1.266927] (catch_custom_msgs) StdoutLine: {'line': b'[100%] Built target catch_custom_msgs__rosidl_typesupport_introspection_c__pyext\n'}
[1.266977] (catch_custom_msgs) StdoutLine: {'line': b'running egg_info\n'}
[1.267029] (catch_custom_msgs) StdoutLine: {'line': b'writing catch_custom_msgs.egg-info/PKG-INFO\n'}
[1.267080] (catch_custom_msgs) StdoutLine: {'line': b'writing dependency_links to catch_custom_msgs.egg-info/dependency_links.txt\n'}
[1.267130] (catch_custom_msgs) StdoutLine: {'line': b'writing top-level names to catch_custom_msgs.egg-info/top_level.txt\n'}
[1.268532] (catch_custom_msgs) StdoutLine: {'line': b"reading manifest file 'catch_custom_msgs.egg-info/SOURCES.txt'\n"}
[1.269770] (catch_custom_msgs) StdoutLine: {'line': b"writing manifest file 'catch_custom_msgs.egg-info/SOURCES.txt'\n"}
[1.270974] (catch_custom_msgs) StdoutLine: {'line': b'[100%] Built target ament_cmake_python_build_catch_custom_msgs_egg\n'}
[1.272418] (ros2_aruco_interfaces) JobProgress: {'identifier': 'ros2_aruco_interfaces', 'progress': 'cmake'}
[1.272439] (ros2_aruco_interfaces) JobProgress: {'identifier': 'ros2_aruco_interfaces', 'progress': 'build'}
[1.272893] (ros2_aruco_interfaces) Command: {'cmd': ['/usr/bin/cmake', '--build', '/home/cc/ee106a/fa25/class/ee106a-add/106A-CATCH/CATCH/build/ros2_aruco_interfaces', '--', '-j32', '-l32'], 'cwd': '/home/cc/ee106a/fa25/class/ee106a-add/106A-CATCH/CATCH/build/ros2_aruco_interfaces', 'env': OrderedDict([('ARCH', 'x86_64'), ('QT_SCALE_FACTOR', '1'), ('USER', 'ee106a-add'), ('HOSTNAME', 'ros2'), ('XDG_SESSION_TYPE', 'x11'), ('MASTERDIR', '/home/ff/ee106a'), ('COMPIZ_CONFIG_PROFILE', 'mate'), ('XDG_CACHE_HOME', '/home/cc/ee106a/fa25/class/ee106a-add/.cache'), ('SHLVL', '2'), ('LD_LIBRARY_PATH', '/home/ff/ee106a/librealsense/build/Release:/usr/lib/x86_64-linux-gnu/gazebo-11/plugins:/opt/ros/humble/opt/rviz_ogre_vendor/lib:/opt/ros/humble/lib/x86_64-linux-gnu:/opt/ros/humble/lib'), ('HOME', '/home/cc/ee106a/fa25/class/ee106a-add'), ('OLDPWD', '/home/cc/ee106a/fa25/class/ee106a-add'), ('DESKTOP_SESSION', 'mate'), ('ROS_PYTHON_VERSION', '3'), ('GTK_MODULES', 'gail:atk-bridge:appmenu-gtk-module:gail:atk-bridge:canberra-gtk-module'), ('EE106_UR_ROBOT_IP', '192.168.1.100'), ('DISTROBOX_ENTER_PATH', '/usr/local/bin/distrobox-enter'), ('SYSTEMD_EXEC_PID', '1043288'), ('NNTPSERVER', 'news.csua.berkeley.edu'), ('VISUAL', 'emacs'), ('XDG_STATE_HOME', '/home/cc/ee106a/fa25/class/ee106a-add/.local/state'), ('DBUS_SESSION_BUS_ADDRESS', 'unix:path=/run/user/90081/bus'), ('COLORTERM', 'truecolor'), ('container', 'podman'), ('UBUNTU_MENUPROXY', '1'), ('QT_QPA_PLATFORMTHEME', 'gtk2'), ('COLCON_PREFIX_PATH', '/home/ff/ee106a/robot_workspaces/ur/install'), ('ROS_DISTRO', 'humble'), ('GTK_IM_MODULE', 'ibus'), ('LOGNAME', 'ee106a-add'), ('MASTER', 'ee106a'), ('WINDOWID', '71890879'), ('ROS_VERSION', '2'), ('XDG_SESSION_CLASS', 'user'), ('TERMINFO_DIRS', '/usr/share/terminfo:/run/host/usr/share/terminfo'), ('USERNAME', 'ee106a-add'), ('TERM', 'xterm-256color'), ('GTK_OVERLAY_SCROLLING', '0'), ('XDG_SESSION_ID', '11786'), ('ROS_LOCALHOST_ONLY', '0'), ('WINDOWPATH', '2'), ('PATH', '/opt/ros/humble/bin:/share/b/grading/bin:/home/ff/ee106a/bin:/home/ff/ee106a/bin/arch/x86_64:/share/b/grading/bin:/home/ff/ee106a/bin:/home/ff/ee106a/bin/arch/x86_64:/usr/local/sbin:/usr/local/bin:/usr/sbin:/usr/bin:/sbin:/bin:/usr/games:/usr/local/games:/snap/bin:/snap/bin:/share/b/grading/bin:/share/b/grading/sbin:/share/b/runas/x86_64:/share/b/bin:/home/ff/ee106a/venvs/all:/usr/local/sbin:/usr/local/bin:/usr/sbin:/usr/bin:/sbin:/bin:/share/b/grading/bin:/share/b/grading/sbin:/share/b/runas/x86_64:/share/b/bin:/home/ff/ee106a/venvs/all'), ('SESSION_MANAGER', 'local/c105-6:@/tmp/.ICE-unix/1043358,unix/c105-6:/tmp/.ICE-unix/1043358'), ('OS', 'Linux'), ('XDG_RUNTIME_DIR', '/run/user/90081'), ('DISPLAY', ':1'), ('LANG', 'en_US.UTF-8'), ('XDG_CURRENT_DESKTOP', 'MATE'), ('XDG_DATA_HOME', '/home/cc/ee106a/fa25/class/ee106a-add/.local/share'), ('XDG_CONFIG_HOME', '/home/cc/ee106a/fa25/class/ee106a-add/.config'), ('XMODIFIERS', '@im=ibus'), ('XDG_SESSION_DESKTOP', 'mate'), ('XAUTHORITY', '/run/user/90081/gdm/Xauthority'), ('SSH_AUTH_SOCK', '/run/user/90081/keyring/ssh'), ('ROS_DOMAIN_ID', '26'), ('AMENT_PREFIX_PATH', '/home/ff/ee106a/robot_workspaces/ur/install/ur7e_utils:/opt/ros/humble'), ('SHELL', '/usr/bin/bash'), ('QT_ACCESSIBILITY', '1'), ('EE106_UR_ROBOT_NAME', 'baymax'), ('GDMSESSION', 'mate'), ('RUNAS', '/share/b/runas/x86_64'), ('GPG_AGENT_INFO', '/run/user/90081/gnupg/S.gpg-agent:0:1'), ('CONFIG_SHELL', '/usr/bin/ksh'), ('QT_IM_MODULE', 'ibus'), ('PWD', '/home/cc/ee106a/fa25/class/ee106a-add/106A-CATCH/CATCH/build/ros2_aruco_interfaces'), ('EE106_ENV_SETUP', 'ur_ros2'), ('CONTAINER_ID', 'ros2'), ('LC_ALL', 'C.UTF-8'), ('XDG_CONFIG_DIRS', '/etc/xdg/xdg-mate:/etc/xdg'), ('CLUTTER_IM_MODULE', 'ibus'), ('XDG_DATA_DIRS', '/usr/share/mate:/usr/share/mate:/usr/share/gnome:/home/cc/ee106a/fa25/class/ee106a-add/.local/share/flatpak/exports/share:/var/lib/flatpak/exports/share:/usr/local/share/:/usr/share/:/var/lib/snapd/desktop:/usr/local/share:/usr/share'), ('PYTHONPATH', '/home/ff/ee106a/robot_workspaces/ur/install/ur7e_utils/lib/python3.10/site-packages:/opt/ros/humble/lib/python3.10/site-packages:/opt/ros/humble/local/lib/python3.10/dist-packages'), ('MATE_DESKTOP_SESSION_ID', 'this-is-deprecated'), ('COLCON', '1'), ('MANPATH', '/usr/local/man:/usr/man:/usr/X11/man:/usr/local/man:/share/b/grading/man:/usr/local/man:/usr/man:/usr/X11/man:/usr/local/man:/share/b/grading/man:'), ('VTE_VERSION', '6800'), ('EDITOR', 'emacs'), ('QT_FONT_DPI', '122'), ('CMAKE_PREFIX_PATH', '/home/ff/ee106a/robot_workspaces/ur/install/ur7e_utils:/opt/ros/humble')]), 'shell': False}
[1.281165] (catch_custom_msgs) CommandEnded: {'returncode': 0}
[1.281392] (catch_custom_msgs) JobProgress: {'identifier': 'catch_custom_msgs', 'progress': 'install'}
[1.300990] (catch_custom_msgs) Command: {'cmd': ['/usr/bin/cmake', '--install', '/home/cc/ee106a/fa25/class/ee106a-add/106A-CATCH/CATCH/build/catch_custom_msgs'], 'cwd': '/home/cc/ee106a/fa25/class/ee106a-add/106A-CATCH/CATCH/build/catch_custom_msgs', 'env': OrderedDict([('ARCH', 'x86_64'), ('QT_SCALE_FACTOR', '1'), ('USER', 'ee106a-add'), ('HOSTNAME', 'ros2'), ('XDG_SESSION_TYPE', 'x11'), ('MASTERDIR', '/home/ff/ee106a'), ('COMPIZ_CONFIG_PROFILE', 'mate'), ('XDG_CACHE_HOME', '/home/cc/ee106a/fa25/class/ee106a-add/.cache'), ('SHLVL', '2'), ('LD_LIBRARY_PATH', '/home/ff/ee106a/librealsense/build/Release:/usr/lib/x86_64-linux-gnu/gazebo-11/plugins:/opt/ros/humble/opt/rviz_ogre_vendor/lib:/opt/ros/humble/lib/x86_64-linux-gnu:/opt/ros/humble/lib'), ('HOME', '/home/cc/ee106a/fa25/class/ee106a-add'), ('OLDPWD', '/home/cc/ee106a/fa25/class/ee106a-add'), ('DESKTOP_SESSION', 'mate'), ('ROS_PYTHON_VERSION', '3'), ('GTK_MODULES', 'gail:atk-bridge:appmenu-gtk-module:gail:atk-bridge:canberra-gtk-module'), ('EE106_UR_ROBOT_IP', '192.168.1.100'), ('DISTROBOX_ENTER_PATH', '/usr/local/bin/distrobox-enter'), ('SYSTEMD_EXEC_PID', '1043288'), ('NNTPSERVER', 'news.csua.berkeley.edu'), ('VISUAL', 'emacs'), ('XDG_STATE_HOME', '/home/cc/ee106a/fa25/class/ee106a-add/.local/state'), ('DBUS_SESSION_BUS_ADDRESS', 'unix:path=/run/user/90081/bus'), ('COLORTERM', 'truecolor'), ('container', 'podman'), ('UBUNTU_MENUPROXY', '1'), ('QT_QPA_PLATFORMTHEME', 'gtk2'), ('COLCON_PREFIX_PATH', '/home/ff/ee106a/robot_workspaces/ur/install'), ('ROS_DISTRO', 'humble'), ('GTK_IM_MODULE', 'ibus'), ('LOGNAME', 'ee106a-add'), ('MASTER', 'ee106a'), ('WINDOWID', '71890879'), ('ROS_VERSION', '2'), ('XDG_SESSION_CLASS', 'user'), ('TERMINFO_DIRS', '/usr/share/terminfo:/run/host/usr/share/terminfo'), ('USERNAME', 'ee106a-add'), ('TERM', 'xterm-256color'), ('GTK_OVERLAY_SCROLLING', '0'), ('XDG_SESSION_ID', '11786'), ('ROS_LOCALHOST_ONLY', '0'), ('WINDOWPATH', '2'), ('PATH', '/opt/ros/humble/bin:/share/b/grading/bin:/home/ff/ee106a/bin:/home/ff/ee106a/bin/arch/x86_64:/share/b/grading/bin:/home/ff/ee106a/bin:/home/ff/ee106a/bin/arch/x86_64:/usr/local/sbin:/usr/local/bin:/usr/sbin:/usr/bin:/sbin:/bin:/usr/games:/usr/local/games:/snap/bin:/snap/bin:/share/b/grading/bin:/share/b/grading/sbin:/share/b/runas/x86_64:/share/b/bin:/home/ff/ee106a/venvs/all:/usr/local/sbin:/usr/local/bin:/usr/sbin:/usr/bin:/sbin:/bin:/share/b/grading/bin:/share/b/grading/sbin:/share/b/runas/x86_64:/share/b/bin:/home/ff/ee106a/venvs/all'), ('SESSION_MANAGER', 'local/c105-6:@/tmp/.ICE-unix/1043358,unix/c105-6:/tmp/.ICE-unix/1043358'), ('OS', 'Linux'), ('XDG_RUNTIME_DIR', '/run/user/90081'), ('DISPLAY', ':1'), ('LANG', 'en_US.UTF-8'), ('XDG_CURRENT_DESKTOP', 'MATE'), ('XDG_DATA_HOME', '/home/cc/ee106a/fa25/class/ee106a-add/.local/share'), ('XDG_CONFIG_HOME', '/home/cc/ee106a/fa25/class/ee106a-add/.config'), ('XMODIFIERS', '@im=ibus'), ('XDG_SESSION_DESKTOP', 'mate'), ('XAUTHORITY', '/run/user/90081/gdm/Xauthority'), ('SSH_AUTH_SOCK', '/run/user/90081/keyring/ssh'), ('ROS_DOMAIN_ID', '26'), ('AMENT_PREFIX_PATH', '/home/ff/ee106a/robot_workspaces/ur/install/ur7e_utils:/opt/ros/humble'), ('SHELL', '/usr/bin/bash'), ('QT_ACCESSIBILITY', '1'), ('EE106_UR_ROBOT_NAME', 'baymax'), ('GDMSESSION', 'mate'), ('RUNAS', '/share/b/runas/x86_64'), ('GPG_AGENT_INFO', '/run/user/90081/gnupg/S.gpg-agent:0:1'), ('CONFIG_SHELL', '/usr/bin/ksh'), ('QT_IM_MODULE', 'ibus'), ('PWD', '/home/cc/ee106a/fa25/class/ee106a-add/106A-CATCH/CATCH/build/catch_custom_msgs'), ('EE106_ENV_SETUP', 'ur_ros2'), ('CONTAINER_ID', 'ros2'), ('LC_ALL', 'C.UTF-8'), ('XDG_CONFIG_DIRS', '/etc/xdg/xdg-mate:/etc/xdg'), ('CLUTTER_IM_MODULE', 'ibus'), ('XDG_DATA_DIRS', '/usr/share/mate:/usr/share/mate:/usr/share/gnome:/home/cc/ee106a/fa25/class/ee106a-add/.local/share/flatpak/exports/share:/var/lib/flatpak/exports/share:/usr/local/share/:/usr/share/:/var/lib/snapd/desktop:/usr/local/share:/usr/share'), ('PYTHONPATH', '/home/ff/ee106a/robot_workspaces/ur/install/ur7e_utils/lib/python3.10/site-packages:/opt/ros/humble/lib/python3.10/site-packages:/opt/ros/humble/local/lib/python3.10/dist-packages'), ('MATE_DESKTOP_SESSION_ID', 'this-is-deprecated'), ('COLCON', '1'), ('MANPATH', '/usr/local/man:/usr/man:/usr/X11/man:/usr/local/man:/share/b/grading/man:/usr/local/man:/usr/man:/usr/X11/man:/usr/local/man:/share/b/grading/man:'), ('VTE_VERSION', '6800'), ('EDITOR', 'emacs'), ('QT_FONT_DPI', '122'), ('CMAKE_PREFIX_PATH', '/home/ff/ee106a/robot_workspaces/ur/install/ur7e_utils:/opt/ros/humble')]), 'shell': False}
[1.302553] (-) TimerEvent: {}
[1.322429] (catch_custom_msgs) StdoutLine: {'line': b'-- Install configuration: ""\n'}
[1.323121] (catch_custom_msgs) StdoutLine: {'line': b'-- Up-to-date: /home/cc/ee106a/fa25/class/ee106a-add/106A-CATCH/CATCH/install/catch_custom_msgs/share/ament_index/resource_index/rosidl_interfaces/catch_custom_msgs\n'}
[1.323226] (catch_custom_msgs) StdoutLine: {'line': b'-- Up-to-date: /home/cc/ee106a/fa25/class/ee106a-add/106A-CATCH/CATCH/install/catch_custom_msgs/include/catch_custom_msgs/catch_custom_msgs\n'}
[1.323770] (catch_custom_msgs) StdoutLine: {'line': b'-- Up-to-date: /home/cc/ee106a/fa25/class/ee106a-add/106A-CATCH/CATCH/install/catch_custom_msgs/include/catch_custom_msgs/catch_custom_msgs/msg\n'}
[1.323819] (catch_custom_msgs) StdoutLine: {'line': b'-- Up-to-date: /home/cc/ee106a/fa25/class/ee106a-add/106A-CATCH/CATCH/install/catch_custom_msgs/include/catch_custom_msgs/catch_custom_msgs/msg/point_vel.h\n'}
[1.324406] (catch_custom_msgs) StdoutLine: {'line': b'-- Up-to-date: /home/cc/ee106a/fa25/class/ee106a-add/106A-CATCH/CATCH/install/catch_custom_msgs/include/catch_custom_msgs/catch_custom_msgs/msg/rosidl_generator_c__visibility_control.h\n'}
[1.324912] (catch_custom_msgs) StdoutLine: {'line': b'-- Up-to-date: /home/cc/ee106a/fa25/class/ee106a-add/106A-CATCH/CATCH/install/catch_custom_msgs/include/catch_custom_msgs/catch_custom_msgs/msg/detail\n'}
[1.325008] (catch_custom_msgs) StdoutLine: {'line': b'-- Up-to-date: /home/cc/ee106a/fa25/class/ee106a-add/106A-CATCH/CATCH/install/catch_custom_msgs/include/catch_custom_msgs/catch_custom_msgs/msg/detail/point_vel__functions.c\n'}
[1.326095] (catch_custom_msgs) StdoutLine: {'line': b'-- Up-to-date: /home/cc/ee106a/fa25/class/ee106a-add/106A-CATCH/CATCH/install/catch_custom_msgs/include/catch_custom_msgs/catch_custom_msgs/msg/detail/point_vel__functions.h\n'}
[1.326960] (catch_custom_msgs) StdoutLine: {'line': b'-- Up-to-date: /home/cc/ee106a/fa25/class/ee106a-add/106A-CATCH/CATCH/install/catch_custom_msgs/include/catch_custom_msgs/catch_custom_msgs/msg/detail/point_vel__struct.h\n'}
[1.328091] (catch_custom_msgs) StdoutLine: {'line': b'-- Up-to-date: /home/cc/ee106a/fa25/class/ee106a-add/106A-CATCH/CATCH/install/catch_custom_msgs/include/catch_custom_msgs/catch_custom_msgs/msg/detail/point_vel__type_support.h\n'}
[1.330105] (catch_custom_msgs) StdoutLine: {'line': b'-- Up-to-date: /home/cc/ee106a/fa25/class/ee106a-add/106A-CATCH/CATCH/install/catch_custom_msgs/share/catch_custom_msgs/environment/library_path.sh\n'}
[1.333664] (catch_custom_msgs) StdoutLine: {'line': b'-- Up-to-date: /home/cc/ee106a/fa25/class/ee106a-add/106A-CATCH/CATCH/install/catch_custom_msgs/share/catch_custom_msgs/environment/library_path.dsv\n'}
[1.334212] (catch_custom_msgs) StdoutLine: {'line': b'-- Up-to-date: /home/cc/ee106a/fa25/class/ee106a-add/106A-CATCH/CATCH/install/catch_custom_msgs/lib/libcatch_custom_msgs__rosidl_generator_c.so\n'}
[1.336924] (catch_custom_msgs) StdoutLine: {'line': b'-- Up-to-date: /home/cc/ee106a/fa25/class/ee106a-add/106A-CATCH/CATCH/install/catch_custom_msgs/include/catch_custom_msgs/catch_custom_msgs\n'}
[1.339022] (catch_custom_msgs) StdoutLine: {'line': b'-- Up-to-date: /home/cc/ee106a/fa25/class/ee106a-add/106A-CATCH/CATCH/install/catch_custom_msgs/include/catch_custom_msgs/catch_custom_msgs/msg\n'}
[1.340925] (catch_custom_msgs) StdoutLine: {'line': b'-- Up-to-date: /home/cc/ee106a/fa25/class/ee106a-add/106A-CATCH/CATCH/install/catch_custom_msgs/include/catch_custom_msgs/catch_custom_msgs/msg/detail\n'}
[1.342711] (catch_custom_msgs) StdoutLine: {'line': b'-- Up-to-date: /home/cc/ee106a/fa25/class/ee106a-add/106A-CATCH/CATCH/install/catch_custom_msgs/include/catch_custom_msgs/catch_custom_msgs/msg/detail/point_vel__rosidl_typesupport_fastrtps_c.h\n'}
[1.343534] (catch_custom_msgs) StdoutLine: {'line': b'-- Up-to-date: /home/cc/ee106a/fa25/class/ee106a-add/106A-CATCH/CATCH/install/catch_custom_msgs/include/catch_custom_msgs/catch_custom_msgs/msg/rosidl_typesupport_fastrtps_c__visibility_control.h\n'}
[1.345483] (catch_custom_msgs) StdoutLine: {'line': b'-- Up-to-date: /home/cc/ee106a/fa25/class/ee106a-add/106A-CATCH/CATCH/install/catch_custom_msgs/lib/libcatch_custom_msgs__rosidl_typesupport_fastrtps_c.so\n'}
[1.348641] (catch_custom_msgs) StdoutLine: {'line': b'-- Up-to-date: /home/cc/ee106a/fa25/class/ee106a-add/106A-CATCH/CATCH/install/catch_custom_msgs/include/catch_custom_msgs/catch_custom_msgs\n'}
[1.350239] (catch_custom_msgs) StdoutLine: {'line': b'-- Up-to-date: /home/cc/ee106a/fa25/class/ee106a-add/106A-CATCH/CATCH/install/catch_custom_msgs/include/catch_custom_msgs/catch_custom_msgs/msg\n'}
[1.351847] (catch_custom_msgs) StdoutLine: {'line': b'-- Up-to-date: /home/cc/ee106a/fa25/class/ee106a-add/106A-CATCH/CATCH/install/catch_custom_msgs/include/catch_custom_msgs/catch_custom_msgs/msg/detail\n'}
[1.353833] (catch_custom_msgs) StdoutLine: {'line': b'-- Up-to-date: /home/cc/ee106a/fa25/class/ee106a-add/106A-CATCH/CATCH/install/catch_custom_msgs/include/catch_custom_msgs/catch_custom_msgs/msg/detail/point_vel__rosidl_typesupport_introspection_c.h\n'}
[1.354685] (catch_custom_msgs) StdoutLine: {'line': b'-- Up-to-date: /home/cc/ee106a/fa25/class/ee106a-add/106A-CATCH/CATCH/install/catch_custom_msgs/include/catch_custom_msgs/catch_custom_msgs/msg/detail/point_vel__type_support.c\n'}
[1.355826] (catch_custom_msgs) StdoutLine: {'line': b'-- Up-to-date: /home/cc/ee106a/fa25/class/ee106a-add/106A-CATCH/CATCH/install/catch_custom_msgs/include/catch_custom_msgs/catch_custom_msgs/msg/rosidl_typesupport_introspection_c__visibility_control.h\n'}
[1.358066] (catch_custom_msgs) StdoutLine: {'line': b'-- Up-to-date: /home/cc/ee106a/fa25/class/ee106a-add/106A-CATCH/CATCH/install/catch_custom_msgs/lib/libcatch_custom_msgs__rosidl_typesupport_introspection_c.so\n'}
[1.362775] (catch_custom_msgs) StdoutLine: {'line': b'-- Up-to-date: /home/cc/ee106a/fa25/class/ee106a-add/106A-CATCH/CATCH/install/catch_custom_msgs/lib/libcatch_custom_msgs__rosidl_typesupport_c.so\n'}
[1.365844] (catch_custom_msgs) StdoutLine: {'line': b'-- Up-to-date: /home/cc/ee106a/fa25/class/ee106a-add/106A-CATCH/CATCH/install/catch_custom_msgs/include/catch_custom_msgs/catch_custom_msgs\n'}
[1.367475] (catch_custom_msgs) StdoutLine: {'line': b'-- Up-to-date: /home/cc/ee106a/fa25/class/ee106a-add/106A-CATCH/CATCH/install/catch_custom_msgs/include/catch_custom_msgs/catch_custom_msgs/msg\n'}
[1.369395] (catch_custom_msgs) StdoutLine: {'line': b'-- Up-to-date: /home/cc/ee106a/fa25/class/ee106a-add/106A-CATCH/CATCH/install/catch_custom_msgs/include/catch_custom_msgs/catch_custom_msgs/msg/point_vel.hpp\n'}
[1.370404] (catch_custom_msgs) StdoutLine: {'line': b'-- Up-to-date: /home/cc/ee106a/fa25/class/ee106a-add/106A-CATCH/CATCH/install/catch_custom_msgs/include/catch_custom_msgs/catch_custom_msgs/msg/rosidl_generator_cpp__visibility_control.hpp\n'}
[1.371376] (catch_custom_msgs) StdoutLine: {'line': b'-- Up-to-date: /home/cc/ee106a/fa25/class/ee106a-add/106A-CATCH/CATCH/install/catch_custom_msgs/include/catch_custom_msgs/catch_custom_msgs/msg/detail\n'}
[1.374918] (catch_custom_msgs) StdoutLine: {'line': b'-- Up-to-date: /home/cc/ee106a/fa25/class/ee106a-add/106A-CATCH/CATCH/install/catch_custom_msgs/include/catch_custom_msgs/catch_custom_msgs/msg/detail/point_vel__builder.hpp\n'}
[1.375811] (catch_custom_msgs) StdoutLine: {'line': b'-- Up-to-date: /home/cc/ee106a/fa25/class/ee106a-add/106A-CATCH/CATCH/install/catch_custom_msgs/include/catch_custom_msgs/catch_custom_msgs/msg/detail/point_vel__struct.hpp\n'}
[1.377397] (catch_custom_msgs) StdoutLine: {'line': b'-- Up-to-date: /home/cc/ee106a/fa25/class/ee106a-add/106A-CATCH/CATCH/install/catch_custom_msgs/include/catch_custom_msgs/catch_custom_msgs/msg/detail/point_vel__traits.hpp\n'}
[1.377853] (catch_custom_msgs) StdoutLine: {'line': b'-- Up-to-date: /home/cc/ee106a/fa25/class/ee106a-add/106A-CATCH/CATCH/install/catch_custom_msgs/include/catch_custom_msgs/catch_custom_msgs/msg/detail/point_vel__type_support.hpp\n'}
[1.378293] (catch_custom_msgs) StdoutLine: {'line': b'-- Up-to-date: /home/cc/ee106a/fa25/class/ee106a-add/106A-CATCH/CATCH/install/catch_custom_msgs/include/catch_custom_msgs/catch_custom_msgs\n'}
[1.379945] (catch_custom_msgs) StdoutLine: {'line': b'-- Up-to-date: /home/cc/ee106a/fa25/class/ee106a-add/106A-CATCH/CATCH/install/catch_custom_msgs/include/catch_custom_msgs/catch_custom_msgs/msg\n'}
[1.381899] (catch_custom_msgs) StdoutLine: {'line': b'-- Up-to-date: /home/cc/ee106a/fa25/class/ee106a-add/106A-CATCH/CATCH/install/catch_custom_msgs/include/catch_custom_msgs/catch_custom_msgs/msg/detail\n'}
[1.383417] (catch_custom_msgs) StdoutLine: {'line': b'-- Up-to-date: /home/cc/ee106a/fa25/class/ee106a-add/106A-CATCH/CATCH/install/catch_custom_msgs/include/catch_custom_msgs/catch_custom_msgs/msg/detail/point_vel__rosidl_typesupport_fastrtps_cpp.hpp\n'}
[1.384249] (catch_custom_msgs) StdoutLine: {'line': b'-- Up-to-date: /home/cc/ee106a/fa25/class/ee106a-add/106A-CATCH/CATCH/install/catch_custom_msgs/include/catch_custom_msgs/catch_custom_msgs/msg/detail/dds_fastrtps\n'}
[1.385681] (catch_custom_msgs) StdoutLine: {'line': b'-- Up-to-date: /home/cc/ee106a/fa25/class/ee106a-add/106A-CATCH/CATCH/install/catch_custom_msgs/include/catch_custom_msgs/catch_custom_msgs/msg/rosidl_typesupport_fastrtps_cpp__visibility_control.h\n'}
[1.388122] (catch_custom_msgs) StdoutLine: {'line': b'-- Up-to-date: /home/cc/ee106a/fa25/class/ee106a-add/106A-CATCH/CATCH/install/catch_custom_msgs/lib/libcatch_custom_msgs__rosidl_typesupport_fastrtps_cpp.so\n'}
[1.392992] (catch_custom_msgs) StdoutLine: {'line': b'-- Up-to-date: /home/cc/ee106a/fa25/class/ee106a-add/106A-CATCH/CATCH/install/catch_custom_msgs/include/catch_custom_msgs/catch_custom_msgs\n'}
[1.394735] (catch_custom_msgs) StdoutLine: {'line': b'-- Up-to-date: /home/cc/ee106a/fa25/class/ee106a-add/106A-CATCH/CATCH/install/catch_custom_msgs/include/catch_custom_msgs/catch_custom_msgs/msg\n'}
[1.396404] (catch_custom_msgs) StdoutLine: {'line': b'-- Up-to-date: /home/cc/ee106a/fa25/class/ee106a-add/106A-CATCH/CATCH/install/catch_custom_msgs/include/catch_custom_msgs/catch_custom_msgs/msg/detail\n'}
[1.398088] (catch_custom_msgs) StdoutLine: {'line': b'-- Up-to-date: /home/cc/ee106a/fa25/class/ee106a-add/106A-CATCH/CATCH/install/catch_custom_msgs/include/catch_custom_msgs/catch_custom_msgs/msg/detail/point_vel__rosidl_typesupport_introspection_cpp.hpp\n'}
[1.398952] (catch_custom_msgs) StdoutLine: {'line': b'-- Up-to-date: /home/cc/ee106a/fa25/class/ee106a-add/106A-CATCH/CATCH/install/catch_custom_msgs/include/catch_custom_msgs/catch_custom_msgs/msg/detail/point_vel__type_support.cpp\n'}
[1.401474] (catch_custom_msgs) StdoutLine: {'line': b'-- Up-to-date: /home/cc/ee106a/fa25/class/ee106a-add/106A-CATCH/CATCH/install/catch_custom_msgs/lib/libcatch_custom_msgs__rosidl_typesupport_introspection_cpp.so\n'}
[1.402627] (-) TimerEvent: {}
[1.410586] (catch_custom_msgs) StdoutLine: {'line': b'-- Up-to-date: /home/cc/ee106a/fa25/class/ee106a-add/106A-CATCH/CATCH/install/catch_custom_msgs/lib/libcatch_custom_msgs__rosidl_typesupport_cpp.so\n'}
[1.415315] (catch_custom_msgs) StdoutLine: {'line': b'-- Up-to-date: /home/cc/ee106a/fa25/class/ee106a-add/106A-CATCH/CATCH/install/catch_custom_msgs/share/catch_custom_msgs/environment/pythonpath.sh\n'}
[1.417444] (catch_custom_msgs) StdoutLine: {'line': b'-- Up-to-date: /home/cc/ee106a/fa25/class/ee106a-add/106A-CATCH/CATCH/install/catch_custom_msgs/share/catch_custom_msgs/environment/pythonpath.dsv\n'}
[1.419174] (catch_custom_msgs) StdoutLine: {'line': b'-- Up-to-date: /home/cc/ee106a/fa25/class/ee106a-add/106A-CATCH/CATCH/install/catch_custom_msgs/local/lib/python3.10/dist-packages/catch_custom_msgs-0.0.0-py3.10.egg-info\n'}
[1.420617] (catch_custom_msgs) StdoutLine: {'line': b'-- Installing: /home/cc/ee106a/fa25/class/ee106a-add/106A-CATCH/CATCH/install/catch_custom_msgs/local/lib/python3.10/dist-packages/catch_custom_msgs-0.0.0-py3.10.egg-info/PKG-INFO\n'}
[1.427581] (catch_custom_msgs) StdoutLine: {'line': b'-- Installing: /home/cc/ee106a/fa25/class/ee106a-add/106A-CATCH/CATCH/install/catch_custom_msgs/local/lib/python3.10/dist-packages/catch_custom_msgs-0.0.0-py3.10.egg-info/dependency_links.txt\n'}
[1.435671] (catch_custom_msgs) StdoutLine: {'line': b'-- Installing: /home/cc/ee106a/fa25/class/ee106a-add/106A-CATCH/CATCH/install/catch_custom_msgs/local/lib/python3.10/dist-packages/catch_custom_msgs-0.0.0-py3.10.egg-info/top_level.txt\n'}
[1.446013] (catch_custom_msgs) StdoutLine: {'line': b'-- Installing: /home/cc/ee106a/fa25/class/ee106a-add/106A-CATCH/CATCH/install/catch_custom_msgs/local/lib/python3.10/dist-packages/catch_custom_msgs-0.0.0-py3.10.egg-info/SOURCES.txt\n'}
[1.456257] (catch_custom_msgs) StdoutLine: {'line': b'-- Up-to-date: /home/cc/ee106a/fa25/class/ee106a-add/106A-CATCH/CATCH/install/catch_custom_msgs/local/lib/python3.10/dist-packages/catch_custom_msgs\n'}
[1.458533] (catch_custom_msgs) StdoutLine: {'line': b'-- Up-to-date: /home/cc/ee106a/fa25/class/ee106a-add/106A-CATCH/CATCH/install/catch_custom_msgs/local/lib/python3.10/dist-packages/catch_custom_msgs/__init__.py\n'}
[1.459640] (catch_custom_msgs) StdoutLine: {'line': b'-- Up-to-date: /home/cc/ee106a/fa25/class/ee106a-add/106A-CATCH/CATCH/install/catch_custom_msgs/local/lib/python3.10/dist-packages/catch_custom_msgs/msg\n'}
[1.461936] (catch_custom_msgs) StdoutLine: {'line': b'-- Up-to-date: /home/cc/ee106a/fa25/class/ee106a-add/106A-CATCH/CATCH/install/catch_custom_msgs/local/lib/python3.10/dist-packages/catch_custom_msgs/msg/_point_vel.py\n'}
[1.462855] (catch_custom_msgs) StdoutLine: {'line': b'-- Up-to-date: /home/cc/ee106a/fa25/class/ee106a-add/106A-CATCH/CATCH/install/catch_custom_msgs/local/lib/python3.10/dist-packages/catch_custom_msgs/msg/_point_vel_s.c\n'}
[1.463950] (catch_custom_msgs) StdoutLine: {'line': b'-- Up-to-date: /home/cc/ee106a/fa25/class/ee106a-add/106A-CATCH/CATCH/install/catch_custom_msgs/local/lib/python3.10/dist-packages/catch_custom_msgs/msg/__init__.py\n'}
[1.464832] (catch_custom_msgs) StdoutLine: {'line': b'-- Up-to-date: /home/cc/ee106a/fa25/class/ee106a-add/106A-CATCH/CATCH/install/catch_custom_msgs/local/lib/python3.10/dist-packages/catch_custom_msgs/_catch_custom_msgs_s.ep.rosidl_typesupport_fastrtps_c.c\n'}
[1.466185] (catch_custom_msgs) StdoutLine: {'line': b'-- Up-to-date: /home/cc/ee106a/fa25/class/ee106a-add/106A-CATCH/CATCH/install/catch_custom_msgs/local/lib/python3.10/dist-packages/catch_custom_msgs/_catch_custom_msgs_s.ep.rosidl_typesupport_introspection_c.c\n'}
[1.467218] (catch_custom_msgs) StdoutLine: {'line': b'-- Up-to-date: /home/cc/ee106a/fa25/class/ee106a-add/106A-CATCH/CATCH/install/catch_custom_msgs/local/lib/python3.10/dist-packages/catch_custom_msgs/_catch_custom_msgs_s.ep.rosidl_typesupport_c.c\n'}
[1.467966] (catch_custom_msgs) StdoutLine: {'line': b'-- Up-to-date: /home/cc/ee106a/fa25/class/ee106a-add/106A-CATCH/CATCH/install/catch_custom_msgs/local/lib/python3.10/dist-packages/catch_custom_msgs/libcatch_custom_msgs__rosidl_generator_py.so\n'}
[1.468867] (ros2_aruco_interfaces) StdoutLine: {'line': b'[  2%] Built target ros2_aruco_interfaces__cpp\n'}
[1.469402] (catch_custom_msgs) StdoutLine: {'line': b'-- Up-to-date: /home/cc/ee106a/fa25/class/ee106a-add/106A-CATCH/CATCH/install/catch_custom_msgs/local/lib/python3.10/dist-packages/catch_custom_msgs/catch_custom_msgs_s__rosidl_typesupport_c.cpython-310-x86_64-linux-gnu.so\n'}
[1.470185] (catch_custom_msgs) StdoutLine: {'line': b'-- Up-to-date: /home/cc/ee106a/fa25/class/ee106a-add/106A-CATCH/CATCH/install/catch_custom_msgs/local/lib/python3.10/dist-packages/catch_custom_msgs/catch_custom_msgs_s__rosidl_typesupport_introspection_c.cpython-310-x86_64-linux-gnu.so\n'}
[1.471468] (catch_custom_msgs) StdoutLine: {'line': b'-- Up-to-date: /home/cc/ee106a/fa25/class/ee106a-add/106A-CATCH/CATCH/install/catch_custom_msgs/local/lib/python3.10/dist-packages/catch_custom_msgs/catch_custom_msgs_s__rosidl_typesupport_fastrtps_c.cpython-310-x86_64-linux-gnu.so\n'}
[1.489661] (ros2_aruco_interfaces) StdoutLine: {'line': b'[ 12%] Built target ros2_aruco_interfaces__rosidl_generator_c\n'}
[1.502727] (-) TimerEvent: {}
[1.546149] (catch_custom_msgs) StdoutLine: {'line': b"Listing '/home/cc/ee106a/fa25/class/ee106a-add/106A-CATCH/CATCH/install/catch_custom_msgs/local/lib/python3.10/dist-packages/catch_custom_msgs'...\n"}
[1.546331] (catch_custom_msgs) StdoutLine: {'line': b"Listing '/home/cc/ee106a/fa25/class/ee106a-add/106A-CATCH/CATCH/install/catch_custom_msgs/local/lib/python3.10/dist-packages/catch_custom_msgs/msg'...\n"}
[1.563358] (catch_custom_msgs) StdoutLine: {'line': b'-- Up-to-date: /home/cc/ee106a/fa25/class/ee106a-add/106A-CATCH/CATCH/install/catch_custom_msgs/local/lib/python3.10/dist-packages/catch_custom_msgs/catch_custom_msgs_s__rosidl_typesupport_fastrtps_c.cpython-310-x86_64-linux-gnu.so\n'}
[1.575084] (catch_custom_msgs) StdoutLine: {'line': b'-- Up-to-date: /home/cc/ee106a/fa25/class/ee106a-add/106A-CATCH/CATCH/install/catch_custom_msgs/local/lib/python3.10/dist-packages/catch_custom_msgs/catch_custom_msgs_s__rosidl_typesupport_introspection_c.cpython-310-x86_64-linux-gnu.so\n'}
[1.584755] (catch_custom_msgs) StdoutLine: {'line': b'-- Up-to-date: /home/cc/ee106a/fa25/class/ee106a-add/106A-CATCH/CATCH/install/catch_custom_msgs/local/lib/python3.10/dist-packages/catch_custom_msgs/catch_custom_msgs_s__rosidl_typesupport_c.cpython-310-x86_64-linux-gnu.so\n'}
[1.589943] (catch_custom_msgs) StdoutLine: {'line': b'-- Up-to-date: /home/cc/ee106a/fa25/class/ee106a-add/106A-CATCH/CATCH/install/catch_custom_msgs/lib/libcatch_custom_msgs__rosidl_generator_py.so\n'}
[1.594480] (catch_custom_msgs) StdoutLine: {'line': b'-- Up-to-date: /home/cc/ee106a/fa25/class/ee106a-add/106A-CATCH/CATCH/install/catch_custom_msgs/share/catch_custom_msgs/msg/PointVel.idl\n'}
[1.595494] (catch_custom_msgs) StdoutLine: {'line': b'-- Up-to-date: /home/cc/ee106a/fa25/class/ee106a-add/106A-CATCH/CATCH/install/catch_custom_msgs/share/catch_custom_msgs/msg/PointVel.msg\n'}
[1.596762] (catch_custom_msgs) StdoutLine: {'line': b'-- Up-to-date: /home/cc/ee106a/fa25/class/ee106a-add/106A-CATCH/CATCH/install/catch_custom_msgs/share/ament_index/resource_index/package_run_dependencies/catch_custom_msgs\n'}
[1.598161] (catch_custom_msgs) StdoutLine: {'line': b'-- Up-to-date: /home/cc/ee106a/fa25/class/ee106a-add/106A-CATCH/CATCH/install/catch_custom_msgs/share/ament_index/resource_index/parent_prefix_path/catch_custom_msgs\n'}
[1.599247] (catch_custom_msgs) StdoutLine: {'line': b'-- Up-to-date: /home/cc/ee106a/fa25/class/ee106a-add/106A-CATCH/CATCH/install/catch_custom_msgs/share/catch_custom_msgs/environment/ament_prefix_path.sh\n'}
[1.601151] (catch_custom_msgs) StdoutLine: {'line': b'-- Up-to-date: /home/cc/ee106a/fa25/class/ee106a-add/106A-CATCH/CATCH/install/catch_custom_msgs/share/catch_custom_msgs/environment/ament_prefix_path.dsv\n'}
[1.602285] (catch_custom_msgs) StdoutLine: {'line': b'-- Up-to-date: /home/cc/ee106a/fa25/class/ee106a-add/106A-CATCH/CATCH/install/catch_custom_msgs/share/catch_custom_msgs/environment/path.sh\n'}
[1.603033] (-) TimerEvent: {}
[1.604342] (catch_custom_msgs) StdoutLine: {'line': b'-- Up-to-date: /home/cc/ee106a/fa25/class/ee106a-add/106A-CATCH/CATCH/install/catch_custom_msgs/share/catch_custom_msgs/environment/path.dsv\n'}
[1.605303] (catch_custom_msgs) StdoutLine: {'line': b'-- Up-to-date: /home/cc/ee106a/fa25/class/ee106a-add/106A-CATCH/CATCH/install/catch_custom_msgs/share/catch_custom_msgs/local_setup.bash\n'}
[1.606537] (catch_custom_msgs) StdoutLine: {'line': b'-- Up-to-date: /home/cc/ee106a/fa25/class/ee106a-add/106A-CATCH/CATCH/install/catch_custom_msgs/share/catch_custom_msgs/local_setup.sh\n'}
[1.609328] (catch_custom_msgs) StdoutLine: {'line': b'-- Up-to-date: /home/cc/ee106a/fa25/class/ee106a-add/106A-CATCH/CATCH/install/catch_custom_msgs/share/catch_custom_msgs/local_setup.zsh\n'}
[1.610938] (catch_custom_msgs) StdoutLine: {'line': b'-- Up-to-date: /home/cc/ee106a/fa25/class/ee106a-add/106A-CATCH/CATCH/install/catch_custom_msgs/share/catch_custom_msgs/local_setup.dsv\n'}
[1.613112] (catch_custom_msgs) StdoutLine: {'line': b'-- Installing: /home/cc/ee106a/fa25/class/ee106a-add/106A-CATCH/CATCH/install/catch_custom_msgs/share/catch_custom_msgs/package.dsv\n'}
[1.629968] (ros2_aruco_interfaces) StdoutLine: {'line': b'[ 48%] Built target ros2_aruco_interfaces__rosidl_typesupport_cpp\n'}
[1.634171] (catch_custom_msgs) StdoutLine: {'line': b'-- Up-to-date: /home/cc/ee106a/fa25/class/ee106a-add/106A-CATCH/CATCH/install/catch_custom_msgs/share/ament_index/resource_index/packages/catch_custom_msgs\n'}
[1.640919] (ros2_aruco_interfaces) StdoutLine: {'line': b'[ 56%] Built target ros2_aruco_interfaces__rosidl_typesupport_fastrtps_cpp\n'}
[1.645800] (catch_custom_msgs) StdoutLine: {'line': b'-- Up-to-date: /home/cc/ee106a/fa25/class/ee106a-add/106A-CATCH/CATCH/install/catch_custom_msgs/share/catch_custom_msgs/cmake/export_catch_custom_msgs__rosidl_generator_cExport.cmake\n'}
[1.646248] (ros2_aruco_interfaces) StdoutLine: {'line': b'[ 69%] Built target ros2_aruco_interfaces__rosidl_typesupport_introspection_cpp\n'}
[1.647563] (catch_custom_msgs) StdoutLine: {'line': b'-- Up-to-date: /home/cc/ee106a/fa25/class/ee106a-add/106A-CATCH/CATCH/install/catch_custom_msgs/share/catch_custom_msgs/cmake/export_catch_custom_msgs__rosidl_generator_cExport-noconfig.cmake\n'}
[1.649063] (ros2_aruco_interfaces) StdoutLine: {'line': b'[ 74%] Built target ros2_aruco_interfaces__rosidl_typesupport_c\n'}
[1.649167] (ros2_aruco_interfaces) StdoutLine: {'line': b'[ 74%] Built target ros2_aruco_interfaces__rosidl_typesupport_introspection_c\n'}
[1.649679] (ros2_aruco_interfaces) StdoutLine: {'line': b'[ 74%] Built target ros2_aruco_interfaces__rosidl_typesupport_fastrtps_c\n'}
[1.652539] (catch_custom_msgs) StdoutLine: {'line': b'-- Up-to-date: /home/cc/ee106a/fa25/class/ee106a-add/106A-CATCH/CATCH/install/catch_custom_msgs/share/catch_custom_msgs/cmake/export_catch_custom_msgs__rosidl_typesupport_fastrtps_cExport.cmake\n'}
[1.654146] (catch_custom_msgs) StdoutLine: {'line': b'-- Up-to-date: /home/cc/ee106a/fa25/class/ee106a-add/106A-CATCH/CATCH/install/catch_custom_msgs/share/catch_custom_msgs/cmake/export_catch_custom_msgs__rosidl_typesupport_fastrtps_cExport-noconfig.cmake\n'}
[1.659056] (catch_custom_msgs) StdoutLine: {'line': b'-- Up-to-date: /home/cc/ee106a/fa25/class/ee106a-add/106A-CATCH/CATCH/install/catch_custom_msgs/share/catch_custom_msgs/cmake/catch_custom_msgs__rosidl_typesupport_introspection_cExport.cmake\n'}
[1.660664] (catch_custom_msgs) StdoutLine: {'line': b'-- Up-to-date: /home/cc/ee106a/fa25/class/ee106a-add/106A-CATCH/CATCH/install/catch_custom_msgs/share/catch_custom_msgs/cmake/catch_custom_msgs__rosidl_typesupport_introspection_cExport-noconfig.cmake\n'}
[1.664640] (catch_custom_msgs) StdoutLine: {'line': b'-- Up-to-date: /home/cc/ee106a/fa25/class/ee106a-add/106A-CATCH/CATCH/install/catch_custom_msgs/share/catch_custom_msgs/cmake/catch_custom_msgs__rosidl_typesupport_cExport.cmake\n'}
[1.666250] (catch_custom_msgs) StdoutLine: {'line': b'-- Up-to-date: /home/cc/ee106a/fa25/class/ee106a-add/106A-CATCH/CATCH/install/catch_custom_msgs/share/catch_custom_msgs/cmake/catch_custom_msgs__rosidl_typesupport_cExport-noconfig.cmake\n'}
[1.669173] (catch_custom_msgs) StdoutLine: {'line': b'-- Up-to-date: /home/cc/ee106a/fa25/class/ee106a-add/106A-CATCH/CATCH/install/catch_custom_msgs/share/catch_custom_msgs/cmake/export_catch_custom_msgs__rosidl_generator_cppExport.cmake\n'}
[1.671879] (catch_custom_msgs) StdoutLine: {'line': b'-- Up-to-date: /home/cc/ee106a/fa25/class/ee106a-add/106A-CATCH/CATCH/install/catch_custom_msgs/share/catch_custom_msgs/cmake/export_catch_custom_msgs__rosidl_typesupport_fastrtps_cppExport.cmake\n'}
[1.673434] (catch_custom_msgs) StdoutLine: {'line': b'-- Up-to-date: /home/cc/ee106a/fa25/class/ee106a-add/106A-CATCH/CATCH/install/catch_custom_msgs/share/catch_custom_msgs/cmake/export_catch_custom_msgs__rosidl_typesupport_fastrtps_cppExport-noconfig.cmake\n'}
[1.676248] (catch_custom_msgs) StdoutLine: {'line': b'-- Up-to-date: /home/cc/ee106a/fa25/class/ee106a-add/106A-CATCH/CATCH/install/catch_custom_msgs/share/catch_custom_msgs/cmake/catch_custom_msgs__rosidl_typesupport_introspection_cppExport.cmake\n'}
[1.677727] (catch_custom_msgs) StdoutLine: {'line': b'-- Up-to-date: /home/cc/ee106a/fa25/class/ee106a-add/106A-CATCH/CATCH/install/catch_custom_msgs/share/catch_custom_msgs/cmake/catch_custom_msgs__rosidl_typesupport_introspection_cppExport-noconfig.cmake\n'}
[1.682121] (catch_custom_msgs) StdoutLine: {'line': b'-- Up-to-date: /home/cc/ee106a/fa25/class/ee106a-add/106A-CATCH/CATCH/install/catch_custom_msgs/share/catch_custom_msgs/cmake/catch_custom_msgs__rosidl_typesupport_cppExport.cmake\n'}
[1.683495] (ros2_aruco_interfaces) StdoutLine: {'line': b'[ 74%] Built target ament_cmake_python_copy_ros2_aruco_interfaces\n'}
[1.684150] (catch_custom_msgs) StdoutLine: {'line': b'-- Up-to-date: /home/cc/ee106a/fa25/class/ee106a-add/106A-CATCH/CATCH/install/catch_custom_msgs/share/catch_custom_msgs/cmake/catch_custom_msgs__rosidl_typesupport_cppExport-noconfig.cmake\n'}
[1.689022] (catch_custom_msgs) StdoutLine: {'line': b'-- Up-to-date: /home/cc/ee106a/fa25/class/ee106a-add/106A-CATCH/CATCH/install/catch_custom_msgs/share/catch_custom_msgs/cmake/export_catch_custom_msgs__rosidl_generator_pyExport.cmake\n'}
[1.691551] (catch_custom_msgs) StdoutLine: {'line': b'-- Up-to-date: /home/cc/ee106a/fa25/class/ee106a-add/106A-CATCH/CATCH/install/catch_custom_msgs/share/catch_custom_msgs/cmake/export_catch_custom_msgs__rosidl_generator_pyExport-noconfig.cmake\n'}
[1.692660] (catch_custom_msgs) StdoutLine: {'line': b'-- Up-to-date: /home/cc/ee106a/fa25/class/ee106a-add/106A-CATCH/CATCH/install/catch_custom_msgs/share/catch_custom_msgs/cmake/rosidl_cmake-extras.cmake\n'}
[1.693888] (catch_custom_msgs) StdoutLine: {'line': b'-- Up-to-date: /home/cc/ee106a/fa25/class/ee106a-add/106A-CATCH/CATCH/install/catch_custom_msgs/share/catch_custom_msgs/cmake/ament_cmake_export_dependencies-extras.cmake\n'}
[1.695085] (catch_custom_msgs) StdoutLine: {'line': b'-- Up-to-date: /home/cc/ee106a/fa25/class/ee106a-add/106A-CATCH/CATCH/install/catch_custom_msgs/share/catch_custom_msgs/cmake/ament_cmake_export_include_directories-extras.cmake\n'}
[1.696062] (catch_custom_msgs) StdoutLine: {'line': b'-- Up-to-date: /home/cc/ee106a/fa25/class/ee106a-add/106A-CATCH/CATCH/install/catch_custom_msgs/share/catch_custom_msgs/cmake/ament_cmake_export_libraries-extras.cmake\n'}
[1.697117] (catch_custom_msgs) StdoutLine: {'line': b'-- Up-to-date: /home/cc/ee106a/fa25/class/ee106a-add/106A-CATCH/CATCH/install/catch_custom_msgs/share/catch_custom_msgs/cmake/ament_cmake_export_targets-extras.cmake\n'}
[1.698076] (catch_custom_msgs) StdoutLine: {'line': b'-- Up-to-date: /home/cc/ee106a/fa25/class/ee106a-add/106A-CATCH/CATCH/install/catch_custom_msgs/share/catch_custom_msgs/cmake/rosidl_cmake_export_typesupport_targets-extras.cmake\n'}
[1.698999] (catch_custom_msgs) StdoutLine: {'line': b'-- Up-to-date: /home/cc/ee106a/fa25/class/ee106a-add/106A-CATCH/CATCH/install/catch_custom_msgs/share/catch_custom_msgs/cmake/rosidl_cmake_export_typesupport_libraries-extras.cmake\n'}
[1.700067] (catch_custom_msgs) StdoutLine: {'line': b'-- Up-to-date: /home/cc/ee106a/fa25/class/ee106a-add/106A-CATCH/CATCH/install/catch_custom_msgs/share/catch_custom_msgs/cmake/catch_custom_msgsConfig.cmake\n'}
[1.701053] (catch_custom_msgs) StdoutLine: {'line': b'-- Up-to-date: /home/cc/ee106a/fa25/class/ee106a-add/106A-CATCH/CATCH/install/catch_custom_msgs/share/catch_custom_msgs/cmake/catch_custom_msgsConfig-version.cmake\n'}
[1.702380] (catch_custom_msgs) StdoutLine: {'line': b'-- Up-to-date: /home/cc/ee106a/fa25/class/ee106a-add/106A-CATCH/CATCH/install/catch_custom_msgs/share/catch_custom_msgs/package.xml\n'}
[1.703099] (-) TimerEvent: {}
[1.709200] (catch_custom_msgs) CommandEnded: {'returncode': 0}
[1.710180] (ros2_aruco_interfaces) StdoutLine: {'line': b'[ 74%] Built target ros2_aruco_interfaces\n'}
[1.778476] (ros2_aruco_interfaces) StdoutLine: {'line': b'[ 76%] Built target ros2_aruco_interfaces__py\n'}
[1.803551] (-) TimerEvent: {}
[1.829396] (catch_custom_msgs) JobEnded: {'identifier': 'catch_custom_msgs', 'rc': 0}
[1.859831] (ros2_aruco_interfaces) StdoutLine: {'line': b'[ 84%] Built target ros2_aruco_interfaces__rosidl_generator_py\n'}
[1.903640] (-) TimerEvent: {}
[1.965923] (ros2_aruco_interfaces) StdoutLine: {'line': b'[100%] Built target ros2_aruco_interfaces__rosidl_typesupport_c__pyext\n'}
[1.966113] (ros2_aruco_interfaces) StdoutLine: {'line': b'[100%] Built target ros2_aruco_interfaces__rosidl_typesupport_fastrtps_c__pyext\n'}
[1.966608] (ros2_aruco_interfaces) StdoutLine: {'line': b'[100%] Built target ros2_aruco_interfaces__rosidl_typesupport_introspection_c__pyext\n'}
[1.991809] (perception) Command: {'cmd': ['/usr/bin/python3', '-W', 'ignore:setup.py install is deprecated', '-W', 'ignore:easy_install command is deprecated', 'setup.py', 'egg_info', '--egg-base', '../../build/perception', 'build', '--build-base', '/home/cc/ee106a/fa25/class/ee106a-add/106A-CATCH/CATCH/build/perception/build', 'install', '--record', '/home/cc/ee106a/fa25/class/ee106a-add/106A-CATCH/CATCH/build/perception/install.log', '--single-version-externally-managed', 'install_data'], 'cwd': '/home/cc/ee106a/fa25/class/ee106a-add/106A-CATCH/CATCH/src/perception', 'env': {'ARCH': 'x86_64', 'QT_SCALE_FACTOR': '1', 'USER': 'ee106a-add', 'HOSTNAME': 'ros2', 'XDG_SESSION_TYPE': 'x11', 'MASTERDIR': '/home/ff/ee106a', 'COMPIZ_CONFIG_PROFILE': 'mate', 'XDG_CACHE_HOME': '/home/cc/ee106a/fa25/class/ee106a-add/.cache', 'SHLVL': '2', 'LD_LIBRARY_PATH': '/home/ff/ee106a/librealsense/build/Release:/usr/lib/x86_64-linux-gnu/gazebo-11/plugins:/opt/ros/humble/opt/rviz_ogre_vendor/lib:/opt/ros/humble/lib/x86_64-linux-gnu:/opt/ros/humble/lib', 'HOME': '/home/cc/ee106a/fa25/class/ee106a-add', 'OLDPWD': '/home/cc/ee106a/fa25/class/ee106a-add', 'DESKTOP_SESSION': 'mate', 'ROS_PYTHON_VERSION': '3', 'GTK_MODULES': 'gail:atk-bridge:appmenu-gtk-module:gail:atk-bridge:canberra-gtk-module', 'EE106_UR_ROBOT_IP': '192.168.1.100', 'DISTROBOX_ENTER_PATH': '/usr/local/bin/distrobox-enter', 'SYSTEMD_EXEC_PID': '1043288', 'NNTPSERVER': 'news.csua.berkeley.edu', 'VISUAL': 'emacs', 'XDG_STATE_HOME': '/home/cc/ee106a/fa25/class/ee106a-add/.local/state', 'DBUS_SESSION_BUS_ADDRESS': 'unix:path=/run/user/90081/bus', 'COLORTERM': 'truecolor', 'container': 'podman', 'UBUNTU_MENUPROXY': '1', 'QT_QPA_PLATFORMTHEME': 'gtk2', 'COLCON_PREFIX_PATH': '/home/ff/ee106a/robot_workspaces/ur/install', 'ROS_DISTRO': 'humble', 'GTK_IM_MODULE': 'ibus', 'LOGNAME': 'ee106a-add', 'MASTER': 'ee106a', 'WINDOWID': '71890879', 'ROS_VERSION': '2', 'XDG_SESSION_CLASS': 'user', 'TERMINFO_DIRS': '/usr/share/terminfo:/run/host/usr/share/terminfo', 'USERNAME': 'ee106a-add', 'TERM': 'xterm-256color', 'GTK_OVERLAY_SCROLLING': '0', 'XDG_SESSION_ID': '11786', 'ROS_LOCALHOST_ONLY': '0', 'WINDOWPATH': '2', 'PATH': '/opt/ros/humble/bin:/share/b/grading/bin:/home/ff/ee106a/bin:/home/ff/ee106a/bin/arch/x86_64:/share/b/grading/bin:/home/ff/ee106a/bin:/home/ff/ee106a/bin/arch/x86_64:/usr/local/sbin:/usr/local/bin:/usr/sbin:/usr/bin:/sbin:/bin:/usr/games:/usr/local/games:/snap/bin:/snap/bin:/share/b/grading/bin:/share/b/grading/sbin:/share/b/runas/x86_64:/share/b/bin:/home/ff/ee106a/venvs/all:/usr/local/sbin:/usr/local/bin:/usr/sbin:/usr/bin:/sbin:/bin:/share/b/grading/bin:/share/b/grading/sbin:/share/b/runas/x86_64:/share/b/bin:/home/ff/ee106a/venvs/all', 'SESSION_MANAGER': 'local/c105-6:@/tmp/.ICE-unix/1043358,unix/c105-6:/tmp/.ICE-unix/1043358', 'OS': 'Linux', 'XDG_RUNTIME_DIR': '/run/user/90081', 'DISPLAY': ':1', 'LANG': 'en_US.UTF-8', 'XDG_CURRENT_DESKTOP': 'MATE', 'XDG_DATA_HOME': '/home/cc/ee106a/fa25/class/ee106a-add/.local/share', 'XDG_CONFIG_HOME': '/home/cc/ee106a/fa25/class/ee106a-add/.config', 'XMODIFIERS': '@im=ibus', 'XDG_SESSION_DESKTOP': 'mate', 'XAUTHORITY': '/run/user/90081/gdm/Xauthority', 'SSH_AUTH_SOCK': '/run/user/90081/keyring/ssh', 'ROS_DOMAIN_ID': '26', 'AMENT_PREFIX_PATH': '/home/ff/ee106a/robot_workspaces/ur/install/ur7e_utils:/opt/ros/humble', 'SHELL': '/usr/bin/bash', 'QT_ACCESSIBILITY': '1', 'EE106_UR_ROBOT_NAME': 'baymax', 'GDMSESSION': 'mate', 'RUNAS': '/share/b/runas/x86_64', 'GPG_AGENT_INFO': '/run/user/90081/gnupg/S.gpg-agent:0:1', 'CONFIG_SHELL': '/usr/bin/ksh', 'QT_IM_MODULE': 'ibus', 'PWD': '/home/cc/ee106a/fa25/class/ee106a-add/106A-CATCH/CATCH/build/perception', 'EE106_ENV_SETUP': 'ur_ros2', 'CONTAINER_ID': 'ros2', 'LC_ALL': 'C.UTF-8', 'XDG_CONFIG_DIRS': '/etc/xdg/xdg-mate:/etc/xdg', 'CLUTTER_IM_MODULE': 'ibus', 'XDG_DATA_DIRS': '/usr/share/mate:/usr/share/mate:/usr/share/gnome:/home/cc/ee106a/fa25/class/ee106a-add/.local/share/flatpak/exports/share:/var/lib/flatpak/exports/share:/usr/local/share/:/usr/share/:/var/lib/snapd/desktop:/usr/local/share:/usr/share', 'PYTHONPATH': '/home/cc/ee106a/fa25/class/ee106a-add/106A-CATCH/CATCH/build/perception/prefix_override:/usr/lib/python3/dist-packages/colcon_core/task/python/colcon_distutils_commands:/home/cc/ee106a/fa25/class/ee106a-add/106A-CATCH/CATCH/install/perception/lib/python3.10/site-packages:/home/ff/ee106a/robot_workspaces/ur/install/ur7e_utils/lib/python3.10/site-packages:/opt/ros/humble/lib/python3.10/site-packages:/opt/ros/humble/local/lib/python3.10/dist-packages', 'MATE_DESKTOP_SESSION_ID': 'this-is-deprecated', 'COLCON': '1', 'MANPATH': '/usr/local/man:/usr/man:/usr/X11/man:/usr/local/man:/share/b/grading/man:/usr/local/man:/usr/man:/usr/X11/man:/usr/local/man:/share/b/grading/man:', 'VTE_VERSION': '6800', 'EDITOR': 'emacs', 'QT_FONT_DPI': '122'}, 'shell': False}
[2.000454] (planning) Command: {'cmd': ['/usr/bin/python3', '-W', 'ignore:setup.py install is deprecated', '-W', 'ignore:easy_install command is deprecated', 'setup.py', 'egg_info', '--egg-base', '../../build/planning', 'build', '--build-base', '/home/cc/ee106a/fa25/class/ee106a-add/106A-CATCH/CATCH/build/planning/build', 'install', '--record', '/home/cc/ee106a/fa25/class/ee106a-add/106A-CATCH/CATCH/build/planning/install.log', '--single-version-externally-managed', 'install_data'], 'cwd': '/home/cc/ee106a/fa25/class/ee106a-add/106A-CATCH/CATCH/src/planning', 'env': {'ARCH': 'x86_64', 'QT_SCALE_FACTOR': '1', 'USER': 'ee106a-add', 'HOSTNAME': 'ros2', 'XDG_SESSION_TYPE': 'x11', 'MASTERDIR': '/home/ff/ee106a', 'COMPIZ_CONFIG_PROFILE': 'mate', 'XDG_CACHE_HOME': '/home/cc/ee106a/fa25/class/ee106a-add/.cache', 'SHLVL': '2', 'LD_LIBRARY_PATH': '/home/ff/ee106a/librealsense/build/Release:/usr/lib/x86_64-linux-gnu/gazebo-11/plugins:/opt/ros/humble/opt/rviz_ogre_vendor/lib:/opt/ros/humble/lib/x86_64-linux-gnu:/opt/ros/humble/lib', 'HOME': '/home/cc/ee106a/fa25/class/ee106a-add', 'OLDPWD': '/home/cc/ee106a/fa25/class/ee106a-add', 'DESKTOP_SESSION': 'mate', 'ROS_PYTHON_VERSION': '3', 'GTK_MODULES': 'gail:atk-bridge:appmenu-gtk-module:gail:atk-bridge:canberra-gtk-module', 'EE106_UR_ROBOT_IP': '192.168.1.100', 'DISTROBOX_ENTER_PATH': '/usr/local/bin/distrobox-enter', 'SYSTEMD_EXEC_PID': '1043288', 'NNTPSERVER': 'news.csua.berkeley.edu', 'VISUAL': 'emacs', 'XDG_STATE_HOME': '/home/cc/ee106a/fa25/class/ee106a-add/.local/state', 'DBUS_SESSION_BUS_ADDRESS': 'unix:path=/run/user/90081/bus', 'COLORTERM': 'truecolor', 'container': 'podman', 'UBUNTU_MENUPROXY': '1', 'QT_QPA_PLATFORMTHEME': 'gtk2', 'COLCON_PREFIX_PATH': '/home/ff/ee106a/robot_workspaces/ur/install', 'ROS_DISTRO': 'humble', 'GTK_IM_MODULE': 'ibus', 'LOGNAME': 'ee106a-add', 'MASTER': 'ee106a', 'WINDOWID': '71890879', 'ROS_VERSION': '2', 'XDG_SESSION_CLASS': 'user', 'TERMINFO_DIRS': '/usr/share/terminfo:/run/host/usr/share/terminfo', 'USERNAME': 'ee106a-add', 'TERM': 'xterm-256color', 'GTK_OVERLAY_SCROLLING': '0', 'XDG_SESSION_ID': '11786', 'ROS_LOCALHOST_ONLY': '0', 'WINDOWPATH': '2', 'PATH': '/opt/ros/humble/bin:/share/b/grading/bin:/home/ff/ee106a/bin:/home/ff/ee106a/bin/arch/x86_64:/share/b/grading/bin:/home/ff/ee106a/bin:/home/ff/ee106a/bin/arch/x86_64:/usr/local/sbin:/usr/local/bin:/usr/sbin:/usr/bin:/sbin:/bin:/usr/games:/usr/local/games:/snap/bin:/snap/bin:/share/b/grading/bin:/share/b/grading/sbin:/share/b/runas/x86_64:/share/b/bin:/home/ff/ee106a/venvs/all:/usr/local/sbin:/usr/local/bin:/usr/sbin:/usr/bin:/sbin:/bin:/share/b/grading/bin:/share/b/grading/sbin:/share/b/runas/x86_64:/share/b/bin:/home/ff/ee106a/venvs/all', 'SESSION_MANAGER': 'local/c105-6:@/tmp/.ICE-unix/1043358,unix/c105-6:/tmp/.ICE-unix/1043358', 'OS': 'Linux', 'XDG_RUNTIME_DIR': '/run/user/90081', 'DISPLAY': ':1', 'LANG': 'en_US.UTF-8', 'XDG_CURRENT_DESKTOP': 'MATE', 'XDG_DATA_HOME': '/home/cc/ee106a/fa25/class/ee106a-add/.local/share', 'XDG_CONFIG_HOME': '/home/cc/ee106a/fa25/class/ee106a-add/.config', 'XMODIFIERS': '@im=ibus', 'XDG_SESSION_DESKTOP': 'mate', 'XAUTHORITY': '/run/user/90081/gdm/Xauthority', 'SSH_AUTH_SOCK': '/run/user/90081/keyring/ssh', 'ROS_DOMAIN_ID': '26', 'AMENT_PREFIX_PATH': '/home/ff/ee106a/robot_workspaces/ur/install/ur7e_utils:/opt/ros/humble', 'SHELL': '/usr/bin/bash', 'QT_ACCESSIBILITY': '1', 'EE106_UR_ROBOT_NAME': 'baymax', 'GDMSESSION': 'mate', 'RUNAS': '/share/b/runas/x86_64', 'GPG_AGENT_INFO': '/run/user/90081/gnupg/S.gpg-agent:0:1', 'CONFIG_SHELL': '/usr/bin/ksh', 'QT_IM_MODULE': 'ibus', 'PWD': '/home/cc/ee106a/fa25/class/ee106a-add/106A-CATCH/CATCH/build/planning', 'EE106_ENV_SETUP': 'ur_ros2', 'CONTAINER_ID': 'ros2', 'LC_ALL': 'C.UTF-8', 'XDG_CONFIG_DIRS': '/etc/xdg/xdg-mate:/etc/xdg', 'CLUTTER_IM_MODULE': 'ibus', 'XDG_DATA_DIRS': '/usr/share/mate:/usr/share/mate:/usr/share/gnome:/home/cc/ee106a/fa25/class/ee106a-add/.local/share/flatpak/exports/share:/var/lib/flatpak/exports/share:/usr/local/share/:/usr/share/:/var/lib/snapd/desktop:/usr/local/share:/usr/share', 'PYTHONPATH': '/home/cc/ee106a/fa25/class/ee106a-add/106A-CATCH/CATCH/build/planning/prefix_override:/usr/lib/python3/dist-packages/colcon_core/task/python/colcon_distutils_commands:/home/cc/ee106a/fa25/class/ee106a-add/106A-CATCH/CATCH/install/planning/lib/python3.10/site-packages:/home/ff/ee106a/robot_workspaces/ur/install/ur7e_utils/lib/python3.10/site-packages:/opt/ros/humble/lib/python3.10/site-packages:/opt/ros/humble/local/lib/python3.10/dist-packages', 'MATE_DESKTOP_SESSION_ID': 'this-is-deprecated', 'COLCON': '1', 'MANPATH': '/usr/local/man:/usr/man:/usr/X11/man:/usr/local/man:/share/b/grading/man:/usr/local/man:/usr/man:/usr/X11/man:/usr/local/man:/share/b/grading/man:', 'VTE_VERSION': '6800', 'EDITOR': 'emacs', 'QT_FONT_DPI': '122'}, 'shell': False}
[2.006289] (-) TimerEvent: {}
[2.026386] (ros2_aruco) Command: {'cmd': ['/usr/bin/python3', '-W', 'ignore:setup.py install is deprecated', '-W', 'ignore:easy_install command is deprecated', 'setup.py', 'egg_info', '--egg-base', '../../../build/ros2_aruco', 'build', '--build-base', '/home/cc/ee106a/fa25/class/ee106a-add/106A-CATCH/CATCH/build/ros2_aruco/build', 'install', '--record', '/home/cc/ee106a/fa25/class/ee106a-add/106A-CATCH/CATCH/build/ros2_aruco/install.log', '--single-version-externally-managed', 'install_data'], 'cwd': '/home/cc/ee106a/fa25/class/ee106a-add/106A-CATCH/CATCH/src/ros2_aruco/ros2_aruco', 'env': {'ARCH': 'x86_64', 'QT_SCALE_FACTOR': '1', 'USER': 'ee106a-add', 'HOSTNAME': 'ros2', 'XDG_SESSION_TYPE': 'x11', 'MASTERDIR': '/home/ff/ee106a', 'COMPIZ_CONFIG_PROFILE': 'mate', 'XDG_CACHE_HOME': '/home/cc/ee106a/fa25/class/ee106a-add/.cache', 'SHLVL': '2', 'LD_LIBRARY_PATH': '/home/ff/ee106a/librealsense/build/Release:/usr/lib/x86_64-linux-gnu/gazebo-11/plugins:/opt/ros/humble/opt/rviz_ogre_vendor/lib:/opt/ros/humble/lib/x86_64-linux-gnu:/opt/ros/humble/lib', 'HOME': '/home/cc/ee106a/fa25/class/ee106a-add', 'OLDPWD': '/home/cc/ee106a/fa25/class/ee106a-add', 'DESKTOP_SESSION': 'mate', 'ROS_PYTHON_VERSION': '3', 'GTK_MODULES': 'gail:atk-bridge:appmenu-gtk-module:gail:atk-bridge:canberra-gtk-module', 'EE106_UR_ROBOT_IP': '192.168.1.100', 'DISTROBOX_ENTER_PATH': '/usr/local/bin/distrobox-enter', 'SYSTEMD_EXEC_PID': '1043288', 'NNTPSERVER': 'news.csua.berkeley.edu', 'VISUAL': 'emacs', 'XDG_STATE_HOME': '/home/cc/ee106a/fa25/class/ee106a-add/.local/state', 'DBUS_SESSION_BUS_ADDRESS': 'unix:path=/run/user/90081/bus', 'COLORTERM': 'truecolor', 'container': 'podman', 'UBUNTU_MENUPROXY': '1', 'QT_QPA_PLATFORMTHEME': 'gtk2', 'COLCON_PREFIX_PATH': '/home/ff/ee106a/robot_workspaces/ur/install', 'ROS_DISTRO': 'humble', 'GTK_IM_MODULE': 'ibus', 'LOGNAME': 'ee106a-add', 'MASTER': 'ee106a', 'WINDOWID': '71890879', 'ROS_VERSION': '2', 'XDG_SESSION_CLASS': 'user', 'TERMINFO_DIRS': '/usr/share/terminfo:/run/host/usr/share/terminfo', 'USERNAME': 'ee106a-add', 'TERM': 'xterm-256color', 'GTK_OVERLAY_SCROLLING': '0', 'XDG_SESSION_ID': '11786', 'ROS_LOCALHOST_ONLY': '0', 'WINDOWPATH': '2', 'PATH': '/opt/ros/humble/bin:/share/b/grading/bin:/home/ff/ee106a/bin:/home/ff/ee106a/bin/arch/x86_64:/share/b/grading/bin:/home/ff/ee106a/bin:/home/ff/ee106a/bin/arch/x86_64:/usr/local/sbin:/usr/local/bin:/usr/sbin:/usr/bin:/sbin:/bin:/usr/games:/usr/local/games:/snap/bin:/snap/bin:/share/b/grading/bin:/share/b/grading/sbin:/share/b/runas/x86_64:/share/b/bin:/home/ff/ee106a/venvs/all:/usr/local/sbin:/usr/local/bin:/usr/sbin:/usr/bin:/sbin:/bin:/share/b/grading/bin:/share/b/grading/sbin:/share/b/runas/x86_64:/share/b/bin:/home/ff/ee106a/venvs/all', 'SESSION_MANAGER': 'local/c105-6:@/tmp/.ICE-unix/1043358,unix/c105-6:/tmp/.ICE-unix/1043358', 'OS': 'Linux', 'XDG_RUNTIME_DIR': '/run/user/90081', 'DISPLAY': ':1', 'LANG': 'en_US.UTF-8', 'XDG_CURRENT_DESKTOP': 'MATE', 'XDG_DATA_HOME': '/home/cc/ee106a/fa25/class/ee106a-add/.local/share', 'XDG_CONFIG_HOME': '/home/cc/ee106a/fa25/class/ee106a-add/.config', 'XMODIFIERS': '@im=ibus', 'XDG_SESSION_DESKTOP': 'mate', 'XAUTHORITY': '/run/user/90081/gdm/Xauthority', 'SSH_AUTH_SOCK': '/run/user/90081/keyring/ssh', 'ROS_DOMAIN_ID': '26', 'AMENT_PREFIX_PATH': '/home/ff/ee106a/robot_workspaces/ur/install/ur7e_utils:/opt/ros/humble', 'SHELL': '/usr/bin/bash', 'QT_ACCESSIBILITY': '1', 'EE106_UR_ROBOT_NAME': 'baymax', 'GDMSESSION': 'mate', 'RUNAS': '/share/b/runas/x86_64', 'GPG_AGENT_INFO': '/run/user/90081/gnupg/S.gpg-agent:0:1', 'CONFIG_SHELL': '/usr/bin/ksh', 'QT_IM_MODULE': 'ibus', 'PWD': '/home/cc/ee106a/fa25/class/ee106a-add/106A-CATCH/CATCH/build/ros2_aruco', 'EE106_ENV_SETUP': 'ur_ros2', 'CONTAINER_ID': 'ros2', 'LC_ALL': 'C.UTF-8', 'XDG_CONFIG_DIRS': '/etc/xdg/xdg-mate:/etc/xdg', 'CLUTTER_IM_MODULE': 'ibus', 'XDG_DATA_DIRS': '/usr/share/mate:/usr/share/mate:/usr/share/gnome:/home/cc/ee106a/fa25/class/ee106a-add/.local/share/flatpak/exports/share:/var/lib/flatpak/exports/share:/usr/local/share/:/usr/share/:/var/lib/snapd/desktop:/usr/local/share:/usr/share', 'PYTHONPATH': '/home/cc/ee106a/fa25/class/ee106a-add/106A-CATCH/CATCH/build/ros2_aruco/prefix_override:/usr/lib/python3/dist-packages/colcon_core/task/python/colcon_distutils_commands:/home/cc/ee106a/fa25/class/ee106a-add/106A-CATCH/CATCH/install/ros2_aruco/lib/python3.10/site-packages:/home/ff/ee106a/robot_workspaces/ur/install/ur7e_utils/lib/python3.10/site-packages:/opt/ros/humble/lib/python3.10/site-packages:/opt/ros/humble/local/lib/python3.10/dist-packages', 'MATE_DESKTOP_SESSION_ID': 'this-is-deprecated', 'COLCON': '1', 'MANPATH': '/usr/local/man:/usr/man:/usr/X11/man:/usr/local/man:/share/b/grading/man:/usr/local/man:/usr/man:/usr/X11/man:/usr/local/man:/share/b/grading/man:', 'VTE_VERSION': '6800', 'EDITOR': 'emacs', 'QT_FONT_DPI': '122'}, 'shell': False}
[2.106404] (-) TimerEvent: {}
[2.117243] (ros2_aruco_interfaces) StdoutLine: {'line': b'running egg_info\n'}
[2.118596] (ros2_aruco_interfaces) StdoutLine: {'line': b'writing ros2_aruco_interfaces.egg-info/PKG-INFO\n'}
[2.122296] (ros2_aruco_interfaces) StdoutLine: {'line': b'writing dependency_links to ros2_aruco_interfaces.egg-info/dependency_links.txt\n'}
[2.127378] (ros2_aruco_interfaces) StdoutLine: {'line': b'writing top-level names to ros2_aruco_interfaces.egg-info/top_level.txt\n'}
[2.134863] (ros2_aruco_interfaces) StdoutLine: {'line': b"reading manifest file 'ros2_aruco_interfaces.egg-info/SOURCES.txt'\n"}
[2.136942] (ros2_aruco_interfaces) StdoutLine: {'line': b"writing manifest file 'ros2_aruco_interfaces.egg-info/SOURCES.txt'\n"}
[2.167239] (ros2_aruco_interfaces) StdoutLine: {'line': b'[100%] Built target ament_cmake_python_build_ros2_aruco_interfaces_egg\n'}
[2.206522] (-) TimerEvent: {}
[2.219911] (ros2_aruco_interfaces) CommandEnded: {'returncode': 0}
[2.224277] (ros2_aruco_interfaces) JobProgress: {'identifier': 'ros2_aruco_interfaces', 'progress': 'install'}
[2.225404] (ros2_aruco_interfaces) Command: {'cmd': ['/usr/bin/cmake', '--install', '/home/cc/ee106a/fa25/class/ee106a-add/106A-CATCH/CATCH/build/ros2_aruco_interfaces'], 'cwd': '/home/cc/ee106a/fa25/class/ee106a-add/106A-CATCH/CATCH/build/ros2_aruco_interfaces', 'env': OrderedDict([('ARCH', 'x86_64'), ('QT_SCALE_FACTOR', '1'), ('USER', 'ee106a-add'), ('HOSTNAME', 'ros2'), ('XDG_SESSION_TYPE', 'x11'), ('MASTERDIR', '/home/ff/ee106a'), ('COMPIZ_CONFIG_PROFILE', 'mate'), ('XDG_CACHE_HOME', '/home/cc/ee106a/fa25/class/ee106a-add/.cache'), ('SHLVL', '2'), ('LD_LIBRARY_PATH', '/home/ff/ee106a/librealsense/build/Release:/usr/lib/x86_64-linux-gnu/gazebo-11/plugins:/opt/ros/humble/opt/rviz_ogre_vendor/lib:/opt/ros/humble/lib/x86_64-linux-gnu:/opt/ros/humble/lib'), ('HOME', '/home/cc/ee106a/fa25/class/ee106a-add'), ('OLDPWD', '/home/cc/ee106a/fa25/class/ee106a-add'), ('DESKTOP_SESSION', 'mate'), ('ROS_PYTHON_VERSION', '3'), ('GTK_MODULES', 'gail:atk-bridge:appmenu-gtk-module:gail:atk-bridge:canberra-gtk-module'), ('EE106_UR_ROBOT_IP', '192.168.1.100'), ('DISTROBOX_ENTER_PATH', '/usr/local/bin/distrobox-enter'), ('SYSTEMD_EXEC_PID', '1043288'), ('NNTPSERVER', 'news.csua.berkeley.edu'), ('VISUAL', 'emacs'), ('XDG_STATE_HOME', '/home/cc/ee106a/fa25/class/ee106a-add/.local/state'), ('DBUS_SESSION_BUS_ADDRESS', 'unix:path=/run/user/90081/bus'), ('COLORTERM', 'truecolor'), ('container', 'podman'), ('UBUNTU_MENUPROXY', '1'), ('QT_QPA_PLATFORMTHEME', 'gtk2'), ('COLCON_PREFIX_PATH', '/home/ff/ee106a/robot_workspaces/ur/install'), ('ROS_DISTRO', 'humble'), ('GTK_IM_MODULE', 'ibus'), ('LOGNAME', 'ee106a-add'), ('MASTER', 'ee106a'), ('WINDOWID', '71890879'), ('ROS_VERSION', '2'), ('XDG_SESSION_CLASS', 'user'), ('TERMINFO_DIRS', '/usr/share/terminfo:/run/host/usr/share/terminfo'), ('USERNAME', 'ee106a-add'), ('TERM', 'xterm-256color'), ('GTK_OVERLAY_SCROLLING', '0'), ('XDG_SESSION_ID', '11786'), ('ROS_LOCALHOST_ONLY', '0'), ('WINDOWPATH', '2'), ('PATH', '/opt/ros/humble/bin:/share/b/grading/bin:/home/ff/ee106a/bin:/home/ff/ee106a/bin/arch/x86_64:/share/b/grading/bin:/home/ff/ee106a/bin:/home/ff/ee106a/bin/arch/x86_64:/usr/local/sbin:/usr/local/bin:/usr/sbin:/usr/bin:/sbin:/bin:/usr/games:/usr/local/games:/snap/bin:/snap/bin:/share/b/grading/bin:/share/b/grading/sbin:/share/b/runas/x86_64:/share/b/bin:/home/ff/ee106a/venvs/all:/usr/local/sbin:/usr/local/bin:/usr/sbin:/usr/bin:/sbin:/bin:/share/b/grading/bin:/share/b/grading/sbin:/share/b/runas/x86_64:/share/b/bin:/home/ff/ee106a/venvs/all'), ('SESSION_MANAGER', 'local/c105-6:@/tmp/.ICE-unix/1043358,unix/c105-6:/tmp/.ICE-unix/1043358'), ('OS', 'Linux'), ('XDG_RUNTIME_DIR', '/run/user/90081'), ('DISPLAY', ':1'), ('LANG', 'en_US.UTF-8'), ('XDG_CURRENT_DESKTOP', 'MATE'), ('XDG_DATA_HOME', '/home/cc/ee106a/fa25/class/ee106a-add/.local/share'), ('XDG_CONFIG_HOME', '/home/cc/ee106a/fa25/class/ee106a-add/.config'), ('XMODIFIERS', '@im=ibus'), ('XDG_SESSION_DESKTOP', 'mate'), ('XAUTHORITY', '/run/user/90081/gdm/Xauthority'), ('SSH_AUTH_SOCK', '/run/user/90081/keyring/ssh'), ('ROS_DOMAIN_ID', '26'), ('AMENT_PREFIX_PATH', '/home/ff/ee106a/robot_workspaces/ur/install/ur7e_utils:/opt/ros/humble'), ('SHELL', '/usr/bin/bash'), ('QT_ACCESSIBILITY', '1'), ('EE106_UR_ROBOT_NAME', 'baymax'), ('GDMSESSION', 'mate'), ('RUNAS', '/share/b/runas/x86_64'), ('GPG_AGENT_INFO', '/run/user/90081/gnupg/S.gpg-agent:0:1'), ('CONFIG_SHELL', '/usr/bin/ksh'), ('QT_IM_MODULE', 'ibus'), ('PWD', '/home/cc/ee106a/fa25/class/ee106a-add/106A-CATCH/CATCH/build/ros2_aruco_interfaces'), ('EE106_ENV_SETUP', 'ur_ros2'), ('CONTAINER_ID', 'ros2'), ('LC_ALL', 'C.UTF-8'), ('XDG_CONFIG_DIRS', '/etc/xdg/xdg-mate:/etc/xdg'), ('CLUTTER_IM_MODULE', 'ibus'), ('XDG_DATA_DIRS', '/usr/share/mate:/usr/share/mate:/usr/share/gnome:/home/cc/ee106a/fa25/class/ee106a-add/.local/share/flatpak/exports/share:/var/lib/flatpak/exports/share:/usr/local/share/:/usr/share/:/var/lib/snapd/desktop:/usr/local/share:/usr/share'), ('PYTHONPATH', '/home/ff/ee106a/robot_workspaces/ur/install/ur7e_utils/lib/python3.10/site-packages:/opt/ros/humble/lib/python3.10/site-packages:/opt/ros/humble/local/lib/python3.10/dist-packages'), ('MATE_DESKTOP_SESSION_ID', 'this-is-deprecated'), ('COLCON', '1'), ('MANPATH', '/usr/local/man:/usr/man:/usr/X11/man:/usr/local/man:/share/b/grading/man:/usr/local/man:/usr/man:/usr/X11/man:/usr/local/man:/share/b/grading/man:'), ('VTE_VERSION', '6800'), ('EDITOR', 'emacs'), ('QT_FONT_DPI', '122'), ('CMAKE_PREFIX_PATH', '/home/ff/ee106a/robot_workspaces/ur/install/ur7e_utils:/opt/ros/humble')]), 'shell': False}
[2.239044] (ros2_aruco_interfaces) StdoutLine: {'line': b'-- Install configuration: ""\n'}
[2.241259] (ros2_aruco_interfaces) StdoutLine: {'line': b'-- Up-to-date: /home/cc/ee106a/fa25/class/ee106a-add/106A-CATCH/CATCH/install/ros2_aruco_interfaces/share/ament_index/resource_index/rosidl_interfaces/ros2_aruco_interfaces\n'}
[2.242490] (ros2_aruco_interfaces) StdoutLine: {'line': b'-- Up-to-date: /home/cc/ee106a/fa25/class/ee106a-add/106A-CATCH/CATCH/install/ros2_aruco_interfaces/include/ros2_aruco_interfaces/ros2_aruco_interfaces\n'}
[2.244256] (ros2_aruco_interfaces) StdoutLine: {'line': b'-- Up-to-date: /home/cc/ee106a/fa25/class/ee106a-add/106A-CATCH/CATCH/install/ros2_aruco_interfaces/include/ros2_aruco_interfaces/ros2_aruco_interfaces/msg\n'}
[2.245656] (ros2_aruco_interfaces) StdoutLine: {'line': b'-- Up-to-date: /home/cc/ee106a/fa25/class/ee106a-add/106A-CATCH/CATCH/install/ros2_aruco_interfaces/include/ros2_aruco_interfaces/ros2_aruco_interfaces/msg/aruco_markers.h\n'}
[2.246460] (ros2_aruco_interfaces) StdoutLine: {'line': b'-- Up-to-date: /home/cc/ee106a/fa25/class/ee106a-add/106A-CATCH/CATCH/install/ros2_aruco_interfaces/include/ros2_aruco_interfaces/ros2_aruco_interfaces/msg/rosidl_generator_c__visibility_control.h\n'}
[2.247158] (ros2_aruco_interfaces) StdoutLine: {'line': b'-- Up-to-date: /home/cc/ee106a/fa25/class/ee106a-add/106A-CATCH/CATCH/install/ros2_aruco_interfaces/include/ros2_aruco_interfaces/ros2_aruco_interfaces/msg/detail\n'}
[2.248533] (ros2_aruco_interfaces) StdoutLine: {'line': b'-- Up-to-date: /home/cc/ee106a/fa25/class/ee106a-add/106A-CATCH/CATCH/install/ros2_aruco_interfaces/include/ros2_aruco_interfaces/ros2_aruco_interfaces/msg/detail/aruco_markers__functions.c\n'}
[2.249325] (ros2_aruco_interfaces) StdoutLine: {'line': b'-- Up-to-date: /home/cc/ee106a/fa25/class/ee106a-add/106A-CATCH/CATCH/install/ros2_aruco_interfaces/include/ros2_aruco_interfaces/ros2_aruco_interfaces/msg/detail/aruco_markers__functions.h\n'}
[2.250025] (ros2_aruco_interfaces) StdoutLine: {'line': b'-- Up-to-date: /home/cc/ee106a/fa25/class/ee106a-add/106A-CATCH/CATCH/install/ros2_aruco_interfaces/include/ros2_aruco_interfaces/ros2_aruco_interfaces/msg/detail/aruco_markers__struct.h\n'}
[2.250713] (ros2_aruco_interfaces) StdoutLine: {'line': b'-- Up-to-date: /home/cc/ee106a/fa25/class/ee106a-add/106A-CATCH/CATCH/install/ros2_aruco_interfaces/include/ros2_aruco_interfaces/ros2_aruco_interfaces/msg/detail/aruco_markers__type_support.h\n'}
[2.251756] (ros2_aruco_interfaces) StdoutLine: {'line': b'-- Up-to-date: /home/cc/ee106a/fa25/class/ee106a-add/106A-CATCH/CATCH/install/ros2_aruco_interfaces/include/ros2_aruco_interfaces/ros2_aruco_interfaces/srv\n'}
[2.253282] (ros2_aruco_interfaces) StdoutLine: {'line': b'-- Up-to-date: /home/cc/ee106a/fa25/class/ee106a-add/106A-CATCH/CATCH/install/ros2_aruco_interfaces/include/ros2_aruco_interfaces/ros2_aruco_interfaces/srv/store_transform.h\n'}
[2.253983] (ros2_aruco_interfaces) StdoutLine: {'line': b'-- Up-to-date: /home/cc/ee106a/fa25/class/ee106a-add/106A-CATCH/CATCH/install/ros2_aruco_interfaces/include/ros2_aruco_interfaces/ros2_aruco_interfaces/srv/detail\n'}
[2.255347] (ros2_aruco_interfaces) StdoutLine: {'line': b'-- Up-to-date: /home/cc/ee106a/fa25/class/ee106a-add/106A-CATCH/CATCH/install/ros2_aruco_interfaces/include/ros2_aruco_interfaces/ros2_aruco_interfaces/srv/detail/store_transform__functions.c\n'}
[2.256254] (ros2_aruco_interfaces) StdoutLine: {'line': b'-- Up-to-date: /home/cc/ee106a/fa25/class/ee106a-add/106A-CATCH/CATCH/install/ros2_aruco_interfaces/include/ros2_aruco_interfaces/ros2_aruco_interfaces/srv/detail/store_transform__functions.h\n'}
[2.257222] (ros2_aruco_interfaces) StdoutLine: {'line': b'-- Up-to-date: /home/cc/ee106a/fa25/class/ee106a-add/106A-CATCH/CATCH/install/ros2_aruco_interfaces/include/ros2_aruco_interfaces/ros2_aruco_interfaces/srv/detail/store_transform__struct.h\n'}
[2.258148] (ros2_aruco_interfaces) StdoutLine: {'line': b'-- Up-to-date: /home/cc/ee106a/fa25/class/ee106a-add/106A-CATCH/CATCH/install/ros2_aruco_interfaces/include/ros2_aruco_interfaces/ros2_aruco_interfaces/srv/detail/store_transform__type_support.h\n'}
[2.259690] (ros2_aruco_interfaces) StdoutLine: {'line': b'-- Up-to-date: /home/cc/ee106a/fa25/class/ee106a-add/106A-CATCH/CATCH/install/ros2_aruco_interfaces/share/ros2_aruco_interfaces/environment/library_path.sh\n'}
[2.262061] (ros2_aruco_interfaces) StdoutLine: {'line': b'-- Up-to-date: /home/cc/ee106a/fa25/class/ee106a-add/106A-CATCH/CATCH/install/ros2_aruco_interfaces/share/ros2_aruco_interfaces/environment/library_path.dsv\n'}
[2.264476] (ros2_aruco_interfaces) StdoutLine: {'line': b'-- Up-to-date: /home/cc/ee106a/fa25/class/ee106a-add/106A-CATCH/CATCH/install/ros2_aruco_interfaces/lib/libros2_aruco_interfaces__rosidl_generator_c.so\n'}
[2.267920] (ros2_aruco_interfaces) StdoutLine: {'line': b'-- Up-to-date: /home/cc/ee106a/fa25/class/ee106a-add/106A-CATCH/CATCH/install/ros2_aruco_interfaces/include/ros2_aruco_interfaces/ros2_aruco_interfaces\n'}
[2.269747] (ros2_aruco_interfaces) StdoutLine: {'line': b'-- Up-to-date: /home/cc/ee106a/fa25/class/ee106a-add/106A-CATCH/CATCH/install/ros2_aruco_interfaces/include/ros2_aruco_interfaces/ros2_aruco_interfaces/msg\n'}
[2.271457] (ros2_aruco_interfaces) StdoutLine: {'line': b'-- Up-to-date: /home/cc/ee106a/fa25/class/ee106a-add/106A-CATCH/CATCH/install/ros2_aruco_interfaces/include/ros2_aruco_interfaces/ros2_aruco_interfaces/msg/detail\n'}
[2.273115] (ros2_aruco_interfaces) StdoutLine: {'line': b'-- Up-to-date: /home/cc/ee106a/fa25/class/ee106a-add/106A-CATCH/CATCH/install/ros2_aruco_interfaces/include/ros2_aruco_interfaces/ros2_aruco_interfaces/msg/detail/aruco_markers__rosidl_typesupport_fastrtps_c.h\n'}
[2.274062] (ros2_aruco_interfaces) StdoutLine: {'line': b'-- Up-to-date: /home/cc/ee106a/fa25/class/ee106a-add/106A-CATCH/CATCH/install/ros2_aruco_interfaces/include/ros2_aruco_interfaces/ros2_aruco_interfaces/msg/rosidl_typesupport_fastrtps_c__visibility_control.h\n'}
[2.274487] (ros2_aruco_interfaces) StdoutLine: {'line': b'-- Up-to-date: /home/cc/ee106a/fa25/class/ee106a-add/106A-CATCH/CATCH/install/ros2_aruco_interfaces/include/ros2_aruco_interfaces/ros2_aruco_interfaces/srv\n'}
[2.276158] (ros2_aruco_interfaces) StdoutLine: {'line': b'-- Up-to-date: /home/cc/ee106a/fa25/class/ee106a-add/106A-CATCH/CATCH/install/ros2_aruco_interfaces/include/ros2_aruco_interfaces/ros2_aruco_interfaces/srv/detail\n'}
[2.277678] (ros2_aruco_interfaces) StdoutLine: {'line': b'-- Up-to-date: /home/cc/ee106a/fa25/class/ee106a-add/106A-CATCH/CATCH/install/ros2_aruco_interfaces/include/ros2_aruco_interfaces/ros2_aruco_interfaces/srv/detail/store_transform__rosidl_typesupport_fastrtps_c.h\n'}
[2.279604] (ros2_aruco_interfaces) StdoutLine: {'line': b'-- Up-to-date: /home/cc/ee106a/fa25/class/ee106a-add/106A-CATCH/CATCH/install/ros2_aruco_interfaces/lib/libros2_aruco_interfaces__rosidl_typesupport_fastrtps_c.so\n'}
[2.283121] (ros2_aruco_interfaces) StdoutLine: {'line': b'-- Up-to-date: /home/cc/ee106a/fa25/class/ee106a-add/106A-CATCH/CATCH/install/ros2_aruco_interfaces/include/ros2_aruco_interfaces/ros2_aruco_interfaces\n'}
[2.285084] (ros2_aruco_interfaces) StdoutLine: {'line': b'-- Up-to-date: /home/cc/ee106a/fa25/class/ee106a-add/106A-CATCH/CATCH/install/ros2_aruco_interfaces/include/ros2_aruco_interfaces/ros2_aruco_interfaces/msg\n'}
[2.286555] (ros2_aruco_interfaces) StdoutLine: {'line': b'-- Up-to-date: /home/cc/ee106a/fa25/class/ee106a-add/106A-CATCH/CATCH/install/ros2_aruco_interfaces/include/ros2_aruco_interfaces/ros2_aruco_interfaces/msg/aruco_markers.hpp\n'}
[2.287331] (ros2_aruco_interfaces) StdoutLine: {'line': b'-- Up-to-date: /home/cc/ee106a/fa25/class/ee106a-add/106A-CATCH/CATCH/install/ros2_aruco_interfaces/include/ros2_aruco_interfaces/ros2_aruco_interfaces/msg/rosidl_generator_cpp__visibility_control.hpp\n'}
[2.288202] (ros2_aruco_interfaces) StdoutLine: {'line': b'-- Up-to-date: /home/cc/ee106a/fa25/class/ee106a-add/106A-CATCH/CATCH/install/ros2_aruco_interfaces/include/ros2_aruco_interfaces/ros2_aruco_interfaces/msg/detail\n'}
[2.289770] (ros2_aruco_interfaces) StdoutLine: {'line': b'-- Up-to-date: /home/cc/ee106a/fa25/class/ee106a-add/106A-CATCH/CATCH/install/ros2_aruco_interfaces/include/ros2_aruco_interfaces/ros2_aruco_interfaces/msg/detail/aruco_markers__builder.hpp\n'}
[2.290575] (ros2_aruco_interfaces) StdoutLine: {'line': b'-- Up-to-date: /home/cc/ee106a/fa25/class/ee106a-add/106A-CATCH/CATCH/install/ros2_aruco_interfaces/include/ros2_aruco_interfaces/ros2_aruco_interfaces/msg/detail/aruco_markers__struct.hpp\n'}
[2.291413] (ros2_aruco_interfaces) StdoutLine: {'line': b'-- Up-to-date: /home/cc/ee106a/fa25/class/ee106a-add/106A-CATCH/CATCH/install/ros2_aruco_interfaces/include/ros2_aruco_interfaces/ros2_aruco_interfaces/msg/detail/aruco_markers__traits.hpp\n'}
[2.292503] (ros2_aruco_interfaces) StdoutLine: {'line': b'-- Up-to-date: /home/cc/ee106a/fa25/class/ee106a-add/106A-CATCH/CATCH/install/ros2_aruco_interfaces/include/ros2_aruco_interfaces/ros2_aruco_interfaces/msg/detail/aruco_markers__type_support.hpp\n'}
[2.293410] (ros2_aruco_interfaces) StdoutLine: {'line': b'-- Up-to-date: /home/cc/ee106a/fa25/class/ee106a-add/106A-CATCH/CATCH/install/ros2_aruco_interfaces/include/ros2_aruco_interfaces/ros2_aruco_interfaces/srv\n'}
[2.294969] (ros2_aruco_interfaces) StdoutLine: {'line': b'-- Up-to-date: /home/cc/ee106a/fa25/class/ee106a-add/106A-CATCH/CATCH/install/ros2_aruco_interfaces/include/ros2_aruco_interfaces/ros2_aruco_interfaces/srv/store_transform.hpp\n'}
[2.295794] (ros2_aruco_interfaces) StdoutLine: {'line': b'-- Up-to-date: /home/cc/ee106a/fa25/class/ee106a-add/106A-CATCH/CATCH/install/ros2_aruco_interfaces/include/ros2_aruco_interfaces/ros2_aruco_interfaces/srv/detail\n'}
[2.298071] (ros2_aruco_interfaces) StdoutLine: {'line': b'-- Up-to-date: /home/cc/ee106a/fa25/class/ee106a-add/106A-CATCH/CATCH/install/ros2_aruco_interfaces/include/ros2_aruco_interfaces/ros2_aruco_interfaces/srv/detail/store_transform__builder.hpp\n'}
[2.299117] (ros2_aruco_interfaces) StdoutLine: {'line': b'-- Up-to-date: /home/cc/ee106a/fa25/class/ee106a-add/106A-CATCH/CATCH/install/ros2_aruco_interfaces/include/ros2_aruco_interfaces/ros2_aruco_interfaces/srv/detail/store_transform__struct.hpp\n'}
[2.300618] (ros2_aruco_interfaces) StdoutLine: {'line': b'-- Up-to-date: /home/cc/ee106a/fa25/class/ee106a-add/106A-CATCH/CATCH/install/ros2_aruco_interfaces/include/ros2_aruco_interfaces/ros2_aruco_interfaces/srv/detail/store_transform__traits.hpp\n'}
[2.301859] (ros2_aruco_interfaces) StdoutLine: {'line': b'-- Up-to-date: /home/cc/ee106a/fa25/class/ee106a-add/106A-CATCH/CATCH/install/ros2_aruco_interfaces/include/ros2_aruco_interfaces/ros2_aruco_interfaces/srv/detail/store_transform__type_support.hpp\n'}
[2.303499] (ros2_aruco_interfaces) StdoutLine: {'line': b'-- Up-to-date: /home/cc/ee106a/fa25/class/ee106a-add/106A-CATCH/CATCH/install/ros2_aruco_interfaces/include/ros2_aruco_interfaces/ros2_aruco_interfaces\n'}
[2.303829] (ros2_aruco_interfaces) StdoutLine: {'line': b'-- Up-to-date: /home/cc/ee106a/fa25/class/ee106a-add/106A-CATCH/CATCH/install/ros2_aruco_interfaces/include/ros2_aruco_interfaces/ros2_aruco_interfaces/msg\n'}
[2.305471] (ros2_aruco_interfaces) StdoutLine: {'line': b'-- Up-to-date: /home/cc/ee106a/fa25/class/ee106a-add/106A-CATCH/CATCH/install/ros2_aruco_interfaces/include/ros2_aruco_interfaces/ros2_aruco_interfaces/msg/detail\n'}
[2.306588] (-) TimerEvent: {}
[2.307284] (ros2_aruco_interfaces) StdoutLine: {'line': b'-- Up-to-date: /home/cc/ee106a/fa25/class/ee106a-add/106A-CATCH/CATCH/install/ros2_aruco_interfaces/include/ros2_aruco_interfaces/ros2_aruco_interfaces/msg/detail/aruco_markers__rosidl_typesupport_fastrtps_cpp.hpp\n'}
[2.307995] (ros2_aruco_interfaces) StdoutLine: {'line': b'-- Up-to-date: /home/cc/ee106a/fa25/class/ee106a-add/106A-CATCH/CATCH/install/ros2_aruco_interfaces/include/ros2_aruco_interfaces/ros2_aruco_interfaces/msg/detail/dds_fastrtps\n'}
[2.309382] (ros2_aruco_interfaces) StdoutLine: {'line': b'-- Up-to-date: /home/cc/ee106a/fa25/class/ee106a-add/106A-CATCH/CATCH/install/ros2_aruco_interfaces/include/ros2_aruco_interfaces/ros2_aruco_interfaces/msg/rosidl_typesupport_fastrtps_cpp__visibility_control.h\n'}
[2.309875] (ros2_aruco_interfaces) StdoutLine: {'line': b'-- Up-to-date: /home/cc/ee106a/fa25/class/ee106a-add/106A-CATCH/CATCH/install/ros2_aruco_interfaces/include/ros2_aruco_interfaces/ros2_aruco_interfaces/srv\n'}
[2.310402] (planning) StdoutLine: {'line': b'running egg_info\n'}
[2.311073] (planning) StdoutLine: {'line': b'writing ../../build/planning/planning.egg-info/PKG-INFO\n'}
[2.311631] (ros2_aruco_interfaces) StdoutLine: {'line': b'-- Up-to-date: /home/cc/ee106a/fa25/class/ee106a-add/106A-CATCH/CATCH/install/ros2_aruco_interfaces/include/ros2_aruco_interfaces/ros2_aruco_interfaces/srv/detail\n'}
[2.312269] (perception) StdoutLine: {'line': b'running egg_info\n'}
[2.313150] (perception) StdoutLine: {'line': b'writing ../../build/perception/perception.egg-info/PKG-INFO\n'}
[2.313747] (ros2_aruco_interfaces) StdoutLine: {'line': b'-- Up-to-date: /home/cc/ee106a/fa25/class/ee106a-add/106A-CATCH/CATCH/install/ros2_aruco_interfaces/include/ros2_aruco_interfaces/ros2_aruco_interfaces/srv/detail/store_transform__rosidl_typesupport_fastrtps_cpp.hpp\n'}
[2.314251] (ros2_aruco_interfaces) StdoutLine: {'line': b'-- Up-to-date: /home/cc/ee106a/fa25/class/ee106a-add/106A-CATCH/CATCH/install/ros2_aruco_interfaces/include/ros2_aruco_interfaces/ros2_aruco_interfaces/srv/detail/dds_fastrtps\n'}
[2.314990] (planning) StdoutLine: {'line': b'writing dependency_links to ../../build/planning/planning.egg-info/dependency_links.txt\n'}
[2.317578] (ros2_aruco_interfaces) StdoutLine: {'line': b'-- Up-to-date: /home/cc/ee106a/fa25/class/ee106a-add/106A-CATCH/CATCH/install/ros2_aruco_interfaces/lib/libros2_aruco_interfaces__rosidl_typesupport_fastrtps_cpp.so\n'}
[2.317664] (perception) StdoutLine: {'line': b'writing dependency_links to ../../build/perception/perception.egg-info/dependency_links.txt\n'}
[2.318483] (planning) StdoutLine: {'line': b'writing entry points to ../../build/planning/planning.egg-info/entry_points.txt\n'}
[2.321243] (perception) StdoutLine: {'line': b'writing entry points to ../../build/perception/perception.egg-info/entry_points.txt\n'}
[2.321779] (ros2_aruco_interfaces) StdoutLine: {'line': b'-- Up-to-date: /home/cc/ee106a/fa25/class/ee106a-add/106A-CATCH/CATCH/install/ros2_aruco_interfaces/include/ros2_aruco_interfaces/ros2_aruco_interfaces\n'}
[2.322006] (planning) StdoutLine: {'line': b'writing requirements to ../../build/planning/planning.egg-info/requires.txt\n'}
[2.323150] (ros2_aruco_interfaces) StdoutLine: {'line': b'-- Up-to-date: /home/cc/ee106a/fa25/class/ee106a-add/106A-CATCH/CATCH/install/ros2_aruco_interfaces/include/ros2_aruco_interfaces/ros2_aruco_interfaces/msg\n'}
[2.324586] (perception) StdoutLine: {'line': b'writing requirements to ../../build/perception/perception.egg-info/requires.txt\n'}
[2.325064] (ros2_aruco_interfaces) StdoutLine: {'line': b'-- Up-to-date: /home/cc/ee106a/fa25/class/ee106a-add/106A-CATCH/CATCH/install/ros2_aruco_interfaces/include/ros2_aruco_interfaces/ros2_aruco_interfaces/msg/detail\n'}
[2.325717] (planning) StdoutLine: {'line': b'writing top-level names to ../../build/planning/planning.egg-info/top_level.txt\n'}
[2.326941] (ros2_aruco_interfaces) StdoutLine: {'line': b'-- Up-to-date: /home/cc/ee106a/fa25/class/ee106a-add/106A-CATCH/CATCH/install/ros2_aruco_interfaces/include/ros2_aruco_interfaces/ros2_aruco_interfaces/msg/detail/aruco_markers__rosidl_typesupport_introspection_c.h\n'}
[2.327440] (perception) StdoutLine: {'line': b'writing top-level names to ../../build/perception/perception.egg-info/top_level.txt\n'}
[2.328017] (ros2_aruco_interfaces) StdoutLine: {'line': b'-- Up-to-date: /home/cc/ee106a/fa25/class/ee106a-add/106A-CATCH/CATCH/install/ros2_aruco_interfaces/include/ros2_aruco_interfaces/ros2_aruco_interfaces/msg/detail/aruco_markers__type_support.c\n'}
[2.329003] (ros2_aruco_interfaces) StdoutLine: {'line': b'-- Up-to-date: /home/cc/ee106a/fa25/class/ee106a-add/106A-CATCH/CATCH/install/ros2_aruco_interfaces/include/ros2_aruco_interfaces/ros2_aruco_interfaces/msg/rosidl_typesupport_introspection_c__visibility_control.h\n'}
[2.330032] (ros2_aruco_interfaces) StdoutLine: {'line': b'-- Up-to-date: /home/cc/ee106a/fa25/class/ee106a-add/106A-CATCH/CATCH/install/ros2_aruco_interfaces/include/ros2_aruco_interfaces/ros2_aruco_interfaces/srv\n'}
[2.331559] (ros2_aruco_interfaces) StdoutLine: {'line': b'-- Up-to-date: /home/cc/ee106a/fa25/class/ee106a-add/106A-CATCH/CATCH/install/ros2_aruco_interfaces/include/ros2_aruco_interfaces/ros2_aruco_interfaces/srv/detail\n'}
[2.333202] (ros2_aruco_interfaces) StdoutLine: {'line': b'-- Up-to-date: /home/cc/ee106a/fa25/class/ee106a-add/106A-CATCH/CATCH/install/ros2_aruco_interfaces/include/ros2_aruco_interfaces/ros2_aruco_interfaces/srv/detail/store_transform__rosidl_typesupport_introspection_c.h\n'}
[2.334129] (planning) StdoutLine: {'line': b"reading manifest file '../../build/planning/planning.egg-info/SOURCES.txt'\n"}
[2.334501] (ros2_aruco_interfaces) StdoutLine: {'line': b'-- Up-to-date: /home/cc/ee106a/fa25/class/ee106a-add/106A-CATCH/CATCH/install/ros2_aruco_interfaces/include/ros2_aruco_interfaces/ros2_aruco_interfaces/srv/detail/store_transform__type_support.c\n'}
[2.336491] (ros2_aruco_interfaces) StdoutLine: {'line': b'-- Up-to-date: /home/cc/ee106a/fa25/class/ee106a-add/106A-CATCH/CATCH/install/ros2_aruco_interfaces/lib/libros2_aruco_interfaces__rosidl_typesupport_introspection_c.so\n'}
[2.337918] (planning) StdoutLine: {'line': b"writing manifest file '../../build/planning/planning.egg-info/SOURCES.txt'\n"}
[2.342178] (ros2_aruco_interfaces) StdoutLine: {'line': b'-- Up-to-date: /home/cc/ee106a/fa25/class/ee106a-add/106A-CATCH/CATCH/install/ros2_aruco_interfaces/lib/libros2_aruco_interfaces__rosidl_typesupport_c.so\n'}
[2.342482] (planning) StdoutLine: {'line': b'running build\n'}
[2.342626] (planning) StdoutLine: {'line': b'running build_py\n'}
[2.344376] (ros2_aruco) StdoutLine: {'line': b'running egg_info\n'}
[2.345222] (ros2_aruco_interfaces) StdoutLine: {'line': b'-- Up-to-date: /home/cc/ee106a/fa25/class/ee106a-add/106A-CATCH/CATCH/install/ros2_aruco_interfaces/include/ros2_aruco_interfaces/ros2_aruco_interfaces\n'}
[2.345643] (ros2_aruco) StdoutLine: {'line': b'writing ../../../build/ros2_aruco/ros2_aruco.egg-info/PKG-INFO\n'}
[2.345906] (perception) StdoutLine: {'line': b"reading manifest file '../../build/perception/perception.egg-info/SOURCES.txt'\n"}
[2.346099] (planning) StdoutLine: {'line': b'running install\n'}
[2.346613] (planning) StdoutLine: {'line': b'running install_lib\n'}
[2.346827] (ros2_aruco_interfaces) StdoutLine: {'line': b'-- Up-to-date: /home/cc/ee106a/fa25/class/ee106a-add/106A-CATCH/CATCH/install/ros2_aruco_interfaces/include/ros2_aruco_interfaces/ros2_aruco_interfaces/msg\n'}
[2.348741] (ros2_aruco_interfaces) StdoutLine: {'line': b'-- Up-to-date: /home/cc/ee106a/fa25/class/ee106a-add/106A-CATCH/CATCH/install/ros2_aruco_interfaces/include/ros2_aruco_interfaces/ros2_aruco_interfaces/msg/detail\n'}
[2.348950] (perception) StdoutLine: {'line': b"writing manifest file '../../build/perception/perception.egg-info/SOURCES.txt'\n"}
[2.352612] (ros2_aruco) StdoutLine: {'line': b'writing dependency_links to ../../../build/ros2_aruco/ros2_aruco.egg-info/dependency_links.txt\n'}
[2.354338] (ros2_aruco_interfaces) StdoutLine: {'line': b'-- Up-to-date: /home/cc/ee106a/fa25/class/ee106a-add/106A-CATCH/CATCH/install/ros2_aruco_interfaces/include/ros2_aruco_interfaces/ros2_aruco_interfaces/msg/detail/aruco_markers__rosidl_typesupport_introspection_cpp.hpp\n'}
[2.355673] (perception) StdoutLine: {'line': b'running build\n'}
[2.355806] (perception) StdoutLine: {'line': b'running build_py\n'}
[2.355894] (ros2_aruco_interfaces) StdoutLine: {'line': b'-- Up-to-date: /home/cc/ee106a/fa25/class/ee106a-add/106A-CATCH/CATCH/install/ros2_aruco_interfaces/include/ros2_aruco_interfaces/ros2_aruco_interfaces/msg/detail/aruco_markers__type_support.cpp\n'}
[2.355981] (ros2_aruco_interfaces) StdoutLine: {'line': b'-- Up-to-date: /home/cc/ee106a/fa25/class/ee106a-add/106A-CATCH/CATCH/install/ros2_aruco_interfaces/include/ros2_aruco_interfaces/ros2_aruco_interfaces/srv\n'}
[2.356611] (planning) StdoutLine: {'line': b'running install_data\n'}
[2.357985] (ros2_aruco) StdoutLine: {'line': b'writing entry points to ../../../build/ros2_aruco/ros2_aruco.egg-info/entry_points.txt\n'}
[2.358396] (ros2_aruco_interfaces) StdoutLine: {'line': b'-- Up-to-date: /home/cc/ee106a/fa25/class/ee106a-add/106A-CATCH/CATCH/install/ros2_aruco_interfaces/include/ros2_aruco_interfaces/ros2_aruco_interfaces/srv/detail\n'}
[2.359706] (planning) StdoutLine: {'line': b'running install_egg_info\n'}
[2.360417] (ros2_aruco_interfaces) StdoutLine: {'line': b'-- Up-to-date: /home/cc/ee106a/fa25/class/ee106a-add/106A-CATCH/CATCH/install/ros2_aruco_interfaces/include/ros2_aruco_interfaces/ros2_aruco_interfaces/srv/detail/store_transform__rosidl_typesupport_introspection_cpp.hpp\n'}
[2.361475] (ros2_aruco_interfaces) StdoutLine: {'line': b'-- Up-to-date: /home/cc/ee106a/fa25/class/ee106a-add/106A-CATCH/CATCH/install/ros2_aruco_interfaces/include/ros2_aruco_interfaces/ros2_aruco_interfaces/srv/detail/store_transform__type_support.cpp\n'}
[2.362648] (ros2_aruco) StdoutLine: {'line': b'writing requirements to ../../../build/ros2_aruco/ros2_aruco.egg-info/requires.txt\n'}
[2.363729] (perception) StdoutLine: {'line': b'running install\n'}
[2.363998] (planning) StdoutLine: {'line': b"removing '/home/cc/ee106a/fa25/class/ee106a-add/106A-CATCH/CATCH/install/planning/lib/python3.10/site-packages/planning-0.0.0-py3.10.egg-info' (and everything under it)\n"}
[2.364258] (perception) StdoutLine: {'line': b'running install_lib\n'}
[2.364595] (ros2_aruco) StdoutLine: {'line': b'writing top-level names to ../../../build/ros2_aruco/ros2_aruco.egg-info/top_level.txt\n'}
[2.365055] (ros2_aruco_interfaces) StdoutLine: {'line': b'-- Up-to-date: /home/cc/ee106a/fa25/class/ee106a-add/106A-CATCH/CATCH/install/ros2_aruco_interfaces/lib/libros2_aruco_interfaces__rosidl_typesupport_introspection_cpp.so\n'}
[2.371720] (ros2_aruco_interfaces) StdoutLine: {'line': b'-- Up-to-date: /home/cc/ee106a/fa25/class/ee106a-add/106A-CATCH/CATCH/install/ros2_aruco_interfaces/lib/libros2_aruco_interfaces__rosidl_typesupport_cpp.so\n'}
[2.372264] (planning) StdoutLine: {'line': b'Copying ../../build/planning/planning.egg-info to /home/cc/ee106a/fa25/class/ee106a-add/106A-CATCH/CATCH/install/planning/lib/python3.10/site-packages/planning-0.0.0-py3.10.egg-info\n'}
[2.375772] (ros2_aruco_interfaces) StdoutLine: {'line': b'-- Up-to-date: /home/cc/ee106a/fa25/class/ee106a-add/106A-CATCH/CATCH/install/ros2_aruco_interfaces/share/ros2_aruco_interfaces/environment/pythonpath.sh\n'}
[2.377671] (ros2_aruco_interfaces) StdoutLine: {'line': b'-- Up-to-date: /home/cc/ee106a/fa25/class/ee106a-add/106A-CATCH/CATCH/install/ros2_aruco_interfaces/share/ros2_aruco_interfaces/environment/pythonpath.dsv\n'}
[2.377768] (perception) StdoutLine: {'line': b'running install_data\n'}
[2.378445] (ros2_aruco) StdoutLine: {'line': b"reading manifest file '../../../build/ros2_aruco/ros2_aruco.egg-info/SOURCES.txt'\n"}
[2.379974] (perception) StdoutLine: {'line': b'running install_egg_info\n'}
[2.380423] (ros2_aruco_interfaces) StdoutLine: {'line': b'-- Up-to-date: /home/cc/ee106a/fa25/class/ee106a-add/106A-CATCH/CATCH/install/ros2_aruco_interfaces/local/lib/python3.10/dist-packages/ros2_aruco_interfaces-0.1.0-py3.10.egg-info\n'}
[2.380890] (ros2_aruco) StdoutLine: {'line': b"writing manifest file '../../../build/ros2_aruco/ros2_aruco.egg-info/SOURCES.txt'\n"}
[2.383405] (ros2_aruco) StdoutLine: {'line': b'running build\n'}
[2.384310] (ros2_aruco) StdoutLine: {'line': b'running build_py\n'}
[2.385100] (ros2_aruco_interfaces) StdoutLine: {'line': b'-- Installing: /home/cc/ee106a/fa25/class/ee106a-add/106A-CATCH/CATCH/install/ros2_aruco_interfaces/local/lib/python3.10/dist-packages/ros2_aruco_interfaces-0.1.0-py3.10.egg-info/PKG-INFO\n'}
[2.386263] (perception) StdoutLine: {'line': b"removing '/home/cc/ee106a/fa25/class/ee106a-add/106A-CATCH/CATCH/install/perception/lib/python3.10/site-packages/perception-0.0.0-py3.10.egg-info' (and everything under it)\n"}
[2.390531] (ros2_aruco) StdoutLine: {'line': b'running install\n'}
[2.390869] (ros2_aruco) StdoutLine: {'line': b'running install_lib\n'}
[2.396793] (ros2_aruco_interfaces) StdoutLine: {'line': b'-- Installing: /home/cc/ee106a/fa25/class/ee106a-add/106A-CATCH/CATCH/install/ros2_aruco_interfaces/local/lib/python3.10/dist-packages/ros2_aruco_interfaces-0.1.0-py3.10.egg-info/dependency_links.txt\n'}
[2.399120] (perception) StdoutLine: {'line': b'Copying ../../build/perception/perception.egg-info to /home/cc/ee106a/fa25/class/ee106a-add/106A-CATCH/CATCH/install/perception/lib/python3.10/site-packages/perception-0.0.0-py3.10.egg-info\n'}
[2.400047] (ros2_aruco) StdoutLine: {'line': b'running install_data\n'}
[2.403702] (ros2_aruco) StdoutLine: {'line': b'running install_egg_info\n'}
[2.405851] (ros2_aruco) StdoutLine: {'line': b"removing '/home/cc/ee106a/fa25/class/ee106a-add/106A-CATCH/CATCH/install/ros2_aruco/lib/python3.10/site-packages/ros2_aruco-0.1.0-py3.10.egg-info' (and everything under it)\n"}
[2.406661] (-) TimerEvent: {}
[2.408976] (ros2_aruco_interfaces) StdoutLine: {'line': b'-- Installing: /home/cc/ee106a/fa25/class/ee106a-add/106A-CATCH/CATCH/install/ros2_aruco_interfaces/local/lib/python3.10/dist-packages/ros2_aruco_interfaces-0.1.0-py3.10.egg-info/top_level.txt\n'}
[2.414321] (ros2_aruco) StdoutLine: {'line': b'Copying ../../../build/ros2_aruco/ros2_aruco.egg-info to /home/cc/ee106a/fa25/class/ee106a-add/106A-CATCH/CATCH/install/ros2_aruco/lib/python3.10/site-packages/ros2_aruco-0.1.0-py3.10.egg-info\n'}
[2.426679] (ros2_aruco_interfaces) StdoutLine: {'line': b'-- Installing: /home/cc/ee106a/fa25/class/ee106a-add/106A-CATCH/CATCH/install/ros2_aruco_interfaces/local/lib/python3.10/dist-packages/ros2_aruco_interfaces-0.1.0-py3.10.egg-info/SOURCES.txt\n'}
[2.427719] (planning) StdoutLine: {'line': b'running install_scripts\n'}
[2.441366] (ros2_aruco_interfaces) StdoutLine: {'line': b'-- Up-to-date: /home/cc/ee106a/fa25/class/ee106a-add/106A-CATCH/CATCH/install/ros2_aruco_interfaces/local/lib/python3.10/dist-packages/ros2_aruco_interfaces\n'}
[2.443307] (ros2_aruco_interfaces) StdoutLine: {'line': b'-- Up-to-date: /home/cc/ee106a/fa25/class/ee106a-add/106A-CATCH/CATCH/install/ros2_aruco_interfaces/local/lib/python3.10/dist-packages/ros2_aruco_interfaces/__init__.py\n'}
[2.444150] (ros2_aruco_interfaces) StdoutLine: {'line': b'-- Up-to-date: /home/cc/ee106a/fa25/class/ee106a-add/106A-CATCH/CATCH/install/ros2_aruco_interfaces/local/lib/python3.10/dist-packages/ros2_aruco_interfaces/msg\n'}
[2.445751] (ros2_aruco_interfaces) StdoutLine: {'line': b'-- Up-to-date: /home/cc/ee106a/fa25/class/ee106a-add/106A-CATCH/CATCH/install/ros2_aruco_interfaces/local/lib/python3.10/dist-packages/ros2_aruco_interfaces/msg/_aruco_markers.py\n'}
[2.446781] (ros2_aruco_interfaces) StdoutLine: {'line': b'-- Up-to-date: /home/cc/ee106a/fa25/class/ee106a-add/106A-CATCH/CATCH/install/ros2_aruco_interfaces/local/lib/python3.10/dist-packages/ros2_aruco_interfaces/msg/_aruco_markers_s.c\n'}
[2.447623] (ros2_aruco_interfaces) StdoutLine: {'line': b'-- Up-to-date: /home/cc/ee106a/fa25/class/ee106a-add/106A-CATCH/CATCH/install/ros2_aruco_interfaces/local/lib/python3.10/dist-packages/ros2_aruco_interfaces/msg/__init__.py\n'}
[2.448601] (ros2_aruco_interfaces) StdoutLine: {'line': b'-- Up-to-date: /home/cc/ee106a/fa25/class/ee106a-add/106A-CATCH/CATCH/install/ros2_aruco_interfaces/local/lib/python3.10/dist-packages/ros2_aruco_interfaces/srv\n'}
[2.449175] (planning) StdoutLine: {'line': b'Installing main script to /home/cc/ee106a/fa25/class/ee106a-add/106A-CATCH/CATCH/install/planning/lib/planning\n'}
[2.450657] (ros2_aruco_interfaces) StdoutLine: {'line': b'-- Up-to-date: /home/cc/ee106a/fa25/class/ee106a-add/106A-CATCH/CATCH/install/ros2_aruco_interfaces/local/lib/python3.10/dist-packages/ros2_aruco_interfaces/srv/_store_transform.py\n'}
[2.451597] (ros2_aruco_interfaces) StdoutLine: {'line': b'-- Up-to-date: /home/cc/ee106a/fa25/class/ee106a-add/106A-CATCH/CATCH/install/ros2_aruco_interfaces/local/lib/python3.10/dist-packages/ros2_aruco_interfaces/srv/_store_transform_s.c\n'}
[2.452735] (ros2_aruco_interfaces) StdoutLine: {'line': b'-- Up-to-date: /home/cc/ee106a/fa25/class/ee106a-add/106A-CATCH/CATCH/install/ros2_aruco_interfaces/local/lib/python3.10/dist-packages/ros2_aruco_interfaces/srv/__init__.py\n'}
[2.453339] (planning) StdoutLine: {'line': b'Installing tf script to /home/cc/ee106a/fa25/class/ee106a-add/106A-CATCH/CATCH/install/planning/lib/planning\n'}
[2.453800] (perception) StdoutLine: {'line': b'running install_scripts\n'}
[2.453892] (ros2_aruco_interfaces) StdoutLine: {'line': b'-- Up-to-date: /home/cc/ee106a/fa25/class/ee106a-add/106A-CATCH/CATCH/install/ros2_aruco_interfaces/local/lib/python3.10/dist-packages/ros2_aruco_interfaces/_ros2_aruco_interfaces_s.ep.rosidl_typesupport_fastrtps_c.c\n'}
[2.455207] (ros2_aruco_interfaces) StdoutLine: {'line': b'-- Up-to-date: /home/cc/ee106a/fa25/class/ee106a-add/106A-CATCH/CATCH/install/ros2_aruco_interfaces/local/lib/python3.10/dist-packages/ros2_aruco_interfaces/_ros2_aruco_interfaces_s.ep.rosidl_typesupport_introspection_c.c\n'}
[2.456275] (ros2_aruco_interfaces) StdoutLine: {'line': b'-- Up-to-date: /home/cc/ee106a/fa25/class/ee106a-add/106A-CATCH/CATCH/install/ros2_aruco_interfaces/local/lib/python3.10/dist-packages/ros2_aruco_interfaces/_ros2_aruco_interfaces_s.ep.rosidl_typesupport_c.c\n'}
[2.457517] (ros2_aruco_interfaces) StdoutLine: {'line': b'-- Up-to-date: /home/cc/ee106a/fa25/class/ee106a-add/106A-CATCH/CATCH/install/ros2_aruco_interfaces/local/lib/python3.10/dist-packages/ros2_aruco_interfaces/libros2_aruco_interfaces__rosidl_generator_py.so\n'}
[2.458427] (planning) StdoutLine: {'line': b"writing list of installed files to '/home/cc/ee106a/fa25/class/ee106a-add/106A-CATCH/CATCH/build/planning/install.log'\n"}
[2.459073] (ros2_aruco_interfaces) StdoutLine: {'line': b'-- Up-to-date: /home/cc/ee106a/fa25/class/ee106a-add/106A-CATCH/CATCH/install/ros2_aruco_interfaces/local/lib/python3.10/dist-packages/ros2_aruco_interfaces/ros2_aruco_interfaces_s__rosidl_typesupport_c.cpython-310-x86_64-linux-gnu.so\n'}
[2.459982] (ros2_aruco_interfaces) StdoutLine: {'line': b'-- Up-to-date: /home/cc/ee106a/fa25/class/ee106a-add/106A-CATCH/CATCH/install/ros2_aruco_interfaces/local/lib/python3.10/dist-packages/ros2_aruco_interfaces/ros2_aruco_interfaces_s__rosidl_typesupport_fastrtps_c.cpython-310-x86_64-linux-gnu.so\n'}
[2.461325] (ros2_aruco_interfaces) StdoutLine: {'line': b'-- Up-to-date: /home/cc/ee106a/fa25/class/ee106a-add/106A-CATCH/CATCH/install/ros2_aruco_interfaces/local/lib/python3.10/dist-packages/ros2_aruco_interfaces/ros2_aruco_interfaces_s__rosidl_typesupport_introspection_c.cpython-310-x86_64-linux-gnu.so\n'}
[2.467532] (ros2_aruco) StdoutLine: {'line': b'running install_scripts\n'}
[2.487569] (planning) CommandEnded: {'returncode': 0}
[2.492201] (perception) StdoutLine: {'line': b'Installing ball_trajectory_estimator script to /home/cc/ee106a/fa25/class/ee106a-add/106A-CATCH/CATCH/install/perception/lib/perception\n'}
[2.495494] (ros2_aruco) StdoutLine: {'line': b'Installing aruco_generate_marker script to /home/cc/ee106a/fa25/class/ee106a-add/106A-CATCH/CATCH/install/ros2_aruco/lib/ros2_aruco\n'}
[2.496413] (perception) StdoutLine: {'line': b'Installing blob_detector script to /home/cc/ee106a/fa25/class/ee106a-add/106A-CATCH/CATCH/install/perception/lib/perception\n'}
[2.499837] (ros2_aruco) StdoutLine: {'line': b'Installing aruco_node script to /home/cc/ee106a/fa25/class/ee106a-add/106A-CATCH/CATCH/install/ros2_aruco/lib/ros2_aruco\n'}
[2.500256] (perception) StdoutLine: {'line': b'Installing color_identifier script to /home/cc/ee106a/fa25/class/ee106a-add/106A-CATCH/CATCH/install/perception/lib/perception\n'}
[2.503322] (perception) StdoutLine: {'line': b'Installing display_plane script to /home/cc/ee106a/fa25/class/ee106a-add/106A-CATCH/CATCH/install/perception/lib/perception\n'}
[2.503460] (ros2_aruco) StdoutLine: {'line': b'Installing aruco_static_tf_node script to /home/cc/ee106a/fa25/class/ee106a-add/106A-CATCH/CATCH/install/ros2_aruco/lib/ros2_aruco\n'}
[2.506736] (-) TimerEvent: {}
[2.506996] (perception) StdoutLine: {'line': b'Installing process_depth_image script to /home/cc/ee106a/fa25/class/ee106a-add/106A-CATCH/CATCH/install/perception/lib/perception\n'}
[2.507309] (ros2_aruco) StdoutLine: {'line': b"writing list of installed files to '/home/cc/ee106a/fa25/class/ee106a-add/106A-CATCH/CATCH/build/ros2_aruco/install.log'\n"}
[2.510159] (perception) StdoutLine: {'line': b'Installing zxLS script to /home/cc/ee106a/fa25/class/ee106a-add/106A-CATCH/CATCH/install/perception/lib/perception\n'}
[2.514104] (perception) StdoutLine: {'line': b"writing list of installed files to '/home/cc/ee106a/fa25/class/ee106a-add/106A-CATCH/CATCH/build/perception/install.log'\n"}
[2.529520] (planning) JobEnded: {'identifier': 'planning', 'rc': 0}
[2.536235] (ros2_aruco) CommandEnded: {'returncode': 0}
[2.540455] (ros2_aruco_interfaces) StdoutLine: {'line': b"Listing '/home/cc/ee106a/fa25/class/ee106a-add/106A-CATCH/CATCH/install/ros2_aruco_interfaces/local/lib/python3.10/dist-packages/ros2_aruco_interfaces'...\n"}
[2.540567] (ros2_aruco_interfaces) StdoutLine: {'line': b"Listing '/home/cc/ee106a/fa25/class/ee106a-add/106A-CATCH/CATCH/install/ros2_aruco_interfaces/local/lib/python3.10/dist-packages/ros2_aruco_interfaces/msg'...\n"}
[2.540631] (ros2_aruco_interfaces) StdoutLine: {'line': b"Listing '/home/cc/ee106a/fa25/class/ee106a-add/106A-CATCH/CATCH/install/ros2_aruco_interfaces/local/lib/python3.10/dist-packages/ros2_aruco_interfaces/srv'...\n"}
[2.547602] (ros2_aruco_interfaces) StdoutLine: {'line': b'-- Up-to-date: /home/cc/ee106a/fa25/class/ee106a-add/106A-CATCH/CATCH/install/ros2_aruco_interfaces/local/lib/python3.10/dist-packages/ros2_aruco_interfaces/ros2_aruco_interfaces_s__rosidl_typesupport_fastrtps_c.cpython-310-x86_64-linux-gnu.so\n'}
[2.556044] (ros2_aruco_interfaces) StdoutLine: {'line': b'-- Up-to-date: /home/cc/ee106a/fa25/class/ee106a-add/106A-CATCH/CATCH/install/ros2_aruco_interfaces/local/lib/python3.10/dist-packages/ros2_aruco_interfaces/ros2_aruco_interfaces_s__rosidl_typesupport_introspection_c.cpython-310-x86_64-linux-gnu.so\n'}
[2.564009] (ros2_aruco_interfaces) StdoutLine: {'line': b'-- Up-to-date: /home/cc/ee106a/fa25/class/ee106a-add/106A-CATCH/CATCH/install/ros2_aruco_interfaces/local/lib/python3.10/dist-packages/ros2_aruco_interfaces/ros2_aruco_interfaces_s__rosidl_typesupport_c.cpython-310-x86_64-linux-gnu.so\n'}
[2.568883] (ros2_aruco_interfaces) StdoutLine: {'line': b'-- Up-to-date: /home/cc/ee106a/fa25/class/ee106a-add/106A-CATCH/CATCH/install/ros2_aruco_interfaces/lib/libros2_aruco_interfaces__rosidl_generator_py.so\n'}
[2.573834] (ros2_aruco_interfaces) StdoutLine: {'line': b'-- Up-to-date: /home/cc/ee106a/fa25/class/ee106a-add/106A-CATCH/CATCH/install/ros2_aruco_interfaces/share/ros2_aruco_interfaces/msg/ArucoMarkers.idl\n'}
[2.575872] (ros2_aruco_interfaces) StdoutLine: {'line': b'-- Up-to-date: /home/cc/ee106a/fa25/class/ee106a-add/106A-CATCH/CATCH/install/ros2_aruco_interfaces/share/ros2_aruco_interfaces/srv/StoreTransform.idl\n'}
[2.576915] (ros2_aruco_interfaces) StdoutLine: {'line': b'-- Up-to-date: /home/cc/ee106a/fa25/class/ee106a-add/106A-CATCH/CATCH/install/ros2_aruco_interfaces/share/ros2_aruco_interfaces/msg/ArucoMarkers.msg\n'}
[2.577053] (ros2_aruco) JobEnded: {'identifier': 'ros2_aruco', 'rc': 0}
[2.582166] (perception) CommandEnded: {'returncode': 0}
[2.582419] (ros2_aruco_interfaces) StdoutLine: {'line': b'-- Up-to-date: /home/cc/ee106a/fa25/class/ee106a-add/106A-CATCH/CATCH/install/ros2_aruco_interfaces/share/ros2_aruco_interfaces/srv/StoreTransform.srv\n'}
[2.582733] (ros2_aruco_interfaces) StdoutLine: {'line': b'-- Up-to-date: /home/cc/ee106a/fa25/class/ee106a-add/106A-CATCH/CATCH/install/ros2_aruco_interfaces/share/ros2_aruco_interfaces/srv/StoreTransform_Request.msg\n'}
[2.582769] (ros2_aruco_interfaces) StdoutLine: {'line': b'-- Up-to-date: /home/cc/ee106a/fa25/class/ee106a-add/106A-CATCH/CATCH/install/ros2_aruco_interfaces/share/ros2_aruco_interfaces/srv/StoreTransform_Response.msg\n'}
[2.582802] (ros2_aruco_interfaces) StdoutLine: {'line': b'-- Up-to-date: /home/cc/ee106a/fa25/class/ee106a-add/106A-CATCH/CATCH/install/ros2_aruco_interfaces/share/ament_index/resource_index/package_run_dependencies/ros2_aruco_interfaces\n'}
[2.582989] (ros2_aruco_interfaces) StdoutLine: {'line': b'-- Up-to-date: /home/cc/ee106a/fa25/class/ee106a-add/106A-CATCH/CATCH/install/ros2_aruco_interfaces/share/ament_index/resource_index/parent_prefix_path/ros2_aruco_interfaces\n'}
[2.584001] (ros2_aruco_interfaces) StdoutLine: {'line': b'-- Up-to-date: /home/cc/ee106a/fa25/class/ee106a-add/106A-CATCH/CATCH/install/ros2_aruco_interfaces/share/ros2_aruco_interfaces/environment/ament_prefix_path.sh\n'}
[2.586075] (ros2_aruco_interfaces) StdoutLine: {'line': b'-- Up-to-date: /home/cc/ee106a/fa25/class/ee106a-add/106A-CATCH/CATCH/install/ros2_aruco_interfaces/share/ros2_aruco_interfaces/environment/ament_prefix_path.dsv\n'}
[2.587246] (ros2_aruco_interfaces) StdoutLine: {'line': b'-- Up-to-date: /home/cc/ee106a/fa25/class/ee106a-add/106A-CATCH/CATCH/install/ros2_aruco_interfaces/share/ros2_aruco_interfaces/environment/path.sh\n'}
[2.590075] (ros2_aruco_interfaces) StdoutLine: {'line': b'-- Up-to-date: /home/cc/ee106a/fa25/class/ee106a-add/106A-CATCH/CATCH/install/ros2_aruco_interfaces/share/ros2_aruco_interfaces/environment/path.dsv\n'}
[2.591001] (ros2_aruco_interfaces) StdoutLine: {'line': b'-- Up-to-date: /home/cc/ee106a/fa25/class/ee106a-add/106A-CATCH/CATCH/install/ros2_aruco_interfaces/share/ros2_aruco_interfaces/local_setup.bash\n'}
[2.591597] (ros2_aruco_interfaces) StdoutLine: {'line': b'-- Up-to-date: /home/cc/ee106a/fa25/class/ee106a-add/106A-CATCH/CATCH/install/ros2_aruco_interfaces/share/ros2_aruco_interfaces/local_setup.sh\n'}
[2.592294] (ros2_aruco_interfaces) StdoutLine: {'line': b'-- Up-to-date: /home/cc/ee106a/fa25/class/ee106a-add/106A-CATCH/CATCH/install/ros2_aruco_interfaces/share/ros2_aruco_interfaces/local_setup.zsh\n'}
[2.593933] (ros2_aruco_interfaces) StdoutLine: {'line': b'-- Up-to-date: /home/cc/ee106a/fa25/class/ee106a-add/106A-CATCH/CATCH/install/ros2_aruco_interfaces/share/ros2_aruco_interfaces/local_setup.dsv\n'}
[2.596417] (ros2_aruco_interfaces) StdoutLine: {'line': b'-- Installing: /home/cc/ee106a/fa25/class/ee106a-add/106A-CATCH/CATCH/install/ros2_aruco_interfaces/share/ros2_aruco_interfaces/package.dsv\n'}
[2.606866] (-) TimerEvent: {}
[2.608779] (ros2_aruco_interfaces) StdoutLine: {'line': b'-- Up-to-date: /home/cc/ee106a/fa25/class/ee106a-add/106A-CATCH/CATCH/install/ros2_aruco_interfaces/share/ament_index/resource_index/packages/ros2_aruco_interfaces\n'}
[2.613965] (ros2_aruco_interfaces) StdoutLine: {'line': b'-- Up-to-date: /home/cc/ee106a/fa25/class/ee106a-add/106A-CATCH/CATCH/install/ros2_aruco_interfaces/share/ros2_aruco_interfaces/cmake/export_ros2_aruco_interfaces__rosidl_generator_cExport.cmake\n'}
[2.615829] (ros2_aruco_interfaces) StdoutLine: {'line': b'-- Up-to-date: /home/cc/ee106a/fa25/class/ee106a-add/106A-CATCH/CATCH/install/ros2_aruco_interfaces/share/ros2_aruco_interfaces/cmake/export_ros2_aruco_interfaces__rosidl_generator_cExport-noconfig.cmake\n'}
[2.619511] (ros2_aruco_interfaces) StdoutLine: {'line': b'-- Up-to-date: /home/cc/ee106a/fa25/class/ee106a-add/106A-CATCH/CATCH/install/ros2_aruco_interfaces/share/ros2_aruco_interfaces/cmake/export_ros2_aruco_interfaces__rosidl_typesupport_fastrtps_cExport.cmake\n'}
[2.621068] (ros2_aruco_interfaces) StdoutLine: {'line': b'-- Up-to-date: /home/cc/ee106a/fa25/class/ee106a-add/106A-CATCH/CATCH/install/ros2_aruco_interfaces/share/ros2_aruco_interfaces/cmake/export_ros2_aruco_interfaces__rosidl_typesupport_fastrtps_cExport-noconfig.cmake\n'}
[2.624706] (ros2_aruco_interfaces) StdoutLine: {'line': b'-- Up-to-date: /home/cc/ee106a/fa25/class/ee106a-add/106A-CATCH/CATCH/install/ros2_aruco_interfaces/share/ros2_aruco_interfaces/cmake/export_ros2_aruco_interfaces__rosidl_generator_cppExport.cmake\n'}
[2.627193] (perception) JobEnded: {'identifier': 'perception', 'rc': 0}
[2.634913] (ros2_aruco_interfaces) StdoutLine: {'line': b'-- Up-to-date: /home/cc/ee106a/fa25/class/ee106a-add/106A-CATCH/CATCH/install/ros2_aruco_interfaces/share/ros2_aruco_interfaces/cmake/export_ros2_aruco_interfaces__rosidl_typesupport_fastrtps_cppExport.cmake\n'}
[2.635036] (ros2_aruco_interfaces) StdoutLine: {'line': b'-- Up-to-date: /home/cc/ee106a/fa25/class/ee106a-add/106A-CATCH/CATCH/install/ros2_aruco_interfaces/share/ros2_aruco_interfaces/cmake/export_ros2_aruco_interfaces__rosidl_typesupport_fastrtps_cppExport-noconfig.cmake\n'}
[2.636052] (ros2_aruco_interfaces) StdoutLine: {'line': b'-- Up-to-date: /home/cc/ee106a/fa25/class/ee106a-add/106A-CATCH/CATCH/install/ros2_aruco_interfaces/share/ros2_aruco_interfaces/cmake/ros2_aruco_interfaces__rosidl_typesupport_introspection_cExport.cmake\n'}
[2.638065] (ros2_aruco_interfaces) StdoutLine: {'line': b'-- Up-to-date: /home/cc/ee106a/fa25/class/ee106a-add/106A-CATCH/CATCH/install/ros2_aruco_interfaces/share/ros2_aruco_interfaces/cmake/ros2_aruco_interfaces__rosidl_typesupport_introspection_cExport-noconfig.cmake\n'}
[2.640625] (ros2_aruco_interfaces) StdoutLine: {'line': b'-- Up-to-date: /home/cc/ee106a/fa25/class/ee106a-add/106A-CATCH/CATCH/install/ros2_aruco_interfaces/share/ros2_aruco_interfaces/cmake/ros2_aruco_interfaces__rosidl_typesupport_cExport.cmake\n'}
[2.642079] (ros2_aruco_interfaces) StdoutLine: {'line': b'-- Up-to-date: /home/cc/ee106a/fa25/class/ee106a-add/106A-CATCH/CATCH/install/ros2_aruco_interfaces/share/ros2_aruco_interfaces/cmake/ros2_aruco_interfaces__rosidl_typesupport_cExport-noconfig.cmake\n'}
[2.644661] (ros2_aruco_interfaces) StdoutLine: {'line': b'-- Up-to-date: /home/cc/ee106a/fa25/class/ee106a-add/106A-CATCH/CATCH/install/ros2_aruco_interfaces/share/ros2_aruco_interfaces/cmake/ros2_aruco_interfaces__rosidl_typesupport_introspection_cppExport.cmake\n'}
[2.646017] (ros2_aruco_interfaces) StdoutLine: {'line': b'-- Up-to-date: /home/cc/ee106a/fa25/class/ee106a-add/106A-CATCH/CATCH/install/ros2_aruco_interfaces/share/ros2_aruco_interfaces/cmake/ros2_aruco_interfaces__rosidl_typesupport_introspection_cppExport-noconfig.cmake\n'}
[2.648683] (ros2_aruco_interfaces) StdoutLine: {'line': b'-- Up-to-date: /home/cc/ee106a/fa25/class/ee106a-add/106A-CATCH/CATCH/install/ros2_aruco_interfaces/share/ros2_aruco_interfaces/cmake/ros2_aruco_interfaces__rosidl_typesupport_cppExport.cmake\n'}
[2.650418] (ros2_aruco_interfaces) StdoutLine: {'line': b'-- Up-to-date: /home/cc/ee106a/fa25/class/ee106a-add/106A-CATCH/CATCH/install/ros2_aruco_interfaces/share/ros2_aruco_interfaces/cmake/ros2_aruco_interfaces__rosidl_typesupport_cppExport-noconfig.cmake\n'}
[2.653372] (ros2_aruco_interfaces) StdoutLine: {'line': b'-- Up-to-date: /home/cc/ee106a/fa25/class/ee106a-add/106A-CATCH/CATCH/install/ros2_aruco_interfaces/share/ros2_aruco_interfaces/cmake/export_ros2_aruco_interfaces__rosidl_generator_pyExport.cmake\n'}
[2.654648] (ros2_aruco_interfaces) StdoutLine: {'line': b'-- Up-to-date: /home/cc/ee106a/fa25/class/ee106a-add/106A-CATCH/CATCH/install/ros2_aruco_interfaces/share/ros2_aruco_interfaces/cmake/export_ros2_aruco_interfaces__rosidl_generator_pyExport-noconfig.cmake\n'}
[2.655448] (ros2_aruco_interfaces) StdoutLine: {'line': b'-- Up-to-date: /home/cc/ee106a/fa25/class/ee106a-add/106A-CATCH/CATCH/install/ros2_aruco_interfaces/share/ros2_aruco_interfaces/cmake/rosidl_cmake-extras.cmake\n'}
[2.656446] (ros2_aruco_interfaces) StdoutLine: {'line': b'-- Up-to-date: /home/cc/ee106a/fa25/class/ee106a-add/106A-CATCH/CATCH/install/ros2_aruco_interfaces/share/ros2_aruco_interfaces/cmake/ament_cmake_export_dependencies-extras.cmake\n'}
[2.657055] (ros2_aruco_interfaces) StdoutLine: {'line': b'-- Up-to-date: /home/cc/ee106a/fa25/class/ee106a-add/106A-CATCH/CATCH/install/ros2_aruco_interfaces/share/ros2_aruco_interfaces/cmake/ament_cmake_export_include_directories-extras.cmake\n'}
[2.657848] (ros2_aruco_interfaces) StdoutLine: {'line': b'-- Up-to-date: /home/cc/ee106a/fa25/class/ee106a-add/106A-CATCH/CATCH/install/ros2_aruco_interfaces/share/ros2_aruco_interfaces/cmake/ament_cmake_export_libraries-extras.cmake\n'}
[2.658661] (ros2_aruco_interfaces) StdoutLine: {'line': b'-- Up-to-date: /home/cc/ee106a/fa25/class/ee106a-add/106A-CATCH/CATCH/install/ros2_aruco_interfaces/share/ros2_aruco_interfaces/cmake/ament_cmake_export_targets-extras.cmake\n'}
[2.659326] (ros2_aruco_interfaces) StdoutLine: {'line': b'-- Up-to-date: /home/cc/ee106a/fa25/class/ee106a-add/106A-CATCH/CATCH/install/ros2_aruco_interfaces/share/ros2_aruco_interfaces/cmake/rosidl_cmake_export_typesupport_targets-extras.cmake\n'}
[2.659995] (ros2_aruco_interfaces) StdoutLine: {'line': b'-- Up-to-date: /home/cc/ee106a/fa25/class/ee106a-add/106A-CATCH/CATCH/install/ros2_aruco_interfaces/share/ros2_aruco_interfaces/cmake/rosidl_cmake_export_typesupport_libraries-extras.cmake\n'}
[2.660868] (ros2_aruco_interfaces) StdoutLine: {'line': b'-- Up-to-date: /home/cc/ee106a/fa25/class/ee106a-add/106A-CATCH/CATCH/install/ros2_aruco_interfaces/share/ros2_aruco_interfaces/cmake/ros2_aruco_interfacesConfig.cmake\n'}
[2.661881] (ros2_aruco_interfaces) StdoutLine: {'line': b'-- Up-to-date: /home/cc/ee106a/fa25/class/ee106a-add/106A-CATCH/CATCH/install/ros2_aruco_interfaces/share/ros2_aruco_interfaces/cmake/ros2_aruco_interfacesConfig-version.cmake\n'}
[2.663235] (ros2_aruco_interfaces) StdoutLine: {'line': b'-- Up-to-date: /home/cc/ee106a/fa25/class/ee106a-add/106A-CATCH/CATCH/install/ros2_aruco_interfaces/share/ros2_aruco_interfaces/package.xml\n'}
[2.672211] (ros2_aruco_interfaces) CommandEnded: {'returncode': 0}
[2.706941] (-) TimerEvent: {}
[2.777780] (ros2_aruco_interfaces) JobEnded: {'identifier': 'ros2_aruco_interfaces', 'rc': 0}
[2.782688] (-) EventReactorShutdown: {}
