[0.000000] (-) TimerEvent: {}
[0.000207] (catch_custom_msgs) JobQueued: {'identifier': 'catch_custom_msgs', 'dependencies': OrderedDict()}
[0.000263] (perception) JobQueued: {'identifier': 'perception', 'dependencies': OrderedDict()}
[0.000547] (planning) JobQueued: {'identifier': 'planning', 'dependencies': OrderedDict()}
[0.000857] (ros2_aruco) JobQueued: {'identifier': 'ros2_aruco', 'dependencies': OrderedDict()}
[0.000896] (ros2_aruco_interfaces) JobQueued: {'identifier': 'ros2_aruco_interfaces', 'dependencies': OrderedDict()}
[0.000943] (catch_custom_msgs) JobStarted: {'identifier': 'catch_custom_msgs'}
[0.039148] (perception) JobStarted: {'identifier': 'perception'}
[0.064960] (planning) JobStarted: {'identifier': 'planning'}
[0.091694] (ros2_aruco) JobStarted: {'identifier': 'ros2_aruco'}
[0.098528] (-) TimerEvent: {}
[0.117316] (ros2_aruco_interfaces) JobStarted: {'identifier': 'ros2_aruco_interfaces'}
[0.141326] (catch_custom_msgs) JobProgress: {'identifier': 'catch_custom_msgs', 'progress': 'cmake'}
[0.145272] (catch_custom_msgs) JobProgress: {'identifier': 'catch_custom_msgs', 'progress': 'build'}
[0.146531] (catch_custom_msgs) Command: {'cmd': ['/usr/bin/cmake', '--build', '/home/cc/ee106a/fa25/class/ee106a-add/106A-CATCH/CATCH/build/catch_custom_msgs', '--', '-j32', '-l32'], 'cwd': '/home/cc/ee106a/fa25/class/ee106a-add/106A-CATCH/CATCH/build/catch_custom_msgs', 'env': OrderedDict([('ARCH', 'x86_64'), ('QT_SCALE_FACTOR', '1'), ('USER', 'ee106a-add'), ('HOSTNAME', 'ros2'), ('XDG_SESSION_TYPE', 'x11'), ('MASTERDIR', '/home/ff/ee106a'), ('COMPIZ_CONFIG_PROFILE', 'mate'), ('XDG_CACHE_HOME', '/home/cc/ee106a/fa25/class/ee106a-add/.cache'), ('SHLVL', '2'), ('LD_LIBRARY_PATH', '/home/cc/ee106a/fa25/class/ee106a-add/106A-CATCH/CATCH/install/ros2_aruco_interfaces/lib:/home/cc/ee106a/fa25/class/ee106a-add/106A-CATCH/CATCH/install/catch_custom_msgs/lib:/home/ff/ee106a/librealsense/build/Release:/usr/lib/x86_64-linux-gnu/gazebo-11/plugins:/opt/ros/humble/opt/rviz_ogre_vendor/lib:/opt/ros/humble/lib/x86_64-linux-gnu:/opt/ros/humble/lib'), ('HOME', '/home/cc/ee106a/fa25/class/ee106a-add'), ('OLDPWD', '/home/cc/ee106a/fa25/class/ee106a-add'), ('DESKTOP_SESSION', 'mate'), ('ROS_PYTHON_VERSION', '3'), ('GTK_MODULES', 'gail:atk-bridge:appmenu-gtk-module:gail:atk-bridge:canberra-gtk-module'), ('EE106_UR_ROBOT_IP', '192.168.1.100'), ('DISTROBOX_ENTER_PATH', '/usr/local/bin/distrobox-enter'), ('SYSTEMD_EXEC_PID', '1043288'), ('NNTPSERVER', 'news.csua.berkeley.edu'), ('VISUAL', 'emacs'), ('XDG_STATE_HOME', '/home/cc/ee106a/fa25/class/ee106a-add/.local/state'), ('DBUS_SESSION_BUS_ADDRESS', 'unix:path=/run/user/90081/bus'), ('COLORTERM', 'truecolor'), ('container', 'podman'), ('UBUNTU_MENUPROXY', '1'), ('QT_QPA_PLATFORMTHEME', 'gtk2'), ('COLCON_PREFIX_PATH', '/home/cc/ee106a/fa25/class/ee106a-add/106A-CATCH/CATCH/install:/home/ff/ee106a/robot_workspaces/ur/install'), ('ROS_DISTRO', 'humble'), ('GTK_IM_MODULE', 'ibus'), ('LOGNAME', 'ee106a-add'), ('MASTER', 'ee106a'), ('WINDOWID', '71303640'), ('ROS_VERSION', '2'), ('XDG_SESSION_CLASS', 'user'), ('TERMINFO_DIRS', '/usr/share/terminfo:/run/host/usr/share/terminfo'), ('USERNAME', 'ee106a-add'), ('TERM', 'xterm-256color'), ('GTK_OVERLAY_SCROLLING', '0'), ('XDG_SESSION_ID', '11786'), ('ROS_LOCALHOST_ONLY', '0'), ('WINDOWPATH', '2'), ('PATH', '/opt/ros/humble/bin:/share/b/grading/bin:/home/ff/ee106a/bin:/home/ff/ee106a/bin/arch/x86_64:/share/b/grading/bin:/home/ff/ee106a/bin:/home/ff/ee106a/bin/arch/x86_64:/usr/local/sbin:/usr/local/bin:/usr/sbin:/usr/bin:/sbin:/bin:/usr/games:/usr/local/games:/snap/bin:/snap/bin:/share/b/grading/bin:/share/b/grading/sbin:/share/b/runas/x86_64:/share/b/bin:/home/ff/ee106a/venvs/all:/usr/local/sbin:/usr/local/bin:/usr/sbin:/usr/bin:/sbin:/bin:/share/b/grading/bin:/share/b/grading/sbin:/share/b/runas/x86_64:/share/b/bin:/home/ff/ee106a/venvs/all'), ('SESSION_MANAGER', 'local/c105-6:@/tmp/.ICE-unix/1043358,unix/c105-6:/tmp/.ICE-unix/1043358'), ('OS', 'Linux'), ('XDG_RUNTIME_DIR', '/run/user/90081'), ('DISPLAY', ':1'), ('LANG', 'en_US.UTF-8'), ('XDG_CURRENT_DESKTOP', 'MATE'), ('XDG_DATA_HOME', '/home/cc/ee106a/fa25/class/ee106a-add/.local/share'), ('XDG_CONFIG_HOME', '/home/cc/ee106a/fa25/class/ee106a-add/.config'), ('XMODIFIERS', '@im=ibus'), ('XDG_SESSION_DESKTOP', 'mate'), ('XAUTHORITY', '/run/user/90081/gdm/Xauthority'), ('SSH_AUTH_SOCK', '/run/user/90081/keyring/ssh'), ('ROS_DOMAIN_ID', '26'), ('AMENT_PREFIX_PATH', '/home/cc/ee106a/fa25/class/ee106a-add/106A-CATCH/CATCH/install/ros2_aruco_interfaces:/home/cc/ee106a/fa25/class/ee106a-add/106A-CATCH/CATCH/install/ros2_aruco:/home/cc/ee106a/fa25/class/ee106a-add/106A-CATCH/CATCH/install/planning:/home/cc/ee106a/fa25/class/ee106a-add/106A-CATCH/CATCH/install/perception:/home/cc/ee106a/fa25/class/ee106a-add/106A-CATCH/CATCH/install/catch_custom_msgs:/home/ff/ee106a/robot_workspaces/ur/install/ur7e_utils:/opt/ros/humble'), ('SHELL', '/usr/bin/bash'), ('QT_ACCESSIBILITY', '1'), ('EE106_UR_ROBOT_NAME', 'baymax'), ('GDMSESSION', 'mate'), ('RUNAS', '/share/b/runas/x86_64'), ('GPG_AGENT_INFO', '/run/user/90081/gnupg/S.gpg-agent:0:1'), ('CONFIG_SHELL', '/usr/bin/ksh'), ('QT_IM_MODULE', 'ibus'), ('PWD', '/home/cc/ee106a/fa25/class/ee106a-add/106A-CATCH/CATCH/build/catch_custom_msgs'), ('EE106_ENV_SETUP', 'ur_ros2'), ('CONTAINER_ID', 'ros2'), ('LC_ALL', 'C.UTF-8'), ('XDG_CONFIG_DIRS', '/etc/xdg/xdg-mate:/etc/xdg'), ('CLUTTER_IM_MODULE', 'ibus'), ('XDG_DATA_DIRS', '/usr/share/mate:/usr/share/mate:/usr/share/gnome:/home/cc/ee106a/fa25/class/ee106a-add/.local/share/flatpak/exports/share:/var/lib/flatpak/exports/share:/usr/local/share/:/usr/share/:/var/lib/snapd/desktop:/usr/local/share:/usr/share'), ('PYTHONPATH', '/home/cc/ee106a/fa25/class/ee106a-add/106A-CATCH/CATCH/install/ros2_aruco_interfaces/local/lib/python3.10/dist-packages:/home/cc/ee106a/fa25/class/ee106a-add/106A-CATCH/CATCH/install/ros2_aruco/lib/python3.10/site-packages:/home/cc/ee106a/fa25/class/ee106a-add/106A-CATCH/CATCH/install/planning/lib/python3.10/site-packages:/home/cc/ee106a/fa25/class/ee106a-add/106A-CATCH/CATCH/install/perception/lib/python3.10/site-packages:/home/cc/ee106a/fa25/class/ee106a-add/106A-CATCH/CATCH/install/catch_custom_msgs/local/lib/python3.10/dist-packages:/home/ff/ee106a/robot_workspaces/ur/install/ur7e_utils/lib/python3.10/site-packages:/opt/ros/humble/lib/python3.10/site-packages:/opt/ros/humble/local/lib/python3.10/dist-packages'), ('MATE_DESKTOP_SESSION_ID', 'this-is-deprecated'), ('COLCON', '1'), ('MANPATH', '/usr/local/man:/usr/man:/usr/X11/man:/usr/local/man:/share/b/grading/man:/usr/local/man:/usr/man:/usr/X11/man:/usr/local/man:/share/b/grading/man:'), ('VTE_VERSION', '6800'), ('EDITOR', 'emacs'), ('CMAKE_PREFIX_PATH', '/home/cc/ee106a/fa25/class/ee106a-add/106A-CATCH/CATCH/install/ros2_aruco_interfaces:/home/cc/ee106a/fa25/class/ee106a-add/106A-CATCH/CATCH/install/catch_custom_msgs:/home/cc/ee106a/fa25/class/ee106a-add/106A-CATCH/CATCH/install/ros2_aruco:/home/cc/ee106a/fa25/class/ee106a-add/106A-CATCH/CATCH/install/planning:/home/cc/ee106a/fa25/class/ee106a-add/106A-CATCH/CATCH/install/perception:/home/ff/ee106a/robot_workspaces/ur/install/ur7e_utils:/opt/ros/humble'), ('QT_FONT_DPI', '122')]), 'shell': False}
[0.198647] (-) TimerEvent: {}
[0.298962] (-) TimerEvent: {}
[0.399383] (-) TimerEvent: {}
[0.499621] (-) TimerEvent: {}
[0.599868] (-) TimerEvent: {}
[0.700104] (-) TimerEvent: {}
[0.800391] (-) TimerEvent: {}
[0.900811] (-) TimerEvent: {}
[1.001145] (-) TimerEvent: {}
[1.017934] (catch_custom_msgs) StdoutLine: {'line': b'[  3%] Built target catch_custom_msgs__cpp\n'}
[1.018195] (catch_custom_msgs) StdoutLine: {'line': b'[ 12%] Built target catch_custom_msgs__rosidl_generator_c\n'}
[1.019246] (catch_custom_msgs) StdoutLine: {'line': b'[ 12%] Built target ament_cmake_python_copy_catch_custom_msgs\n'}
[1.019309] (catch_custom_msgs) StdoutLine: {'line': b'[ 61%] Built target catch_custom_msgs__rosidl_typesupport_cpp\n'}
[1.019732] (catch_custom_msgs) StdoutLine: {'line': b'[ 61%] Built target catch_custom_msgs__rosidl_typesupport_fastrtps_c\n'}
[1.019790] (catch_custom_msgs) StdoutLine: {'line': b'[ 70%] Built target catch_custom_msgs__rosidl_typesupport_introspection_cpp\n'}
[1.020355] (catch_custom_msgs) StdoutLine: {'line': b'[ 70%] Built target catch_custom_msgs__rosidl_typesupport_fastrtps_cpp\n'}
[1.020405] (catch_custom_msgs) StdoutLine: {'line': b'[ 70%] Built target catch_custom_msgs__rosidl_typesupport_c\n'}
[1.020789] (catch_custom_msgs) StdoutLine: {'line': b'[ 70%] Built target catch_custom_msgs__rosidl_typesupport_introspection_c\n'}
[1.021274] (catch_custom_msgs) StdoutLine: {'line': b'[ 70%] Built target catch_custom_msgs\n'}
[1.021327] (catch_custom_msgs) StdoutLine: {'line': b'[ 74%] Built target catch_custom_msgs__py\n'}
[1.021648] (catch_custom_msgs) StdoutLine: {'line': b'[ 80%] Built target catch_custom_msgs__rosidl_generator_py\n'}
[1.021703] (catch_custom_msgs) StdoutLine: {'line': b'[100%] Built target catch_custom_msgs__rosidl_typesupport_introspection_c__pyext\n'}
[1.022306] (catch_custom_msgs) StdoutLine: {'line': b'[100%] Built target catch_custom_msgs__rosidl_typesupport_fastrtps_c__pyext\n'}
[1.022354] (catch_custom_msgs) StdoutLine: {'line': b'[100%] Built target catch_custom_msgs__rosidl_typesupport_c__pyext\n'}
[1.022813] (catch_custom_msgs) StdoutLine: {'line': b'running egg_info\n'}
[1.023290] (catch_custom_msgs) StdoutLine: {'line': b'writing catch_custom_msgs.egg-info/PKG-INFO\n'}
[1.023344] (catch_custom_msgs) StdoutLine: {'line': b'writing dependency_links to catch_custom_msgs.egg-info/dependency_links.txt\n'}
[1.023796] (catch_custom_msgs) StdoutLine: {'line': b'writing top-level names to catch_custom_msgs.egg-info/top_level.txt\n'}
[1.023856] (catch_custom_msgs) StdoutLine: {'line': b"reading manifest file 'catch_custom_msgs.egg-info/SOURCES.txt'\n"}
[1.024258] (catch_custom_msgs) StdoutLine: {'line': b"writing manifest file 'catch_custom_msgs.egg-info/SOURCES.txt'\n"}
[1.024311] (catch_custom_msgs) StdoutLine: {'line': b'[100%] Built target ament_cmake_python_build_catch_custom_msgs_egg\n'}
[1.024694] (ros2_aruco_interfaces) JobProgress: {'identifier': 'ros2_aruco_interfaces', 'progress': 'cmake'}
[1.025149] (ros2_aruco_interfaces) JobProgress: {'identifier': 'ros2_aruco_interfaces', 'progress': 'build'}
[1.026069] (ros2_aruco_interfaces) Command: {'cmd': ['/usr/bin/cmake', '--build', '/home/cc/ee106a/fa25/class/ee106a-add/106A-CATCH/CATCH/build/ros2_aruco_interfaces', '--', '-j32', '-l32'], 'cwd': '/home/cc/ee106a/fa25/class/ee106a-add/106A-CATCH/CATCH/build/ros2_aruco_interfaces', 'env': OrderedDict([('ARCH', 'x86_64'), ('QT_SCALE_FACTOR', '1'), ('USER', 'ee106a-add'), ('HOSTNAME', 'ros2'), ('XDG_SESSION_TYPE', 'x11'), ('MASTERDIR', '/home/ff/ee106a'), ('COMPIZ_CONFIG_PROFILE', 'mate'), ('XDG_CACHE_HOME', '/home/cc/ee106a/fa25/class/ee106a-add/.cache'), ('SHLVL', '2'), ('LD_LIBRARY_PATH', '/home/cc/ee106a/fa25/class/ee106a-add/106A-CATCH/CATCH/install/ros2_aruco_interfaces/lib:/home/cc/ee106a/fa25/class/ee106a-add/106A-CATCH/CATCH/install/catch_custom_msgs/lib:/home/ff/ee106a/librealsense/build/Release:/usr/lib/x86_64-linux-gnu/gazebo-11/plugins:/opt/ros/humble/opt/rviz_ogre_vendor/lib:/opt/ros/humble/lib/x86_64-linux-gnu:/opt/ros/humble/lib'), ('HOME', '/home/cc/ee106a/fa25/class/ee106a-add'), ('OLDPWD', '/home/cc/ee106a/fa25/class/ee106a-add'), ('DESKTOP_SESSION', 'mate'), ('ROS_PYTHON_VERSION', '3'), ('GTK_MODULES', 'gail:atk-bridge:appmenu-gtk-module:gail:atk-bridge:canberra-gtk-module'), ('EE106_UR_ROBOT_IP', '192.168.1.100'), ('DISTROBOX_ENTER_PATH', '/usr/local/bin/distrobox-enter'), ('SYSTEMD_EXEC_PID', '1043288'), ('NNTPSERVER', 'news.csua.berkeley.edu'), ('VISUAL', 'emacs'), ('XDG_STATE_HOME', '/home/cc/ee106a/fa25/class/ee106a-add/.local/state'), ('DBUS_SESSION_BUS_ADDRESS', 'unix:path=/run/user/90081/bus'), ('COLORTERM', 'truecolor'), ('container', 'podman'), ('UBUNTU_MENUPROXY', '1'), ('QT_QPA_PLATFORMTHEME', 'gtk2'), ('COLCON_PREFIX_PATH', '/home/cc/ee106a/fa25/class/ee106a-add/106A-CATCH/CATCH/install:/home/ff/ee106a/robot_workspaces/ur/install'), ('ROS_DISTRO', 'humble'), ('GTK_IM_MODULE', 'ibus'), ('LOGNAME', 'ee106a-add'), ('MASTER', 'ee106a'), ('WINDOWID', '71303640'), ('ROS_VERSION', '2'), ('XDG_SESSION_CLASS', 'user'), ('TERMINFO_DIRS', '/usr/share/terminfo:/run/host/usr/share/terminfo'), ('USERNAME', 'ee106a-add'), ('TERM', 'xterm-256color'), ('GTK_OVERLAY_SCROLLING', '0'), ('XDG_SESSION_ID', '11786'), ('ROS_LOCALHOST_ONLY', '0'), ('WINDOWPATH', '2'), ('PATH', '/opt/ros/humble/bin:/share/b/grading/bin:/home/ff/ee106a/bin:/home/ff/ee106a/bin/arch/x86_64:/share/b/grading/bin:/home/ff/ee106a/bin:/home/ff/ee106a/bin/arch/x86_64:/usr/local/sbin:/usr/local/bin:/usr/sbin:/usr/bin:/sbin:/bin:/usr/games:/usr/local/games:/snap/bin:/snap/bin:/share/b/grading/bin:/share/b/grading/sbin:/share/b/runas/x86_64:/share/b/bin:/home/ff/ee106a/venvs/all:/usr/local/sbin:/usr/local/bin:/usr/sbin:/usr/bin:/sbin:/bin:/share/b/grading/bin:/share/b/grading/sbin:/share/b/runas/x86_64:/share/b/bin:/home/ff/ee106a/venvs/all'), ('SESSION_MANAGER', 'local/c105-6:@/tmp/.ICE-unix/1043358,unix/c105-6:/tmp/.ICE-unix/1043358'), ('OS', 'Linux'), ('XDG_RUNTIME_DIR', '/run/user/90081'), ('DISPLAY', ':1'), ('LANG', 'en_US.UTF-8'), ('XDG_CURRENT_DESKTOP', 'MATE'), ('XDG_DATA_HOME', '/home/cc/ee106a/fa25/class/ee106a-add/.local/share'), ('XDG_CONFIG_HOME', '/home/cc/ee106a/fa25/class/ee106a-add/.config'), ('XMODIFIERS', '@im=ibus'), ('XDG_SESSION_DESKTOP', 'mate'), ('XAUTHORITY', '/run/user/90081/gdm/Xauthority'), ('SSH_AUTH_SOCK', '/run/user/90081/keyring/ssh'), ('ROS_DOMAIN_ID', '26'), ('AMENT_PREFIX_PATH', '/home/cc/ee106a/fa25/class/ee106a-add/106A-CATCH/CATCH/install/ros2_aruco_interfaces:/home/cc/ee106a/fa25/class/ee106a-add/106A-CATCH/CATCH/install/ros2_aruco:/home/cc/ee106a/fa25/class/ee106a-add/106A-CATCH/CATCH/install/planning:/home/cc/ee106a/fa25/class/ee106a-add/106A-CATCH/CATCH/install/perception:/home/cc/ee106a/fa25/class/ee106a-add/106A-CATCH/CATCH/install/catch_custom_msgs:/home/ff/ee106a/robot_workspaces/ur/install/ur7e_utils:/opt/ros/humble'), ('SHELL', '/usr/bin/bash'), ('QT_ACCESSIBILITY', '1'), ('EE106_UR_ROBOT_NAME', 'baymax'), ('GDMSESSION', 'mate'), ('RUNAS', '/share/b/runas/x86_64'), ('GPG_AGENT_INFO', '/run/user/90081/gnupg/S.gpg-agent:0:1'), ('CONFIG_SHELL', '/usr/bin/ksh'), ('QT_IM_MODULE', 'ibus'), ('PWD', '/home/cc/ee106a/fa25/class/ee106a-add/106A-CATCH/CATCH/build/ros2_aruco_interfaces'), ('EE106_ENV_SETUP', 'ur_ros2'), ('CONTAINER_ID', 'ros2'), ('LC_ALL', 'C.UTF-8'), ('XDG_CONFIG_DIRS', '/etc/xdg/xdg-mate:/etc/xdg'), ('CLUTTER_IM_MODULE', 'ibus'), ('XDG_DATA_DIRS', '/usr/share/mate:/usr/share/mate:/usr/share/gnome:/home/cc/ee106a/fa25/class/ee106a-add/.local/share/flatpak/exports/share:/var/lib/flatpak/exports/share:/usr/local/share/:/usr/share/:/var/lib/snapd/desktop:/usr/local/share:/usr/share'), ('PYTHONPATH', '/home/cc/ee106a/fa25/class/ee106a-add/106A-CATCH/CATCH/install/ros2_aruco_interfaces/local/lib/python3.10/dist-packages:/home/cc/ee106a/fa25/class/ee106a-add/106A-CATCH/CATCH/install/ros2_aruco/lib/python3.10/site-packages:/home/cc/ee106a/fa25/class/ee106a-add/106A-CATCH/CATCH/install/planning/lib/python3.10/site-packages:/home/cc/ee106a/fa25/class/ee106a-add/106A-CATCH/CATCH/install/perception/lib/python3.10/site-packages:/home/cc/ee106a/fa25/class/ee106a-add/106A-CATCH/CATCH/install/catch_custom_msgs/local/lib/python3.10/dist-packages:/home/ff/ee106a/robot_workspaces/ur/install/ur7e_utils/lib/python3.10/site-packages:/opt/ros/humble/lib/python3.10/site-packages:/opt/ros/humble/local/lib/python3.10/dist-packages'), ('MATE_DESKTOP_SESSION_ID', 'this-is-deprecated'), ('COLCON', '1'), ('MANPATH', '/usr/local/man:/usr/man:/usr/X11/man:/usr/local/man:/share/b/grading/man:/usr/local/man:/usr/man:/usr/X11/man:/usr/local/man:/share/b/grading/man:'), ('VTE_VERSION', '6800'), ('EDITOR', 'emacs'), ('CMAKE_PREFIX_PATH', '/home/cc/ee106a/fa25/class/ee106a-add/106A-CATCH/CATCH/install/ros2_aruco_interfaces:/home/cc/ee106a/fa25/class/ee106a-add/106A-CATCH/CATCH/install/catch_custom_msgs:/home/cc/ee106a/fa25/class/ee106a-add/106A-CATCH/CATCH/install/ros2_aruco:/home/cc/ee106a/fa25/class/ee106a-add/106A-CATCH/CATCH/install/planning:/home/cc/ee106a/fa25/class/ee106a-add/106A-CATCH/CATCH/install/perception:/home/ff/ee106a/robot_workspaces/ur/install/ur7e_utils:/opt/ros/humble'), ('QT_FONT_DPI', '122')]), 'shell': False}
[1.042003] (catch_custom_msgs) CommandEnded: {'returncode': 0}
[1.044162] (catch_custom_msgs) JobProgress: {'identifier': 'catch_custom_msgs', 'progress': 'install'}
[1.058181] (catch_custom_msgs) Command: {'cmd': ['/usr/bin/cmake', '--install', '/home/cc/ee106a/fa25/class/ee106a-add/106A-CATCH/CATCH/build/catch_custom_msgs'], 'cwd': '/home/cc/ee106a/fa25/class/ee106a-add/106A-CATCH/CATCH/build/catch_custom_msgs', 'env': OrderedDict([('ARCH', 'x86_64'), ('QT_SCALE_FACTOR', '1'), ('USER', 'ee106a-add'), ('HOSTNAME', 'ros2'), ('XDG_SESSION_TYPE', 'x11'), ('MASTERDIR', '/home/ff/ee106a'), ('COMPIZ_CONFIG_PROFILE', 'mate'), ('XDG_CACHE_HOME', '/home/cc/ee106a/fa25/class/ee106a-add/.cache'), ('SHLVL', '2'), ('LD_LIBRARY_PATH', '/home/cc/ee106a/fa25/class/ee106a-add/106A-CATCH/CATCH/install/ros2_aruco_interfaces/lib:/home/cc/ee106a/fa25/class/ee106a-add/106A-CATCH/CATCH/install/catch_custom_msgs/lib:/home/ff/ee106a/librealsense/build/Release:/usr/lib/x86_64-linux-gnu/gazebo-11/plugins:/opt/ros/humble/opt/rviz_ogre_vendor/lib:/opt/ros/humble/lib/x86_64-linux-gnu:/opt/ros/humble/lib'), ('HOME', '/home/cc/ee106a/fa25/class/ee106a-add'), ('OLDPWD', '/home/cc/ee106a/fa25/class/ee106a-add'), ('DESKTOP_SESSION', 'mate'), ('ROS_PYTHON_VERSION', '3'), ('GTK_MODULES', 'gail:atk-bridge:appmenu-gtk-module:gail:atk-bridge:canberra-gtk-module'), ('EE106_UR_ROBOT_IP', '192.168.1.100'), ('DISTROBOX_ENTER_PATH', '/usr/local/bin/distrobox-enter'), ('SYSTEMD_EXEC_PID', '1043288'), ('NNTPSERVER', 'news.csua.berkeley.edu'), ('VISUAL', 'emacs'), ('XDG_STATE_HOME', '/home/cc/ee106a/fa25/class/ee106a-add/.local/state'), ('DBUS_SESSION_BUS_ADDRESS', 'unix:path=/run/user/90081/bus'), ('COLORTERM', 'truecolor'), ('container', 'podman'), ('UBUNTU_MENUPROXY', '1'), ('QT_QPA_PLATFORMTHEME', 'gtk2'), ('COLCON_PREFIX_PATH', '/home/cc/ee106a/fa25/class/ee106a-add/106A-CATCH/CATCH/install:/home/ff/ee106a/robot_workspaces/ur/install'), ('ROS_DISTRO', 'humble'), ('GTK_IM_MODULE', 'ibus'), ('LOGNAME', 'ee106a-add'), ('MASTER', 'ee106a'), ('WINDOWID', '71303640'), ('ROS_VERSION', '2'), ('XDG_SESSION_CLASS', 'user'), ('TERMINFO_DIRS', '/usr/share/terminfo:/run/host/usr/share/terminfo'), ('USERNAME', 'ee106a-add'), ('TERM', 'xterm-256color'), ('GTK_OVERLAY_SCROLLING', '0'), ('XDG_SESSION_ID', '11786'), ('ROS_LOCALHOST_ONLY', '0'), ('WINDOWPATH', '2'), ('PATH', '/opt/ros/humble/bin:/share/b/grading/bin:/home/ff/ee106a/bin:/home/ff/ee106a/bin/arch/x86_64:/share/b/grading/bin:/home/ff/ee106a/bin:/home/ff/ee106a/bin/arch/x86_64:/usr/local/sbin:/usr/local/bin:/usr/sbin:/usr/bin:/sbin:/bin:/usr/games:/usr/local/games:/snap/bin:/snap/bin:/share/b/grading/bin:/share/b/grading/sbin:/share/b/runas/x86_64:/share/b/bin:/home/ff/ee106a/venvs/all:/usr/local/sbin:/usr/local/bin:/usr/sbin:/usr/bin:/sbin:/bin:/share/b/grading/bin:/share/b/grading/sbin:/share/b/runas/x86_64:/share/b/bin:/home/ff/ee106a/venvs/all'), ('SESSION_MANAGER', 'local/c105-6:@/tmp/.ICE-unix/1043358,unix/c105-6:/tmp/.ICE-unix/1043358'), ('OS', 'Linux'), ('XDG_RUNTIME_DIR', '/run/user/90081'), ('DISPLAY', ':1'), ('LANG', 'en_US.UTF-8'), ('XDG_CURRENT_DESKTOP', 'MATE'), ('XDG_DATA_HOME', '/home/cc/ee106a/fa25/class/ee106a-add/.local/share'), ('XDG_CONFIG_HOME', '/home/cc/ee106a/fa25/class/ee106a-add/.config'), ('XMODIFIERS', '@im=ibus'), ('XDG_SESSION_DESKTOP', 'mate'), ('XAUTHORITY', '/run/user/90081/gdm/Xauthority'), ('SSH_AUTH_SOCK', '/run/user/90081/keyring/ssh'), ('ROS_DOMAIN_ID', '26'), ('AMENT_PREFIX_PATH', '/home/cc/ee106a/fa25/class/ee106a-add/106A-CATCH/CATCH/install/ros2_aruco_interfaces:/home/cc/ee106a/fa25/class/ee106a-add/106A-CATCH/CATCH/install/ros2_aruco:/home/cc/ee106a/fa25/class/ee106a-add/106A-CATCH/CATCH/install/planning:/home/cc/ee106a/fa25/class/ee106a-add/106A-CATCH/CATCH/install/perception:/home/cc/ee106a/fa25/class/ee106a-add/106A-CATCH/CATCH/install/catch_custom_msgs:/home/ff/ee106a/robot_workspaces/ur/install/ur7e_utils:/opt/ros/humble'), ('SHELL', '/usr/bin/bash'), ('QT_ACCESSIBILITY', '1'), ('EE106_UR_ROBOT_NAME', 'baymax'), ('GDMSESSION', 'mate'), ('RUNAS', '/share/b/runas/x86_64'), ('GPG_AGENT_INFO', '/run/user/90081/gnupg/S.gpg-agent:0:1'), ('CONFIG_SHELL', '/usr/bin/ksh'), ('QT_IM_MODULE', 'ibus'), ('PWD', '/home/cc/ee106a/fa25/class/ee106a-add/106A-CATCH/CATCH/build/catch_custom_msgs'), ('EE106_ENV_SETUP', 'ur_ros2'), ('CONTAINER_ID', 'ros2'), ('LC_ALL', 'C.UTF-8'), ('XDG_CONFIG_DIRS', '/etc/xdg/xdg-mate:/etc/xdg'), ('CLUTTER_IM_MODULE', 'ibus'), ('XDG_DATA_DIRS', '/usr/share/mate:/usr/share/mate:/usr/share/gnome:/home/cc/ee106a/fa25/class/ee106a-add/.local/share/flatpak/exports/share:/var/lib/flatpak/exports/share:/usr/local/share/:/usr/share/:/var/lib/snapd/desktop:/usr/local/share:/usr/share'), ('PYTHONPATH', '/home/cc/ee106a/fa25/class/ee106a-add/106A-CATCH/CATCH/install/ros2_aruco_interfaces/local/lib/python3.10/dist-packages:/home/cc/ee106a/fa25/class/ee106a-add/106A-CATCH/CATCH/install/ros2_aruco/lib/python3.10/site-packages:/home/cc/ee106a/fa25/class/ee106a-add/106A-CATCH/CATCH/install/planning/lib/python3.10/site-packages:/home/cc/ee106a/fa25/class/ee106a-add/106A-CATCH/CATCH/install/perception/lib/python3.10/site-packages:/home/cc/ee106a/fa25/class/ee106a-add/106A-CATCH/CATCH/install/catch_custom_msgs/local/lib/python3.10/dist-packages:/home/ff/ee106a/robot_workspaces/ur/install/ur7e_utils/lib/python3.10/site-packages:/opt/ros/humble/lib/python3.10/site-packages:/opt/ros/humble/local/lib/python3.10/dist-packages'), ('MATE_DESKTOP_SESSION_ID', 'this-is-deprecated'), ('COLCON', '1'), ('MANPATH', '/usr/local/man:/usr/man:/usr/X11/man:/usr/local/man:/share/b/grading/man:/usr/local/man:/usr/man:/usr/X11/man:/usr/local/man:/share/b/grading/man:'), ('VTE_VERSION', '6800'), ('EDITOR', 'emacs'), ('CMAKE_PREFIX_PATH', '/home/cc/ee106a/fa25/class/ee106a-add/106A-CATCH/CATCH/install/ros2_aruco_interfaces:/home/cc/ee106a/fa25/class/ee106a-add/106A-CATCH/CATCH/install/catch_custom_msgs:/home/cc/ee106a/fa25/class/ee106a-add/106A-CATCH/CATCH/install/ros2_aruco:/home/cc/ee106a/fa25/class/ee106a-add/106A-CATCH/CATCH/install/planning:/home/cc/ee106a/fa25/class/ee106a-add/106A-CATCH/CATCH/install/perception:/home/ff/ee106a/robot_workspaces/ur/install/ur7e_utils:/opt/ros/humble'), ('QT_FONT_DPI', '122')]), 'shell': False}
[1.068794] (catch_custom_msgs) StdoutLine: {'line': b'-- Install configuration: ""\n'}
[1.068920] (catch_custom_msgs) StdoutLine: {'line': b'-- Up-to-date: /home/cc/ee106a/fa25/class/ee106a-add/106A-CATCH/CATCH/install/catch_custom_msgs/share/ament_index/resource_index/rosidl_interfaces/catch_custom_msgs\n'}
[1.069357] (catch_custom_msgs) StdoutLine: {'line': b'-- Up-to-date: /home/cc/ee106a/fa25/class/ee106a-add/106A-CATCH/CATCH/install/catch_custom_msgs/include/catch_custom_msgs/catch_custom_msgs\n'}
[1.070788] (catch_custom_msgs) StdoutLine: {'line': b'-- Up-to-date: /home/cc/ee106a/fa25/class/ee106a-add/106A-CATCH/CATCH/install/catch_custom_msgs/include/catch_custom_msgs/catch_custom_msgs/msg\n'}
[1.072510] (catch_custom_msgs) StdoutLine: {'line': b'-- Up-to-date: /home/cc/ee106a/fa25/class/ee106a-add/106A-CATCH/CATCH/install/catch_custom_msgs/include/catch_custom_msgs/catch_custom_msgs/msg/point_vel.h\n'}
[1.073359] (catch_custom_msgs) StdoutLine: {'line': b'-- Up-to-date: /home/cc/ee106a/fa25/class/ee106a-add/106A-CATCH/CATCH/install/catch_custom_msgs/include/catch_custom_msgs/catch_custom_msgs/msg/rosidl_generator_c__visibility_control.h\n'}
[1.074167] (catch_custom_msgs) StdoutLine: {'line': b'-- Up-to-date: /home/cc/ee106a/fa25/class/ee106a-add/106A-CATCH/CATCH/install/catch_custom_msgs/include/catch_custom_msgs/catch_custom_msgs/msg/detail\n'}
[1.075902] (catch_custom_msgs) StdoutLine: {'line': b'-- Up-to-date: /home/cc/ee106a/fa25/class/ee106a-add/106A-CATCH/CATCH/install/catch_custom_msgs/include/catch_custom_msgs/catch_custom_msgs/msg/detail/point_vel__functions.c\n'}
[1.076722] (catch_custom_msgs) StdoutLine: {'line': b'-- Up-to-date: /home/cc/ee106a/fa25/class/ee106a-add/106A-CATCH/CATCH/install/catch_custom_msgs/include/catch_custom_msgs/catch_custom_msgs/msg/detail/point_vel__functions.h\n'}
[1.077545] (catch_custom_msgs) StdoutLine: {'line': b'-- Up-to-date: /home/cc/ee106a/fa25/class/ee106a-add/106A-CATCH/CATCH/install/catch_custom_msgs/include/catch_custom_msgs/catch_custom_msgs/msg/detail/point_vel__struct.h\n'}
[1.078366] (catch_custom_msgs) StdoutLine: {'line': b'-- Up-to-date: /home/cc/ee106a/fa25/class/ee106a-add/106A-CATCH/CATCH/install/catch_custom_msgs/include/catch_custom_msgs/catch_custom_msgs/msg/detail/point_vel__type_support.h\n'}
[1.078722] (catch_custom_msgs) StdoutLine: {'line': b'-- Up-to-date: /home/cc/ee106a/fa25/class/ee106a-add/106A-CATCH/CATCH/install/catch_custom_msgs/share/catch_custom_msgs/environment/library_path.sh\n'}
[1.079180] (catch_custom_msgs) StdoutLine: {'line': b'-- Up-to-date: /home/cc/ee106a/fa25/class/ee106a-add/106A-CATCH/CATCH/install/catch_custom_msgs/share/catch_custom_msgs/environment/library_path.dsv\n'}
[1.080936] (catch_custom_msgs) StdoutLine: {'line': b'-- Up-to-date: /home/cc/ee106a/fa25/class/ee106a-add/106A-CATCH/CATCH/install/catch_custom_msgs/lib/libcatch_custom_msgs__rosidl_generator_c.so\n'}
[1.084565] (catch_custom_msgs) StdoutLine: {'line': b'-- Up-to-date: /home/cc/ee106a/fa25/class/ee106a-add/106A-CATCH/CATCH/install/catch_custom_msgs/include/catch_custom_msgs/catch_custom_msgs\n'}
[1.085989] (catch_custom_msgs) StdoutLine: {'line': b'-- Up-to-date: /home/cc/ee106a/fa25/class/ee106a-add/106A-CATCH/CATCH/install/catch_custom_msgs/include/catch_custom_msgs/catch_custom_msgs/msg\n'}
[1.087302] (catch_custom_msgs) StdoutLine: {'line': b'-- Up-to-date: /home/cc/ee106a/fa25/class/ee106a-add/106A-CATCH/CATCH/install/catch_custom_msgs/include/catch_custom_msgs/catch_custom_msgs/msg/detail\n'}
[1.088550] (catch_custom_msgs) StdoutLine: {'line': b'-- Up-to-date: /home/cc/ee106a/fa25/class/ee106a-add/106A-CATCH/CATCH/install/catch_custom_msgs/include/catch_custom_msgs/catch_custom_msgs/msg/detail/point_vel__rosidl_typesupport_fastrtps_c.h\n'}
[1.089464] (catch_custom_msgs) StdoutLine: {'line': b'-- Up-to-date: /home/cc/ee106a/fa25/class/ee106a-add/106A-CATCH/CATCH/install/catch_custom_msgs/include/catch_custom_msgs/catch_custom_msgs/msg/rosidl_typesupport_fastrtps_c__visibility_control.h\n'}
[1.091521] (catch_custom_msgs) StdoutLine: {'line': b'-- Up-to-date: /home/cc/ee106a/fa25/class/ee106a-add/106A-CATCH/CATCH/install/catch_custom_msgs/lib/libcatch_custom_msgs__rosidl_typesupport_fastrtps_c.so\n'}
[1.094287] (catch_custom_msgs) StdoutLine: {'line': b'-- Up-to-date: /home/cc/ee106a/fa25/class/ee106a-add/106A-CATCH/CATCH/install/catch_custom_msgs/include/catch_custom_msgs/catch_custom_msgs\n'}
[1.095628] (catch_custom_msgs) StdoutLine: {'line': b'-- Up-to-date: /home/cc/ee106a/fa25/class/ee106a-add/106A-CATCH/CATCH/install/catch_custom_msgs/include/catch_custom_msgs/catch_custom_msgs/msg\n'}
[1.096956] (catch_custom_msgs) StdoutLine: {'line': b'-- Up-to-date: /home/cc/ee106a/fa25/class/ee106a-add/106A-CATCH/CATCH/install/catch_custom_msgs/include/catch_custom_msgs/catch_custom_msgs/msg/detail\n'}
[1.098316] (catch_custom_msgs) StdoutLine: {'line': b'-- Up-to-date: /home/cc/ee106a/fa25/class/ee106a-add/106A-CATCH/CATCH/install/catch_custom_msgs/include/catch_custom_msgs/catch_custom_msgs/msg/detail/point_vel__rosidl_typesupport_introspection_c.h\n'}
[1.099128] (catch_custom_msgs) StdoutLine: {'line': b'-- Up-to-date: /home/cc/ee106a/fa25/class/ee106a-add/106A-CATCH/CATCH/install/catch_custom_msgs/include/catch_custom_msgs/catch_custom_msgs/msg/detail/point_vel__type_support.c\n'}
[1.099893] (catch_custom_msgs) StdoutLine: {'line': b'-- Up-to-date: /home/cc/ee106a/fa25/class/ee106a-add/106A-CATCH/CATCH/install/catch_custom_msgs/include/catch_custom_msgs/catch_custom_msgs/msg/rosidl_typesupport_introspection_c__visibility_control.h\n'}
[1.101206] (-) TimerEvent: {}
[1.101778] (catch_custom_msgs) StdoutLine: {'line': b'-- Up-to-date: /home/cc/ee106a/fa25/class/ee106a-add/106A-CATCH/CATCH/install/catch_custom_msgs/lib/libcatch_custom_msgs__rosidl_typesupport_introspection_c.so\n'}
[1.106980] (catch_custom_msgs) StdoutLine: {'line': b'-- Up-to-date: /home/cc/ee106a/fa25/class/ee106a-add/106A-CATCH/CATCH/install/catch_custom_msgs/lib/libcatch_custom_msgs__rosidl_typesupport_c.so\n'}
[1.109589] (catch_custom_msgs) StdoutLine: {'line': b'-- Up-to-date: /home/cc/ee106a/fa25/class/ee106a-add/106A-CATCH/CATCH/install/catch_custom_msgs/include/catch_custom_msgs/catch_custom_msgs\n'}
[1.111114] (catch_custom_msgs) StdoutLine: {'line': b'-- Up-to-date: /home/cc/ee106a/fa25/class/ee106a-add/106A-CATCH/CATCH/install/catch_custom_msgs/include/catch_custom_msgs/catch_custom_msgs/msg\n'}
[1.112379] (catch_custom_msgs) StdoutLine: {'line': b'-- Up-to-date: /home/cc/ee106a/fa25/class/ee106a-add/106A-CATCH/CATCH/install/catch_custom_msgs/include/catch_custom_msgs/catch_custom_msgs/msg/point_vel.hpp\n'}
[1.113174] (catch_custom_msgs) StdoutLine: {'line': b'-- Up-to-date: /home/cc/ee106a/fa25/class/ee106a-add/106A-CATCH/CATCH/install/catch_custom_msgs/include/catch_custom_msgs/catch_custom_msgs/msg/rosidl_generator_cpp__visibility_control.hpp\n'}
[1.114127] (catch_custom_msgs) StdoutLine: {'line': b'-- Up-to-date: /home/cc/ee106a/fa25/class/ee106a-add/106A-CATCH/CATCH/install/catch_custom_msgs/include/catch_custom_msgs/catch_custom_msgs/msg/detail\n'}
[1.115261] (catch_custom_msgs) StdoutLine: {'line': b'-- Up-to-date: /home/cc/ee106a/fa25/class/ee106a-add/106A-CATCH/CATCH/install/catch_custom_msgs/include/catch_custom_msgs/catch_custom_msgs/msg/detail/point_vel__builder.hpp\n'}
[1.115797] (catch_custom_msgs) StdoutLine: {'line': b'-- Up-to-date: /home/cc/ee106a/fa25/class/ee106a-add/106A-CATCH/CATCH/install/catch_custom_msgs/include/catch_custom_msgs/catch_custom_msgs/msg/detail/point_vel__struct.hpp\n'}
[1.116640] (catch_custom_msgs) StdoutLine: {'line': b'-- Up-to-date: /home/cc/ee106a/fa25/class/ee106a-add/106A-CATCH/CATCH/install/catch_custom_msgs/include/catch_custom_msgs/catch_custom_msgs/msg/detail/point_vel__traits.hpp\n'}
[1.117223] (catch_custom_msgs) StdoutLine: {'line': b'-- Up-to-date: /home/cc/ee106a/fa25/class/ee106a-add/106A-CATCH/CATCH/install/catch_custom_msgs/include/catch_custom_msgs/catch_custom_msgs/msg/detail/point_vel__type_support.hpp\n'}
[1.117680] (catch_custom_msgs) StdoutLine: {'line': b'-- Up-to-date: /home/cc/ee106a/fa25/class/ee106a-add/106A-CATCH/CATCH/install/catch_custom_msgs/include/catch_custom_msgs/catch_custom_msgs\n'}
[1.118927] (catch_custom_msgs) StdoutLine: {'line': b'-- Up-to-date: /home/cc/ee106a/fa25/class/ee106a-add/106A-CATCH/CATCH/install/catch_custom_msgs/include/catch_custom_msgs/catch_custom_msgs/msg\n'}
[1.120345] (catch_custom_msgs) StdoutLine: {'line': b'-- Up-to-date: /home/cc/ee106a/fa25/class/ee106a-add/106A-CATCH/CATCH/install/catch_custom_msgs/include/catch_custom_msgs/catch_custom_msgs/msg/detail\n'}
[1.121606] (catch_custom_msgs) StdoutLine: {'line': b'-- Up-to-date: /home/cc/ee106a/fa25/class/ee106a-add/106A-CATCH/CATCH/install/catch_custom_msgs/include/catch_custom_msgs/catch_custom_msgs/msg/detail/point_vel__rosidl_typesupport_fastrtps_cpp.hpp\n'}
[1.122302] (catch_custom_msgs) StdoutLine: {'line': b'-- Up-to-date: /home/cc/ee106a/fa25/class/ee106a-add/106A-CATCH/CATCH/install/catch_custom_msgs/include/catch_custom_msgs/catch_custom_msgs/msg/detail/dds_fastrtps\n'}
[1.123367] (catch_custom_msgs) StdoutLine: {'line': b'-- Up-to-date: /home/cc/ee106a/fa25/class/ee106a-add/106A-CATCH/CATCH/install/catch_custom_msgs/include/catch_custom_msgs/catch_custom_msgs/msg/rosidl_typesupport_fastrtps_cpp__visibility_control.h\n'}
[1.124553] (catch_custom_msgs) StdoutLine: {'line': b'-- Up-to-date: /home/cc/ee106a/fa25/class/ee106a-add/106A-CATCH/CATCH/install/catch_custom_msgs/lib/libcatch_custom_msgs__rosidl_typesupport_fastrtps_cpp.so\n'}
[1.128234] (catch_custom_msgs) StdoutLine: {'line': b'-- Up-to-date: /home/cc/ee106a/fa25/class/ee106a-add/106A-CATCH/CATCH/install/catch_custom_msgs/include/catch_custom_msgs/catch_custom_msgs\n'}
[1.129450] (catch_custom_msgs) StdoutLine: {'line': b'-- Up-to-date: /home/cc/ee106a/fa25/class/ee106a-add/106A-CATCH/CATCH/install/catch_custom_msgs/include/catch_custom_msgs/catch_custom_msgs/msg\n'}
[1.130501] (catch_custom_msgs) StdoutLine: {'line': b'-- Up-to-date: /home/cc/ee106a/fa25/class/ee106a-add/106A-CATCH/CATCH/install/catch_custom_msgs/include/catch_custom_msgs/catch_custom_msgs/msg/detail\n'}
[1.131755] (catch_custom_msgs) StdoutLine: {'line': b'-- Up-to-date: /home/cc/ee106a/fa25/class/ee106a-add/106A-CATCH/CATCH/install/catch_custom_msgs/include/catch_custom_msgs/catch_custom_msgs/msg/detail/point_vel__rosidl_typesupport_introspection_cpp.hpp\n'}
[1.132218] (ros2_aruco_interfaces) StdoutLine: {'line': b'[  5%] Built target ros2_aruco_interfaces__cpp\n'}
[1.132498] (catch_custom_msgs) StdoutLine: {'line': b'-- Up-to-date: /home/cc/ee106a/fa25/class/ee106a-add/106A-CATCH/CATCH/install/catch_custom_msgs/include/catch_custom_msgs/catch_custom_msgs/msg/detail/point_vel__type_support.cpp\n'}
[1.134750] (catch_custom_msgs) StdoutLine: {'line': b'-- Up-to-date: /home/cc/ee106a/fa25/class/ee106a-add/106A-CATCH/CATCH/install/catch_custom_msgs/lib/libcatch_custom_msgs__rosidl_typesupport_introspection_cpp.so\n'}
[1.141055] (ros2_aruco_interfaces) StdoutLine: {'line': b'[ 12%] Built target ros2_aruco_interfaces__rosidl_generator_c\n'}
[1.143598] (catch_custom_msgs) StdoutLine: {'line': b'-- Up-to-date: /home/cc/ee106a/fa25/class/ee106a-add/106A-CATCH/CATCH/install/catch_custom_msgs/lib/libcatch_custom_msgs__rosidl_typesupport_cpp.so\n'}
[1.150597] (catch_custom_msgs) StdoutLine: {'line': b'-- Up-to-date: /home/cc/ee106a/fa25/class/ee106a-add/106A-CATCH/CATCH/install/catch_custom_msgs/share/catch_custom_msgs/environment/pythonpath.sh\n'}
[1.151025] (catch_custom_msgs) StdoutLine: {'line': b'-- Up-to-date: /home/cc/ee106a/fa25/class/ee106a-add/106A-CATCH/CATCH/install/catch_custom_msgs/share/catch_custom_msgs/environment/pythonpath.dsv\n'}
[1.151700] (catch_custom_msgs) StdoutLine: {'line': b'-- Up-to-date: /home/cc/ee106a/fa25/class/ee106a-add/106A-CATCH/CATCH/install/catch_custom_msgs/local/lib/python3.10/dist-packages/catch_custom_msgs-0.0.0-py3.10.egg-info\n'}
[1.153021] (catch_custom_msgs) StdoutLine: {'line': b'-- Installing: /home/cc/ee106a/fa25/class/ee106a-add/106A-CATCH/CATCH/install/catch_custom_msgs/local/lib/python3.10/dist-packages/catch_custom_msgs-0.0.0-py3.10.egg-info/PKG-INFO\n'}
[1.174226] (catch_custom_msgs) StdoutLine: {'line': b'-- Installing: /home/cc/ee106a/fa25/class/ee106a-add/106A-CATCH/CATCH/install/catch_custom_msgs/local/lib/python3.10/dist-packages/catch_custom_msgs-0.0.0-py3.10.egg-info/dependency_links.txt\n'}
[1.188051] (catch_custom_msgs) StdoutLine: {'line': b'-- Installing: /home/cc/ee106a/fa25/class/ee106a-add/106A-CATCH/CATCH/install/catch_custom_msgs/local/lib/python3.10/dist-packages/catch_custom_msgs-0.0.0-py3.10.egg-info/top_level.txt\n'}
[1.201285] (-) TimerEvent: {}
[1.207999] (catch_custom_msgs) StdoutLine: {'line': b'-- Installing: /home/cc/ee106a/fa25/class/ee106a-add/106A-CATCH/CATCH/install/catch_custom_msgs/local/lib/python3.10/dist-packages/catch_custom_msgs-0.0.0-py3.10.egg-info/SOURCES.txt\n'}
[1.220386] (catch_custom_msgs) StdoutLine: {'line': b'-- Up-to-date: /home/cc/ee106a/fa25/class/ee106a-add/106A-CATCH/CATCH/install/catch_custom_msgs/local/lib/python3.10/dist-packages/catch_custom_msgs\n'}
[1.222014] (catch_custom_msgs) StdoutLine: {'line': b'-- Up-to-date: /home/cc/ee106a/fa25/class/ee106a-add/106A-CATCH/CATCH/install/catch_custom_msgs/local/lib/python3.10/dist-packages/catch_custom_msgs/__init__.py\n'}
[1.222661] (catch_custom_msgs) StdoutLine: {'line': b'-- Up-to-date: /home/cc/ee106a/fa25/class/ee106a-add/106A-CATCH/CATCH/install/catch_custom_msgs/local/lib/python3.10/dist-packages/catch_custom_msgs/msg\n'}
[1.223824] (catch_custom_msgs) StdoutLine: {'line': b'-- Up-to-date: /home/cc/ee106a/fa25/class/ee106a-add/106A-CATCH/CATCH/install/catch_custom_msgs/local/lib/python3.10/dist-packages/catch_custom_msgs/msg/_point_vel.py\n'}
[1.224698] (catch_custom_msgs) StdoutLine: {'line': b'-- Up-to-date: /home/cc/ee106a/fa25/class/ee106a-add/106A-CATCH/CATCH/install/catch_custom_msgs/local/lib/python3.10/dist-packages/catch_custom_msgs/msg/_point_vel_s.c\n'}
[1.225394] (catch_custom_msgs) StdoutLine: {'line': b'-- Up-to-date: /home/cc/ee106a/fa25/class/ee106a-add/106A-CATCH/CATCH/install/catch_custom_msgs/local/lib/python3.10/dist-packages/catch_custom_msgs/msg/__init__.py\n'}
[1.226084] (catch_custom_msgs) StdoutLine: {'line': b'-- Up-to-date: /home/cc/ee106a/fa25/class/ee106a-add/106A-CATCH/CATCH/install/catch_custom_msgs/local/lib/python3.10/dist-packages/catch_custom_msgs/_catch_custom_msgs_s.ep.rosidl_typesupport_fastrtps_c.c\n'}
[1.227054] (catch_custom_msgs) StdoutLine: {'line': b'-- Up-to-date: /home/cc/ee106a/fa25/class/ee106a-add/106A-CATCH/CATCH/install/catch_custom_msgs/local/lib/python3.10/dist-packages/catch_custom_msgs/_catch_custom_msgs_s.ep.rosidl_typesupport_introspection_c.c\n'}
[1.227743] (catch_custom_msgs) StdoutLine: {'line': b'-- Up-to-date: /home/cc/ee106a/fa25/class/ee106a-add/106A-CATCH/CATCH/install/catch_custom_msgs/local/lib/python3.10/dist-packages/catch_custom_msgs/_catch_custom_msgs_s.ep.rosidl_typesupport_c.c\n'}
[1.228375] (catch_custom_msgs) StdoutLine: {'line': b'-- Up-to-date: /home/cc/ee106a/fa25/class/ee106a-add/106A-CATCH/CATCH/install/catch_custom_msgs/local/lib/python3.10/dist-packages/catch_custom_msgs/libcatch_custom_msgs__rosidl_generator_py.so\n'}
[1.229040] (catch_custom_msgs) StdoutLine: {'line': b'-- Up-to-date: /home/cc/ee106a/fa25/class/ee106a-add/106A-CATCH/CATCH/install/catch_custom_msgs/local/lib/python3.10/dist-packages/catch_custom_msgs/catch_custom_msgs_s__rosidl_typesupport_c.cpython-310-x86_64-linux-gnu.so\n'}
[1.229882] (catch_custom_msgs) StdoutLine: {'line': b'-- Up-to-date: /home/cc/ee106a/fa25/class/ee106a-add/106A-CATCH/CATCH/install/catch_custom_msgs/local/lib/python3.10/dist-packages/catch_custom_msgs/catch_custom_msgs_s__rosidl_typesupport_introspection_c.cpython-310-x86_64-linux-gnu.so\n'}
[1.230630] (catch_custom_msgs) StdoutLine: {'line': b'-- Up-to-date: /home/cc/ee106a/fa25/class/ee106a-add/106A-CATCH/CATCH/install/catch_custom_msgs/local/lib/python3.10/dist-packages/catch_custom_msgs/catch_custom_msgs_s__rosidl_typesupport_fastrtps_c.cpython-310-x86_64-linux-gnu.so\n'}
[1.252224] (ros2_aruco_interfaces) StdoutLine: {'line': b'[ 53%] Built target ros2_aruco_interfaces__rosidl_typesupport_fastrtps_cpp\n'}
[1.252995] (ros2_aruco_interfaces) StdoutLine: {'line': b'[ 61%] Built target ros2_aruco_interfaces__rosidl_typesupport_cpp\n'}
[1.255779] (ros2_aruco_interfaces) StdoutLine: {'line': b'[ 61%] Built target ros2_aruco_interfaces__rosidl_typesupport_introspection_cpp\n'}
[1.261014] (ros2_aruco_interfaces) StdoutLine: {'line': b'[ 74%] Built target ros2_aruco_interfaces__rosidl_typesupport_introspection_c\n'}
[1.261110] (ros2_aruco_interfaces) StdoutLine: {'line': b'[ 74%] Built target ros2_aruco_interfaces__rosidl_typesupport_c\n'}
[1.262991] (ros2_aruco_interfaces) StdoutLine: {'line': b'[ 74%] Built target ros2_aruco_interfaces__rosidl_typesupport_fastrtps_c\n'}
[1.274346] (catch_custom_msgs) StdoutLine: {'line': b"Listing '/home/cc/ee106a/fa25/class/ee106a-add/106A-CATCH/CATCH/install/catch_custom_msgs/local/lib/python3.10/dist-packages/catch_custom_msgs'...\n"}
[1.274463] (catch_custom_msgs) StdoutLine: {'line': b"Listing '/home/cc/ee106a/fa25/class/ee106a-add/106A-CATCH/CATCH/install/catch_custom_msgs/local/lib/python3.10/dist-packages/catch_custom_msgs/msg'...\n"}
[1.280220] (catch_custom_msgs) StdoutLine: {'line': b'-- Up-to-date: /home/cc/ee106a/fa25/class/ee106a-add/106A-CATCH/CATCH/install/catch_custom_msgs/local/lib/python3.10/dist-packages/catch_custom_msgs/catch_custom_msgs_s__rosidl_typesupport_fastrtps_c.cpython-310-x86_64-linux-gnu.so\n'}
[1.285650] (catch_custom_msgs) StdoutLine: {'line': b'-- Up-to-date: /home/cc/ee106a/fa25/class/ee106a-add/106A-CATCH/CATCH/install/catch_custom_msgs/local/lib/python3.10/dist-packages/catch_custom_msgs/catch_custom_msgs_s__rosidl_typesupport_introspection_c.cpython-310-x86_64-linux-gnu.so\n'}
[1.291909] (catch_custom_msgs) StdoutLine: {'line': b'-- Up-to-date: /home/cc/ee106a/fa25/class/ee106a-add/106A-CATCH/CATCH/install/catch_custom_msgs/local/lib/python3.10/dist-packages/catch_custom_msgs/catch_custom_msgs_s__rosidl_typesupport_c.cpython-310-x86_64-linux-gnu.so\n'}
[1.295577] (catch_custom_msgs) StdoutLine: {'line': b'-- Up-to-date: /home/cc/ee106a/fa25/class/ee106a-add/106A-CATCH/CATCH/install/catch_custom_msgs/lib/libcatch_custom_msgs__rosidl_generator_py.so\n'}
[1.298464] (catch_custom_msgs) StdoutLine: {'line': b'-- Up-to-date: /home/cc/ee106a/fa25/class/ee106a-add/106A-CATCH/CATCH/install/catch_custom_msgs/share/catch_custom_msgs/msg/PointVel.idl\n'}
[1.298855] (catch_custom_msgs) StdoutLine: {'line': b'-- Up-to-date: /home/cc/ee106a/fa25/class/ee106a-add/106A-CATCH/CATCH/install/catch_custom_msgs/share/catch_custom_msgs/msg/PointVel.msg\n'}
[1.300079] (catch_custom_msgs) StdoutLine: {'line': b'-- Up-to-date: /home/cc/ee106a/fa25/class/ee106a-add/106A-CATCH/CATCH/install/catch_custom_msgs/share/ament_index/resource_index/package_run_dependencies/catch_custom_msgs\n'}
[1.300154] (catch_custom_msgs) StdoutLine: {'line': b'-- Up-to-date: /home/cc/ee106a/fa25/class/ee106a-add/106A-CATCH/CATCH/install/catch_custom_msgs/share/ament_index/resource_index/parent_prefix_path/catch_custom_msgs\n'}
[1.300591] (catch_custom_msgs) StdoutLine: {'line': b'-- Up-to-date: /home/cc/ee106a/fa25/class/ee106a-add/106A-CATCH/CATCH/install/catch_custom_msgs/share/catch_custom_msgs/environment/ament_prefix_path.sh\n'}
[1.301045] (catch_custom_msgs) StdoutLine: {'line': b'-- Up-to-date: /home/cc/ee106a/fa25/class/ee106a-add/106A-CATCH/CATCH/install/catch_custom_msgs/share/catch_custom_msgs/environment/ament_prefix_path.dsv\n'}
[1.301114] (catch_custom_msgs) StdoutLine: {'line': b'-- Up-to-date: /home/cc/ee106a/fa25/class/ee106a-add/106A-CATCH/CATCH/install/catch_custom_msgs/share/catch_custom_msgs/environment/path.sh\n'}
[1.301624] (-) TimerEvent: {}
[1.301731] (catch_custom_msgs) StdoutLine: {'line': b'-- Up-to-date: /home/cc/ee106a/fa25/class/ee106a-add/106A-CATCH/CATCH/install/catch_custom_msgs/share/catch_custom_msgs/environment/path.dsv\n'}
[1.302097] (catch_custom_msgs) StdoutLine: {'line': b'-- Up-to-date: /home/cc/ee106a/fa25/class/ee106a-add/106A-CATCH/CATCH/install/catch_custom_msgs/share/catch_custom_msgs/local_setup.bash\n'}
[1.303091] (catch_custom_msgs) StdoutLine: {'line': b'-- Up-to-date: /home/cc/ee106a/fa25/class/ee106a-add/106A-CATCH/CATCH/install/catch_custom_msgs/share/catch_custom_msgs/local_setup.sh\n'}
[1.303533] (catch_custom_msgs) StdoutLine: {'line': b'-- Up-to-date: /home/cc/ee106a/fa25/class/ee106a-add/106A-CATCH/CATCH/install/catch_custom_msgs/share/catch_custom_msgs/local_setup.zsh\n'}
[1.304002] (catch_custom_msgs) StdoutLine: {'line': b'-- Up-to-date: /home/cc/ee106a/fa25/class/ee106a-add/106A-CATCH/CATCH/install/catch_custom_msgs/share/catch_custom_msgs/local_setup.dsv\n'}
[1.304055] (catch_custom_msgs) StdoutLine: {'line': b'-- Installing: /home/cc/ee106a/fa25/class/ee106a-add/106A-CATCH/CATCH/install/catch_custom_msgs/share/catch_custom_msgs/package.dsv\n'}
[1.304794] (ros2_aruco_interfaces) StdoutLine: {'line': b'[ 74%] Built target ament_cmake_python_copy_ros2_aruco_interfaces\n'}
[1.305408] (ros2_aruco_interfaces) StdoutLine: {'line': b'[ 74%] Built target ros2_aruco_interfaces\n'}
[1.309953] (catch_custom_msgs) StdoutLine: {'line': b'-- Up-to-date: /home/cc/ee106a/fa25/class/ee106a-add/106A-CATCH/CATCH/install/catch_custom_msgs/share/ament_index/resource_index/packages/catch_custom_msgs\n'}
[1.314359] (catch_custom_msgs) StdoutLine: {'line': b'-- Up-to-date: /home/cc/ee106a/fa25/class/ee106a-add/106A-CATCH/CATCH/install/catch_custom_msgs/share/catch_custom_msgs/cmake/export_catch_custom_msgs__rosidl_generator_cExport.cmake\n'}
[1.314806] (catch_custom_msgs) StdoutLine: {'line': b'-- Up-to-date: /home/cc/ee106a/fa25/class/ee106a-add/106A-CATCH/CATCH/install/catch_custom_msgs/share/catch_custom_msgs/cmake/export_catch_custom_msgs__rosidl_generator_cExport-noconfig.cmake\n'}
[1.317644] (catch_custom_msgs) StdoutLine: {'line': b'-- Up-to-date: /home/cc/ee106a/fa25/class/ee106a-add/106A-CATCH/CATCH/install/catch_custom_msgs/share/catch_custom_msgs/cmake/export_catch_custom_msgs__rosidl_typesupport_fastrtps_cExport.cmake\n'}
[1.318074] (catch_custom_msgs) StdoutLine: {'line': b'-- Up-to-date: /home/cc/ee106a/fa25/class/ee106a-add/106A-CATCH/CATCH/install/catch_custom_msgs/share/catch_custom_msgs/cmake/export_catch_custom_msgs__rosidl_typesupport_fastrtps_cExport-noconfig.cmake\n'}
[1.320291] (catch_custom_msgs) StdoutLine: {'line': b'-- Up-to-date: /home/cc/ee106a/fa25/class/ee106a-add/106A-CATCH/CATCH/install/catch_custom_msgs/share/catch_custom_msgs/cmake/catch_custom_msgs__rosidl_typesupport_introspection_cExport.cmake\n'}
[1.320758] (catch_custom_msgs) StdoutLine: {'line': b'-- Up-to-date: /home/cc/ee106a/fa25/class/ee106a-add/106A-CATCH/CATCH/install/catch_custom_msgs/share/catch_custom_msgs/cmake/catch_custom_msgs__rosidl_typesupport_introspection_cExport-noconfig.cmake\n'}
[1.322730] (catch_custom_msgs) StdoutLine: {'line': b'-- Up-to-date: /home/cc/ee106a/fa25/class/ee106a-add/106A-CATCH/CATCH/install/catch_custom_msgs/share/catch_custom_msgs/cmake/catch_custom_msgs__rosidl_typesupport_cExport.cmake\n'}
[1.323171] (catch_custom_msgs) StdoutLine: {'line': b'-- Up-to-date: /home/cc/ee106a/fa25/class/ee106a-add/106A-CATCH/CATCH/install/catch_custom_msgs/share/catch_custom_msgs/cmake/catch_custom_msgs__rosidl_typesupport_cExport-noconfig.cmake\n'}
[1.325647] (catch_custom_msgs) StdoutLine: {'line': b'-- Up-to-date: /home/cc/ee106a/fa25/class/ee106a-add/106A-CATCH/CATCH/install/catch_custom_msgs/share/catch_custom_msgs/cmake/export_catch_custom_msgs__rosidl_generator_cppExport.cmake\n'}
[1.328861] (catch_custom_msgs) StdoutLine: {'line': b'-- Up-to-date: /home/cc/ee106a/fa25/class/ee106a-add/106A-CATCH/CATCH/install/catch_custom_msgs/share/catch_custom_msgs/cmake/export_catch_custom_msgs__rosidl_typesupport_fastrtps_cppExport.cmake\n'}
[1.329277] (catch_custom_msgs) StdoutLine: {'line': b'-- Up-to-date: /home/cc/ee106a/fa25/class/ee106a-add/106A-CATCH/CATCH/install/catch_custom_msgs/share/catch_custom_msgs/cmake/export_catch_custom_msgs__rosidl_typesupport_fastrtps_cppExport-noconfig.cmake\n'}
[1.333066] (catch_custom_msgs) StdoutLine: {'line': b'-- Up-to-date: /home/cc/ee106a/fa25/class/ee106a-add/106A-CATCH/CATCH/install/catch_custom_msgs/share/catch_custom_msgs/cmake/catch_custom_msgs__rosidl_typesupport_introspection_cppExport.cmake\n'}
[1.333473] (catch_custom_msgs) StdoutLine: {'line': b'-- Up-to-date: /home/cc/ee106a/fa25/class/ee106a-add/106A-CATCH/CATCH/install/catch_custom_msgs/share/catch_custom_msgs/cmake/catch_custom_msgs__rosidl_typesupport_introspection_cppExport-noconfig.cmake\n'}
[1.335670] (catch_custom_msgs) StdoutLine: {'line': b'-- Up-to-date: /home/cc/ee106a/fa25/class/ee106a-add/106A-CATCH/CATCH/install/catch_custom_msgs/share/catch_custom_msgs/cmake/catch_custom_msgs__rosidl_typesupport_cppExport.cmake\n'}
[1.336078] (catch_custom_msgs) StdoutLine: {'line': b'-- Up-to-date: /home/cc/ee106a/fa25/class/ee106a-add/106A-CATCH/CATCH/install/catch_custom_msgs/share/catch_custom_msgs/cmake/catch_custom_msgs__rosidl_typesupport_cppExport-noconfig.cmake\n'}
[1.337998] (catch_custom_msgs) StdoutLine: {'line': b'-- Up-to-date: /home/cc/ee106a/fa25/class/ee106a-add/106A-CATCH/CATCH/install/catch_custom_msgs/share/catch_custom_msgs/cmake/export_catch_custom_msgs__rosidl_generator_pyExport.cmake\n'}
[1.338521] (catch_custom_msgs) StdoutLine: {'line': b'-- Up-to-date: /home/cc/ee106a/fa25/class/ee106a-add/106A-CATCH/CATCH/install/catch_custom_msgs/share/catch_custom_msgs/cmake/export_catch_custom_msgs__rosidl_generator_pyExport-noconfig.cmake\n'}
[1.338996] (catch_custom_msgs) StdoutLine: {'line': b'-- Up-to-date: /home/cc/ee106a/fa25/class/ee106a-add/106A-CATCH/CATCH/install/catch_custom_msgs/share/catch_custom_msgs/cmake/rosidl_cmake-extras.cmake\n'}
[1.339518] (catch_custom_msgs) StdoutLine: {'line': b'-- Up-to-date: /home/cc/ee106a/fa25/class/ee106a-add/106A-CATCH/CATCH/install/catch_custom_msgs/share/catch_custom_msgs/cmake/ament_cmake_export_dependencies-extras.cmake\n'}
[1.340082] (catch_custom_msgs) StdoutLine: {'line': b'-- Up-to-date: /home/cc/ee106a/fa25/class/ee106a-add/106A-CATCH/CATCH/install/catch_custom_msgs/share/catch_custom_msgs/cmake/ament_cmake_export_include_directories-extras.cmake\n'}
[1.340558] (catch_custom_msgs) StdoutLine: {'line': b'-- Up-to-date: /home/cc/ee106a/fa25/class/ee106a-add/106A-CATCH/CATCH/install/catch_custom_msgs/share/catch_custom_msgs/cmake/ament_cmake_export_libraries-extras.cmake\n'}
[1.341022] (catch_custom_msgs) StdoutLine: {'line': b'-- Up-to-date: /home/cc/ee106a/fa25/class/ee106a-add/106A-CATCH/CATCH/install/catch_custom_msgs/share/catch_custom_msgs/cmake/ament_cmake_export_targets-extras.cmake\n'}
[1.341504] (catch_custom_msgs) StdoutLine: {'line': b'-- Up-to-date: /home/cc/ee106a/fa25/class/ee106a-add/106A-CATCH/CATCH/install/catch_custom_msgs/share/catch_custom_msgs/cmake/rosidl_cmake_export_typesupport_targets-extras.cmake\n'}
[1.342153] (catch_custom_msgs) StdoutLine: {'line': b'-- Up-to-date: /home/cc/ee106a/fa25/class/ee106a-add/106A-CATCH/CATCH/install/catch_custom_msgs/share/catch_custom_msgs/cmake/rosidl_cmake_export_typesupport_libraries-extras.cmake\n'}
[1.342304] (catch_custom_msgs) StdoutLine: {'line': b'-- Up-to-date: /home/cc/ee106a/fa25/class/ee106a-add/106A-CATCH/CATCH/install/catch_custom_msgs/share/catch_custom_msgs/cmake/catch_custom_msgsConfig.cmake\n'}
[1.342702] (catch_custom_msgs) StdoutLine: {'line': b'-- Up-to-date: /home/cc/ee106a/fa25/class/ee106a-add/106A-CATCH/CATCH/install/catch_custom_msgs/share/catch_custom_msgs/cmake/catch_custom_msgsConfig-version.cmake\n'}
[1.343376] (catch_custom_msgs) StdoutLine: {'line': b'-- Up-to-date: /home/cc/ee106a/fa25/class/ee106a-add/106A-CATCH/CATCH/install/catch_custom_msgs/share/catch_custom_msgs/package.xml\n'}
[1.349336] (catch_custom_msgs) CommandEnded: {'returncode': 0}
[1.349940] (ros2_aruco_interfaces) StdoutLine: {'line': b'[ 76%] Built target ros2_aruco_interfaces__py\n'}
[1.395373] (ros2_aruco_interfaces) StdoutLine: {'line': b'[ 84%] Built target ros2_aruco_interfaces__rosidl_generator_py\n'}
[1.401690] (-) TimerEvent: {}
[1.435221] (catch_custom_msgs) JobEnded: {'identifier': 'catch_custom_msgs', 'rc': 0}
[1.465973] (ros2_aruco_interfaces) StdoutLine: {'line': b'[100%] Built target ros2_aruco_interfaces__rosidl_typesupport_c__pyext\n'}
[1.466152] (ros2_aruco_interfaces) StdoutLine: {'line': b'[100%] Built target ros2_aruco_interfaces__rosidl_typesupport_fastrtps_c__pyext\n'}
[1.466657] (ros2_aruco_interfaces) StdoutLine: {'line': b'[100%] Built target ros2_aruco_interfaces__rosidl_typesupport_introspection_c__pyext\n'}
[1.477624] (planning) Command: {'cmd': ['/usr/bin/python3', '-W', 'ignore:setup.py install is deprecated', '-W', 'ignore:easy_install command is deprecated', 'setup.py', 'egg_info', '--egg-base', '../../build/planning', 'build', '--build-base', '/home/cc/ee106a/fa25/class/ee106a-add/106A-CATCH/CATCH/build/planning/build', 'install', '--record', '/home/cc/ee106a/fa25/class/ee106a-add/106A-CATCH/CATCH/build/planning/install.log', '--single-version-externally-managed', 'install_data'], 'cwd': '/home/cc/ee106a/fa25/class/ee106a-add/106A-CATCH/CATCH/src/planning', 'env': {'ARCH': 'x86_64', 'QT_SCALE_FACTOR': '1', 'USER': 'ee106a-add', 'HOSTNAME': 'ros2', 'XDG_SESSION_TYPE': 'x11', 'MASTERDIR': '/home/ff/ee106a', 'COMPIZ_CONFIG_PROFILE': 'mate', 'XDG_CACHE_HOME': '/home/cc/ee106a/fa25/class/ee106a-add/.cache', 'SHLVL': '2', 'LD_LIBRARY_PATH': '/home/cc/ee106a/fa25/class/ee106a-add/106A-CATCH/CATCH/install/ros2_aruco_interfaces/lib:/home/cc/ee106a/fa25/class/ee106a-add/106A-CATCH/CATCH/install/catch_custom_msgs/lib:/home/ff/ee106a/librealsense/build/Release:/usr/lib/x86_64-linux-gnu/gazebo-11/plugins:/opt/ros/humble/opt/rviz_ogre_vendor/lib:/opt/ros/humble/lib/x86_64-linux-gnu:/opt/ros/humble/lib', 'HOME': '/home/cc/ee106a/fa25/class/ee106a-add', 'OLDPWD': '/home/cc/ee106a/fa25/class/ee106a-add', 'DESKTOP_SESSION': 'mate', 'ROS_PYTHON_VERSION': '3', 'GTK_MODULES': 'gail:atk-bridge:appmenu-gtk-module:gail:atk-bridge:canberra-gtk-module', 'EE106_UR_ROBOT_IP': '192.168.1.100', 'DISTROBOX_ENTER_PATH': '/usr/local/bin/distrobox-enter', 'SYSTEMD_EXEC_PID': '1043288', 'NNTPSERVER': 'news.csua.berkeley.edu', 'VISUAL': 'emacs', 'XDG_STATE_HOME': '/home/cc/ee106a/fa25/class/ee106a-add/.local/state', 'DBUS_SESSION_BUS_ADDRESS': 'unix:path=/run/user/90081/bus', 'COLORTERM': 'truecolor', 'container': 'podman', 'UBUNTU_MENUPROXY': '1', 'QT_QPA_PLATFORMTHEME': 'gtk2', 'COLCON_PREFIX_PATH': '/home/cc/ee106a/fa25/class/ee106a-add/106A-CATCH/CATCH/install:/home/ff/ee106a/robot_workspaces/ur/install', 'ROS_DISTRO': 'humble', 'GTK_IM_MODULE': 'ibus', 'LOGNAME': 'ee106a-add', 'MASTER': 'ee106a', 'WINDOWID': '71303640', 'ROS_VERSION': '2', 'XDG_SESSION_CLASS': 'user', 'TERMINFO_DIRS': '/usr/share/terminfo:/run/host/usr/share/terminfo', 'USERNAME': 'ee106a-add', 'TERM': 'xterm-256color', 'GTK_OVERLAY_SCROLLING': '0', 'XDG_SESSION_ID': '11786', 'ROS_LOCALHOST_ONLY': '0', 'WINDOWPATH': '2', 'PATH': '/opt/ros/humble/bin:/share/b/grading/bin:/home/ff/ee106a/bin:/home/ff/ee106a/bin/arch/x86_64:/share/b/grading/bin:/home/ff/ee106a/bin:/home/ff/ee106a/bin/arch/x86_64:/usr/local/sbin:/usr/local/bin:/usr/sbin:/usr/bin:/sbin:/bin:/usr/games:/usr/local/games:/snap/bin:/snap/bin:/share/b/grading/bin:/share/b/grading/sbin:/share/b/runas/x86_64:/share/b/bin:/home/ff/ee106a/venvs/all:/usr/local/sbin:/usr/local/bin:/usr/sbin:/usr/bin:/sbin:/bin:/share/b/grading/bin:/share/b/grading/sbin:/share/b/runas/x86_64:/share/b/bin:/home/ff/ee106a/venvs/all', 'SESSION_MANAGER': 'local/c105-6:@/tmp/.ICE-unix/1043358,unix/c105-6:/tmp/.ICE-unix/1043358', 'OS': 'Linux', 'XDG_RUNTIME_DIR': '/run/user/90081', 'DISPLAY': ':1', 'LANG': 'en_US.UTF-8', 'XDG_CURRENT_DESKTOP': 'MATE', 'XDG_DATA_HOME': '/home/cc/ee106a/fa25/class/ee106a-add/.local/share', 'XDG_CONFIG_HOME': '/home/cc/ee106a/fa25/class/ee106a-add/.config', 'XMODIFIERS': '@im=ibus', 'XDG_SESSION_DESKTOP': 'mate', 'XAUTHORITY': '/run/user/90081/gdm/Xauthority', 'SSH_AUTH_SOCK': '/run/user/90081/keyring/ssh', 'ROS_DOMAIN_ID': '26', 'AMENT_PREFIX_PATH': '/home/cc/ee106a/fa25/class/ee106a-add/106A-CATCH/CATCH/install/ros2_aruco_interfaces:/home/cc/ee106a/fa25/class/ee106a-add/106A-CATCH/CATCH/install/ros2_aruco:/home/cc/ee106a/fa25/class/ee106a-add/106A-CATCH/CATCH/install/planning:/home/cc/ee106a/fa25/class/ee106a-add/106A-CATCH/CATCH/install/perception:/home/cc/ee106a/fa25/class/ee106a-add/106A-CATCH/CATCH/install/catch_custom_msgs:/home/ff/ee106a/robot_workspaces/ur/install/ur7e_utils:/opt/ros/humble', 'SHELL': '/usr/bin/bash', 'QT_ACCESSIBILITY': '1', 'EE106_UR_ROBOT_NAME': 'baymax', 'GDMSESSION': 'mate', 'RUNAS': '/share/b/runas/x86_64', 'GPG_AGENT_INFO': '/run/user/90081/gnupg/S.gpg-agent:0:1', 'CONFIG_SHELL': '/usr/bin/ksh', 'QT_IM_MODULE': 'ibus', 'PWD': '/home/cc/ee106a/fa25/class/ee106a-add/106A-CATCH/CATCH/build/planning', 'EE106_ENV_SETUP': 'ur_ros2', 'CONTAINER_ID': 'ros2', 'LC_ALL': 'C.UTF-8', 'XDG_CONFIG_DIRS': '/etc/xdg/xdg-mate:/etc/xdg', 'CLUTTER_IM_MODULE': 'ibus', 'XDG_DATA_DIRS': '/usr/share/mate:/usr/share/mate:/usr/share/gnome:/home/cc/ee106a/fa25/class/ee106a-add/.local/share/flatpak/exports/share:/var/lib/flatpak/exports/share:/usr/local/share/:/usr/share/:/var/lib/snapd/desktop:/usr/local/share:/usr/share', 'PYTHONPATH': '/home/cc/ee106a/fa25/class/ee106a-add/106A-CATCH/CATCH/build/planning/prefix_override:/usr/lib/python3/dist-packages/colcon_core/task/python/colcon_distutils_commands:/home/cc/ee106a/fa25/class/ee106a-add/106A-CATCH/CATCH/install/planning/lib/python3.10/site-packages:/home/cc/ee106a/fa25/class/ee106a-add/106A-CATCH/CATCH/install/ros2_aruco_interfaces/local/lib/python3.10/dist-packages:/home/cc/ee106a/fa25/class/ee106a-add/106A-CATCH/CATCH/install/ros2_aruco/lib/python3.10/site-packages:/home/cc/ee106a/fa25/class/ee106a-add/106A-CATCH/CATCH/install/planning/lib/python3.10/site-packages:/home/cc/ee106a/fa25/class/ee106a-add/106A-CATCH/CATCH/install/perception/lib/python3.10/site-packages:/home/cc/ee106a/fa25/class/ee106a-add/106A-CATCH/CATCH/install/catch_custom_msgs/local/lib/python3.10/dist-packages:/home/ff/ee106a/robot_workspaces/ur/install/ur7e_utils/lib/python3.10/site-packages:/opt/ros/humble/lib/python3.10/site-packages:/opt/ros/humble/local/lib/python3.10/dist-packages', 'MATE_DESKTOP_SESSION_ID': 'this-is-deprecated', 'COLCON': '1', 'MANPATH': '/usr/local/man:/usr/man:/usr/X11/man:/usr/local/man:/share/b/grading/man:/usr/local/man:/usr/man:/usr/X11/man:/usr/local/man:/share/b/grading/man:', 'VTE_VERSION': '6800', 'EDITOR': 'emacs', 'CMAKE_PREFIX_PATH': '/home/cc/ee106a/fa25/class/ee106a-add/106A-CATCH/CATCH/install/ros2_aruco_interfaces:/home/cc/ee106a/fa25/class/ee106a-add/106A-CATCH/CATCH/install/catch_custom_msgs', 'QT_FONT_DPI': '122'}, 'shell': False}
[1.485714] (perception) Command: {'cmd': ['/usr/bin/python3', '-W', 'ignore:setup.py install is deprecated', '-W', 'ignore:easy_install command is deprecated', 'setup.py', 'egg_info', '--egg-base', '../../build/perception', 'build', '--build-base', '/home/cc/ee106a/fa25/class/ee106a-add/106A-CATCH/CATCH/build/perception/build', 'install', '--record', '/home/cc/ee106a/fa25/class/ee106a-add/106A-CATCH/CATCH/build/perception/install.log', '--single-version-externally-managed', 'install_data'], 'cwd': '/home/cc/ee106a/fa25/class/ee106a-add/106A-CATCH/CATCH/src/perception', 'env': {'ARCH': 'x86_64', 'QT_SCALE_FACTOR': '1', 'USER': 'ee106a-add', 'HOSTNAME': 'ros2', 'XDG_SESSION_TYPE': 'x11', 'MASTERDIR': '/home/ff/ee106a', 'COMPIZ_CONFIG_PROFILE': 'mate', 'XDG_CACHE_HOME': '/home/cc/ee106a/fa25/class/ee106a-add/.cache', 'SHLVL': '2', 'LD_LIBRARY_PATH': '/home/cc/ee106a/fa25/class/ee106a-add/106A-CATCH/CATCH/install/ros2_aruco_interfaces/lib:/home/cc/ee106a/fa25/class/ee106a-add/106A-CATCH/CATCH/install/catch_custom_msgs/lib:/home/ff/ee106a/librealsense/build/Release:/usr/lib/x86_64-linux-gnu/gazebo-11/plugins:/opt/ros/humble/opt/rviz_ogre_vendor/lib:/opt/ros/humble/lib/x86_64-linux-gnu:/opt/ros/humble/lib', 'HOME': '/home/cc/ee106a/fa25/class/ee106a-add', 'OLDPWD': '/home/cc/ee106a/fa25/class/ee106a-add', 'DESKTOP_SESSION': 'mate', 'ROS_PYTHON_VERSION': '3', 'GTK_MODULES': 'gail:atk-bridge:appmenu-gtk-module:gail:atk-bridge:canberra-gtk-module', 'EE106_UR_ROBOT_IP': '192.168.1.100', 'DISTROBOX_ENTER_PATH': '/usr/local/bin/distrobox-enter', 'SYSTEMD_EXEC_PID': '1043288', 'NNTPSERVER': 'news.csua.berkeley.edu', 'VISUAL': 'emacs', 'XDG_STATE_HOME': '/home/cc/ee106a/fa25/class/ee106a-add/.local/state', 'DBUS_SESSION_BUS_ADDRESS': 'unix:path=/run/user/90081/bus', 'COLORTERM': 'truecolor', 'container': 'podman', 'UBUNTU_MENUPROXY': '1', 'QT_QPA_PLATFORMTHEME': 'gtk2', 'COLCON_PREFIX_PATH': '/home/cc/ee106a/fa25/class/ee106a-add/106A-CATCH/CATCH/install:/home/ff/ee106a/robot_workspaces/ur/install', 'ROS_DISTRO': 'humble', 'GTK_IM_MODULE': 'ibus', 'LOGNAME': 'ee106a-add', 'MASTER': 'ee106a', 'WINDOWID': '71303640', 'ROS_VERSION': '2', 'XDG_SESSION_CLASS': 'user', 'TERMINFO_DIRS': '/usr/share/terminfo:/run/host/usr/share/terminfo', 'USERNAME': 'ee106a-add', 'TERM': 'xterm-256color', 'GTK_OVERLAY_SCROLLING': '0', 'XDG_SESSION_ID': '11786', 'ROS_LOCALHOST_ONLY': '0', 'WINDOWPATH': '2', 'PATH': '/opt/ros/humble/bin:/share/b/grading/bin:/home/ff/ee106a/bin:/home/ff/ee106a/bin/arch/x86_64:/share/b/grading/bin:/home/ff/ee106a/bin:/home/ff/ee106a/bin/arch/x86_64:/usr/local/sbin:/usr/local/bin:/usr/sbin:/usr/bin:/sbin:/bin:/usr/games:/usr/local/games:/snap/bin:/snap/bin:/share/b/grading/bin:/share/b/grading/sbin:/share/b/runas/x86_64:/share/b/bin:/home/ff/ee106a/venvs/all:/usr/local/sbin:/usr/local/bin:/usr/sbin:/usr/bin:/sbin:/bin:/share/b/grading/bin:/share/b/grading/sbin:/share/b/runas/x86_64:/share/b/bin:/home/ff/ee106a/venvs/all', 'SESSION_MANAGER': 'local/c105-6:@/tmp/.ICE-unix/1043358,unix/c105-6:/tmp/.ICE-unix/1043358', 'OS': 'Linux', 'XDG_RUNTIME_DIR': '/run/user/90081', 'DISPLAY': ':1', 'LANG': 'en_US.UTF-8', 'XDG_CURRENT_DESKTOP': 'MATE', 'XDG_DATA_HOME': '/home/cc/ee106a/fa25/class/ee106a-add/.local/share', 'XDG_CONFIG_HOME': '/home/cc/ee106a/fa25/class/ee106a-add/.config', 'XMODIFIERS': '@im=ibus', 'XDG_SESSION_DESKTOP': 'mate', 'XAUTHORITY': '/run/user/90081/gdm/Xauthority', 'SSH_AUTH_SOCK': '/run/user/90081/keyring/ssh', 'ROS_DOMAIN_ID': '26', 'AMENT_PREFIX_PATH': '/home/cc/ee106a/fa25/class/ee106a-add/106A-CATCH/CATCH/install/ros2_aruco_interfaces:/home/cc/ee106a/fa25/class/ee106a-add/106A-CATCH/CATCH/install/ros2_aruco:/home/cc/ee106a/fa25/class/ee106a-add/106A-CATCH/CATCH/install/planning:/home/cc/ee106a/fa25/class/ee106a-add/106A-CATCH/CATCH/install/perception:/home/cc/ee106a/fa25/class/ee106a-add/106A-CATCH/CATCH/install/catch_custom_msgs:/home/ff/ee106a/robot_workspaces/ur/install/ur7e_utils:/opt/ros/humble', 'SHELL': '/usr/bin/bash', 'QT_ACCESSIBILITY': '1', 'EE106_UR_ROBOT_NAME': 'baymax', 'GDMSESSION': 'mate', 'RUNAS': '/share/b/runas/x86_64', 'GPG_AGENT_INFO': '/run/user/90081/gnupg/S.gpg-agent:0:1', 'CONFIG_SHELL': '/usr/bin/ksh', 'QT_IM_MODULE': 'ibus', 'PWD': '/home/cc/ee106a/fa25/class/ee106a-add/106A-CATCH/CATCH/build/perception', 'EE106_ENV_SETUP': 'ur_ros2', 'CONTAINER_ID': 'ros2', 'LC_ALL': 'C.UTF-8', 'XDG_CONFIG_DIRS': '/etc/xdg/xdg-mate:/etc/xdg', 'CLUTTER_IM_MODULE': 'ibus', 'XDG_DATA_DIRS': '/usr/share/mate:/usr/share/mate:/usr/share/gnome:/home/cc/ee106a/fa25/class/ee106a-add/.local/share/flatpak/exports/share:/var/lib/flatpak/exports/share:/usr/local/share/:/usr/share/:/var/lib/snapd/desktop:/usr/local/share:/usr/share', 'PYTHONPATH': '/home/cc/ee106a/fa25/class/ee106a-add/106A-CATCH/CATCH/build/perception/prefix_override:/usr/lib/python3/dist-packages/colcon_core/task/python/colcon_distutils_commands:/home/cc/ee106a/fa25/class/ee106a-add/106A-CATCH/CATCH/install/perception/lib/python3.10/site-packages:/home/cc/ee106a/fa25/class/ee106a-add/106A-CATCH/CATCH/install/ros2_aruco_interfaces/local/lib/python3.10/dist-packages:/home/cc/ee106a/fa25/class/ee106a-add/106A-CATCH/CATCH/install/ros2_aruco/lib/python3.10/site-packages:/home/cc/ee106a/fa25/class/ee106a-add/106A-CATCH/CATCH/install/planning/lib/python3.10/site-packages:/home/cc/ee106a/fa25/class/ee106a-add/106A-CATCH/CATCH/install/perception/lib/python3.10/site-packages:/home/cc/ee106a/fa25/class/ee106a-add/106A-CATCH/CATCH/install/catch_custom_msgs/local/lib/python3.10/dist-packages:/home/ff/ee106a/robot_workspaces/ur/install/ur7e_utils/lib/python3.10/site-packages:/opt/ros/humble/lib/python3.10/site-packages:/opt/ros/humble/local/lib/python3.10/dist-packages', 'MATE_DESKTOP_SESSION_ID': 'this-is-deprecated', 'COLCON': '1', 'MANPATH': '/usr/local/man:/usr/man:/usr/X11/man:/usr/local/man:/share/b/grading/man:/usr/local/man:/usr/man:/usr/X11/man:/usr/local/man:/share/b/grading/man:', 'VTE_VERSION': '6800', 'EDITOR': 'emacs', 'CMAKE_PREFIX_PATH': '/home/cc/ee106a/fa25/class/ee106a-add/106A-CATCH/CATCH/install/ros2_aruco_interfaces:/home/cc/ee106a/fa25/class/ee106a-add/106A-CATCH/CATCH/install/catch_custom_msgs', 'QT_FONT_DPI': '122'}, 'shell': False}
[1.501762] (-) TimerEvent: {}
[1.516758] (ros2_aruco) Command: {'cmd': ['/usr/bin/python3', '-W', 'ignore:setup.py install is deprecated', '-W', 'ignore:easy_install command is deprecated', 'setup.py', 'egg_info', '--egg-base', '../../../build/ros2_aruco', 'build', '--build-base', '/home/cc/ee106a/fa25/class/ee106a-add/106A-CATCH/CATCH/build/ros2_aruco/build', 'install', '--record', '/home/cc/ee106a/fa25/class/ee106a-add/106A-CATCH/CATCH/build/ros2_aruco/install.log', '--single-version-externally-managed', 'install_data'], 'cwd': '/home/cc/ee106a/fa25/class/ee106a-add/106A-CATCH/CATCH/src/ros2_aruco/ros2_aruco', 'env': {'ARCH': 'x86_64', 'QT_SCALE_FACTOR': '1', 'USER': 'ee106a-add', 'HOSTNAME': 'ros2', 'XDG_SESSION_TYPE': 'x11', 'MASTERDIR': '/home/ff/ee106a', 'COMPIZ_CONFIG_PROFILE': 'mate', 'XDG_CACHE_HOME': '/home/cc/ee106a/fa25/class/ee106a-add/.cache', 'SHLVL': '2', 'LD_LIBRARY_PATH': '/home/cc/ee106a/fa25/class/ee106a-add/106A-CATCH/CATCH/install/ros2_aruco_interfaces/lib:/home/cc/ee106a/fa25/class/ee106a-add/106A-CATCH/CATCH/install/catch_custom_msgs/lib:/home/ff/ee106a/librealsense/build/Release:/usr/lib/x86_64-linux-gnu/gazebo-11/plugins:/opt/ros/humble/opt/rviz_ogre_vendor/lib:/opt/ros/humble/lib/x86_64-linux-gnu:/opt/ros/humble/lib', 'HOME': '/home/cc/ee106a/fa25/class/ee106a-add', 'OLDPWD': '/home/cc/ee106a/fa25/class/ee106a-add', 'DESKTOP_SESSION': 'mate', 'ROS_PYTHON_VERSION': '3', 'GTK_MODULES': 'gail:atk-bridge:appmenu-gtk-module:gail:atk-bridge:canberra-gtk-module', 'EE106_UR_ROBOT_IP': '192.168.1.100', 'DISTROBOX_ENTER_PATH': '/usr/local/bin/distrobox-enter', 'SYSTEMD_EXEC_PID': '1043288', 'NNTPSERVER': 'news.csua.berkeley.edu', 'VISUAL': 'emacs', 'XDG_STATE_HOME': '/home/cc/ee106a/fa25/class/ee106a-add/.local/state', 'DBUS_SESSION_BUS_ADDRESS': 'unix:path=/run/user/90081/bus', 'COLORTERM': 'truecolor', 'container': 'podman', 'UBUNTU_MENUPROXY': '1', 'QT_QPA_PLATFORMTHEME': 'gtk2', 'COLCON_PREFIX_PATH': '/home/cc/ee106a/fa25/class/ee106a-add/106A-CATCH/CATCH/install:/home/ff/ee106a/robot_workspaces/ur/install', 'ROS_DISTRO': 'humble', 'GTK_IM_MODULE': 'ibus', 'LOGNAME': 'ee106a-add', 'MASTER': 'ee106a', 'WINDOWID': '71303640', 'ROS_VERSION': '2', 'XDG_SESSION_CLASS': 'user', 'TERMINFO_DIRS': '/usr/share/terminfo:/run/host/usr/share/terminfo', 'USERNAME': 'ee106a-add', 'TERM': 'xterm-256color', 'GTK_OVERLAY_SCROLLING': '0', 'XDG_SESSION_ID': '11786', 'ROS_LOCALHOST_ONLY': '0', 'WINDOWPATH': '2', 'PATH': '/opt/ros/humble/bin:/share/b/grading/bin:/home/ff/ee106a/bin:/home/ff/ee106a/bin/arch/x86_64:/share/b/grading/bin:/home/ff/ee106a/bin:/home/ff/ee106a/bin/arch/x86_64:/usr/local/sbin:/usr/local/bin:/usr/sbin:/usr/bin:/sbin:/bin:/usr/games:/usr/local/games:/snap/bin:/snap/bin:/share/b/grading/bin:/share/b/grading/sbin:/share/b/runas/x86_64:/share/b/bin:/home/ff/ee106a/venvs/all:/usr/local/sbin:/usr/local/bin:/usr/sbin:/usr/bin:/sbin:/bin:/share/b/grading/bin:/share/b/grading/sbin:/share/b/runas/x86_64:/share/b/bin:/home/ff/ee106a/venvs/all', 'SESSION_MANAGER': 'local/c105-6:@/tmp/.ICE-unix/1043358,unix/c105-6:/tmp/.ICE-unix/1043358', 'OS': 'Linux', 'XDG_RUNTIME_DIR': '/run/user/90081', 'DISPLAY': ':1', 'LANG': 'en_US.UTF-8', 'XDG_CURRENT_DESKTOP': 'MATE', 'XDG_DATA_HOME': '/home/cc/ee106a/fa25/class/ee106a-add/.local/share', 'XDG_CONFIG_HOME': '/home/cc/ee106a/fa25/class/ee106a-add/.config', 'XMODIFIERS': '@im=ibus', 'XDG_SESSION_DESKTOP': 'mate', 'XAUTHORITY': '/run/user/90081/gdm/Xauthority', 'SSH_AUTH_SOCK': '/run/user/90081/keyring/ssh', 'ROS_DOMAIN_ID': '26', 'AMENT_PREFIX_PATH': '/home/cc/ee106a/fa25/class/ee106a-add/106A-CATCH/CATCH/install/ros2_aruco_interfaces:/home/cc/ee106a/fa25/class/ee106a-add/106A-CATCH/CATCH/install/ros2_aruco:/home/cc/ee106a/fa25/class/ee106a-add/106A-CATCH/CATCH/install/planning:/home/cc/ee106a/fa25/class/ee106a-add/106A-CATCH/CATCH/install/perception:/home/cc/ee106a/fa25/class/ee106a-add/106A-CATCH/CATCH/install/catch_custom_msgs:/home/ff/ee106a/robot_workspaces/ur/install/ur7e_utils:/opt/ros/humble', 'SHELL': '/usr/bin/bash', 'QT_ACCESSIBILITY': '1', 'EE106_UR_ROBOT_NAME': 'baymax', 'GDMSESSION': 'mate', 'RUNAS': '/share/b/runas/x86_64', 'GPG_AGENT_INFO': '/run/user/90081/gnupg/S.gpg-agent:0:1', 'CONFIG_SHELL': '/usr/bin/ksh', 'QT_IM_MODULE': 'ibus', 'PWD': '/home/cc/ee106a/fa25/class/ee106a-add/106A-CATCH/CATCH/build/ros2_aruco', 'EE106_ENV_SETUP': 'ur_ros2', 'CONTAINER_ID': 'ros2', 'LC_ALL': 'C.UTF-8', 'XDG_CONFIG_DIRS': '/etc/xdg/xdg-mate:/etc/xdg', 'CLUTTER_IM_MODULE': 'ibus', 'XDG_DATA_DIRS': '/usr/share/mate:/usr/share/mate:/usr/share/gnome:/home/cc/ee106a/fa25/class/ee106a-add/.local/share/flatpak/exports/share:/var/lib/flatpak/exports/share:/usr/local/share/:/usr/share/:/var/lib/snapd/desktop:/usr/local/share:/usr/share', 'PYTHONPATH': '/home/cc/ee106a/fa25/class/ee106a-add/106A-CATCH/CATCH/build/ros2_aruco/prefix_override:/usr/lib/python3/dist-packages/colcon_core/task/python/colcon_distutils_commands:/home/cc/ee106a/fa25/class/ee106a-add/106A-CATCH/CATCH/install/ros2_aruco/lib/python3.10/site-packages:/home/cc/ee106a/fa25/class/ee106a-add/106A-CATCH/CATCH/install/ros2_aruco_interfaces/local/lib/python3.10/dist-packages:/home/cc/ee106a/fa25/class/ee106a-add/106A-CATCH/CATCH/install/ros2_aruco/lib/python3.10/site-packages:/home/cc/ee106a/fa25/class/ee106a-add/106A-CATCH/CATCH/install/planning/lib/python3.10/site-packages:/home/cc/ee106a/fa25/class/ee106a-add/106A-CATCH/CATCH/install/perception/lib/python3.10/site-packages:/home/cc/ee106a/fa25/class/ee106a-add/106A-CATCH/CATCH/install/catch_custom_msgs/local/lib/python3.10/dist-packages:/home/ff/ee106a/robot_workspaces/ur/install/ur7e_utils/lib/python3.10/site-packages:/opt/ros/humble/lib/python3.10/site-packages:/opt/ros/humble/local/lib/python3.10/dist-packages', 'MATE_DESKTOP_SESSION_ID': 'this-is-deprecated', 'COLCON': '1', 'MANPATH': '/usr/local/man:/usr/man:/usr/X11/man:/usr/local/man:/share/b/grading/man:/usr/local/man:/usr/man:/usr/X11/man:/usr/local/man:/share/b/grading/man:', 'VTE_VERSION': '6800', 'EDITOR': 'emacs', 'CMAKE_PREFIX_PATH': '/home/cc/ee106a/fa25/class/ee106a-add/106A-CATCH/CATCH/install/ros2_aruco_interfaces:/home/cc/ee106a/fa25/class/ee106a-add/106A-CATCH/CATCH/install/catch_custom_msgs', 'QT_FONT_DPI': '122'}, 'shell': False}
[1.582026] (ros2_aruco_interfaces) StdoutLine: {'line': b'running egg_info\n'}
[1.582974] (ros2_aruco_interfaces) StdoutLine: {'line': b'writing ros2_aruco_interfaces.egg-info/PKG-INFO\n'}
[1.585813] (ros2_aruco_interfaces) StdoutLine: {'line': b'writing dependency_links to ros2_aruco_interfaces.egg-info/dependency_links.txt\n'}
[1.588738] (ros2_aruco_interfaces) StdoutLine: {'line': b'writing top-level names to ros2_aruco_interfaces.egg-info/top_level.txt\n'}
[1.594541] (ros2_aruco_interfaces) StdoutLine: {'line': b"reading manifest file 'ros2_aruco_interfaces.egg-info/SOURCES.txt'\n"}
[1.596288] (ros2_aruco_interfaces) StdoutLine: {'line': b"writing manifest file 'ros2_aruco_interfaces.egg-info/SOURCES.txt'\n"}
[1.601832] (-) TimerEvent: {}
[1.622305] (ros2_aruco_interfaces) StdoutLine: {'line': b'[100%] Built target ament_cmake_python_build_ros2_aruco_interfaces_egg\n'}
[1.664325] (ros2_aruco_interfaces) CommandEnded: {'returncode': 0}
[1.667806] (ros2_aruco_interfaces) JobProgress: {'identifier': 'ros2_aruco_interfaces', 'progress': 'install'}
[1.668909] (ros2_aruco_interfaces) Command: {'cmd': ['/usr/bin/cmake', '--install', '/home/cc/ee106a/fa25/class/ee106a-add/106A-CATCH/CATCH/build/ros2_aruco_interfaces'], 'cwd': '/home/cc/ee106a/fa25/class/ee106a-add/106A-CATCH/CATCH/build/ros2_aruco_interfaces', 'env': OrderedDict([('ARCH', 'x86_64'), ('QT_SCALE_FACTOR', '1'), ('USER', 'ee106a-add'), ('HOSTNAME', 'ros2'), ('XDG_SESSION_TYPE', 'x11'), ('MASTERDIR', '/home/ff/ee106a'), ('COMPIZ_CONFIG_PROFILE', 'mate'), ('XDG_CACHE_HOME', '/home/cc/ee106a/fa25/class/ee106a-add/.cache'), ('SHLVL', '2'), ('LD_LIBRARY_PATH', '/home/cc/ee106a/fa25/class/ee106a-add/106A-CATCH/CATCH/install/ros2_aruco_interfaces/lib:/home/cc/ee106a/fa25/class/ee106a-add/106A-CATCH/CATCH/install/catch_custom_msgs/lib:/home/ff/ee106a/librealsense/build/Release:/usr/lib/x86_64-linux-gnu/gazebo-11/plugins:/opt/ros/humble/opt/rviz_ogre_vendor/lib:/opt/ros/humble/lib/x86_64-linux-gnu:/opt/ros/humble/lib'), ('HOME', '/home/cc/ee106a/fa25/class/ee106a-add'), ('OLDPWD', '/home/cc/ee106a/fa25/class/ee106a-add'), ('DESKTOP_SESSION', 'mate'), ('ROS_PYTHON_VERSION', '3'), ('GTK_MODULES', 'gail:atk-bridge:appmenu-gtk-module:gail:atk-bridge:canberra-gtk-module'), ('EE106_UR_ROBOT_IP', '192.168.1.100'), ('DISTROBOX_ENTER_PATH', '/usr/local/bin/distrobox-enter'), ('SYSTEMD_EXEC_PID', '1043288'), ('NNTPSERVER', 'news.csua.berkeley.edu'), ('VISUAL', 'emacs'), ('XDG_STATE_HOME', '/home/cc/ee106a/fa25/class/ee106a-add/.local/state'), ('DBUS_SESSION_BUS_ADDRESS', 'unix:path=/run/user/90081/bus'), ('COLORTERM', 'truecolor'), ('container', 'podman'), ('UBUNTU_MENUPROXY', '1'), ('QT_QPA_PLATFORMTHEME', 'gtk2'), ('COLCON_PREFIX_PATH', '/home/cc/ee106a/fa25/class/ee106a-add/106A-CATCH/CATCH/install:/home/ff/ee106a/robot_workspaces/ur/install'), ('ROS_DISTRO', 'humble'), ('GTK_IM_MODULE', 'ibus'), ('LOGNAME', 'ee106a-add'), ('MASTER', 'ee106a'), ('WINDOWID', '71303640'), ('ROS_VERSION', '2'), ('XDG_SESSION_CLASS', 'user'), ('TERMINFO_DIRS', '/usr/share/terminfo:/run/host/usr/share/terminfo'), ('USERNAME', 'ee106a-add'), ('TERM', 'xterm-256color'), ('GTK_OVERLAY_SCROLLING', '0'), ('XDG_SESSION_ID', '11786'), ('ROS_LOCALHOST_ONLY', '0'), ('WINDOWPATH', '2'), ('PATH', '/opt/ros/humble/bin:/share/b/grading/bin:/home/ff/ee106a/bin:/home/ff/ee106a/bin/arch/x86_64:/share/b/grading/bin:/home/ff/ee106a/bin:/home/ff/ee106a/bin/arch/x86_64:/usr/local/sbin:/usr/local/bin:/usr/sbin:/usr/bin:/sbin:/bin:/usr/games:/usr/local/games:/snap/bin:/snap/bin:/share/b/grading/bin:/share/b/grading/sbin:/share/b/runas/x86_64:/share/b/bin:/home/ff/ee106a/venvs/all:/usr/local/sbin:/usr/local/bin:/usr/sbin:/usr/bin:/sbin:/bin:/share/b/grading/bin:/share/b/grading/sbin:/share/b/runas/x86_64:/share/b/bin:/home/ff/ee106a/venvs/all'), ('SESSION_MANAGER', 'local/c105-6:@/tmp/.ICE-unix/1043358,unix/c105-6:/tmp/.ICE-unix/1043358'), ('OS', 'Linux'), ('XDG_RUNTIME_DIR', '/run/user/90081'), ('DISPLAY', ':1'), ('LANG', 'en_US.UTF-8'), ('XDG_CURRENT_DESKTOP', 'MATE'), ('XDG_DATA_HOME', '/home/cc/ee106a/fa25/class/ee106a-add/.local/share'), ('XDG_CONFIG_HOME', '/home/cc/ee106a/fa25/class/ee106a-add/.config'), ('XMODIFIERS', '@im=ibus'), ('XDG_SESSION_DESKTOP', 'mate'), ('XAUTHORITY', '/run/user/90081/gdm/Xauthority'), ('SSH_AUTH_SOCK', '/run/user/90081/keyring/ssh'), ('ROS_DOMAIN_ID', '26'), ('AMENT_PREFIX_PATH', '/home/cc/ee106a/fa25/class/ee106a-add/106A-CATCH/CATCH/install/ros2_aruco_interfaces:/home/cc/ee106a/fa25/class/ee106a-add/106A-CATCH/CATCH/install/ros2_aruco:/home/cc/ee106a/fa25/class/ee106a-add/106A-CATCH/CATCH/install/planning:/home/cc/ee106a/fa25/class/ee106a-add/106A-CATCH/CATCH/install/perception:/home/cc/ee106a/fa25/class/ee106a-add/106A-CATCH/CATCH/install/catch_custom_msgs:/home/ff/ee106a/robot_workspaces/ur/install/ur7e_utils:/opt/ros/humble'), ('SHELL', '/usr/bin/bash'), ('QT_ACCESSIBILITY', '1'), ('EE106_UR_ROBOT_NAME', 'baymax'), ('GDMSESSION', 'mate'), ('RUNAS', '/share/b/runas/x86_64'), ('GPG_AGENT_INFO', '/run/user/90081/gnupg/S.gpg-agent:0:1'), ('CONFIG_SHELL', '/usr/bin/ksh'), ('QT_IM_MODULE', 'ibus'), ('PWD', '/home/cc/ee106a/fa25/class/ee106a-add/106A-CATCH/CATCH/build/ros2_aruco_interfaces'), ('EE106_ENV_SETUP', 'ur_ros2'), ('CONTAINER_ID', 'ros2'), ('LC_ALL', 'C.UTF-8'), ('XDG_CONFIG_DIRS', '/etc/xdg/xdg-mate:/etc/xdg'), ('CLUTTER_IM_MODULE', 'ibus'), ('XDG_DATA_DIRS', '/usr/share/mate:/usr/share/mate:/usr/share/gnome:/home/cc/ee106a/fa25/class/ee106a-add/.local/share/flatpak/exports/share:/var/lib/flatpak/exports/share:/usr/local/share/:/usr/share/:/var/lib/snapd/desktop:/usr/local/share:/usr/share'), ('PYTHONPATH', '/home/cc/ee106a/fa25/class/ee106a-add/106A-CATCH/CATCH/install/ros2_aruco_interfaces/local/lib/python3.10/dist-packages:/home/cc/ee106a/fa25/class/ee106a-add/106A-CATCH/CATCH/install/ros2_aruco/lib/python3.10/site-packages:/home/cc/ee106a/fa25/class/ee106a-add/106A-CATCH/CATCH/install/planning/lib/python3.10/site-packages:/home/cc/ee106a/fa25/class/ee106a-add/106A-CATCH/CATCH/install/perception/lib/python3.10/site-packages:/home/cc/ee106a/fa25/class/ee106a-add/106A-CATCH/CATCH/install/catch_custom_msgs/local/lib/python3.10/dist-packages:/home/ff/ee106a/robot_workspaces/ur/install/ur7e_utils/lib/python3.10/site-packages:/opt/ros/humble/lib/python3.10/site-packages:/opt/ros/humble/local/lib/python3.10/dist-packages'), ('MATE_DESKTOP_SESSION_ID', 'this-is-deprecated'), ('COLCON', '1'), ('MANPATH', '/usr/local/man:/usr/man:/usr/X11/man:/usr/local/man:/share/b/grading/man:/usr/local/man:/usr/man:/usr/X11/man:/usr/local/man:/share/b/grading/man:'), ('VTE_VERSION', '6800'), ('EDITOR', 'emacs'), ('CMAKE_PREFIX_PATH', '/home/cc/ee106a/fa25/class/ee106a-add/106A-CATCH/CATCH/install/ros2_aruco_interfaces:/home/cc/ee106a/fa25/class/ee106a-add/106A-CATCH/CATCH/install/catch_custom_msgs:/home/cc/ee106a/fa25/class/ee106a-add/106A-CATCH/CATCH/install/ros2_aruco:/home/cc/ee106a/fa25/class/ee106a-add/106A-CATCH/CATCH/install/planning:/home/cc/ee106a/fa25/class/ee106a-add/106A-CATCH/CATCH/install/perception:/home/ff/ee106a/robot_workspaces/ur/install/ur7e_utils:/opt/ros/humble'), ('QT_FONT_DPI', '122')]), 'shell': False}
[1.680814] (ros2_aruco_interfaces) StdoutLine: {'line': b'-- Install configuration: ""\n'}
[1.680934] (ros2_aruco_interfaces) StdoutLine: {'line': b'-- Up-to-date: /home/cc/ee106a/fa25/class/ee106a-add/106A-CATCH/CATCH/install/ros2_aruco_interfaces/share/ament_index/resource_index/rosidl_interfaces/ros2_aruco_interfaces\n'}
[1.681412] (ros2_aruco_interfaces) StdoutLine: {'line': b'-- Up-to-date: /home/cc/ee106a/fa25/class/ee106a-add/106A-CATCH/CATCH/install/ros2_aruco_interfaces/include/ros2_aruco_interfaces/ros2_aruco_interfaces\n'}
[1.682632] (ros2_aruco_interfaces) StdoutLine: {'line': b'-- Up-to-date: /home/cc/ee106a/fa25/class/ee106a-add/106A-CATCH/CATCH/install/ros2_aruco_interfaces/include/ros2_aruco_interfaces/ros2_aruco_interfaces/msg\n'}
[1.684038] (ros2_aruco_interfaces) StdoutLine: {'line': b'-- Up-to-date: /home/cc/ee106a/fa25/class/ee106a-add/106A-CATCH/CATCH/install/ros2_aruco_interfaces/include/ros2_aruco_interfaces/ros2_aruco_interfaces/msg/aruco_markers.h\n'}
[1.684812] (ros2_aruco_interfaces) StdoutLine: {'line': b'-- Up-to-date: /home/cc/ee106a/fa25/class/ee106a-add/106A-CATCH/CATCH/install/ros2_aruco_interfaces/include/ros2_aruco_interfaces/ros2_aruco_interfaces/msg/rosidl_generator_c__visibility_control.h\n'}
[1.685690] (ros2_aruco_interfaces) StdoutLine: {'line': b'-- Up-to-date: /home/cc/ee106a/fa25/class/ee106a-add/106A-CATCH/CATCH/install/ros2_aruco_interfaces/include/ros2_aruco_interfaces/ros2_aruco_interfaces/msg/detail\n'}
[1.687341] (ros2_aruco_interfaces) StdoutLine: {'line': b'-- Up-to-date: /home/cc/ee106a/fa25/class/ee106a-add/106A-CATCH/CATCH/install/ros2_aruco_interfaces/include/ros2_aruco_interfaces/ros2_aruco_interfaces/msg/detail/aruco_markers__functions.c\n'}
[1.688024] (ros2_aruco_interfaces) StdoutLine: {'line': b'-- Up-to-date: /home/cc/ee106a/fa25/class/ee106a-add/106A-CATCH/CATCH/install/ros2_aruco_interfaces/include/ros2_aruco_interfaces/ros2_aruco_interfaces/msg/detail/aruco_markers__functions.h\n'}
[1.688772] (ros2_aruco_interfaces) StdoutLine: {'line': b'-- Up-to-date: /home/cc/ee106a/fa25/class/ee106a-add/106A-CATCH/CATCH/install/ros2_aruco_interfaces/include/ros2_aruco_interfaces/ros2_aruco_interfaces/msg/detail/aruco_markers__struct.h\n'}
[1.689643] (ros2_aruco_interfaces) StdoutLine: {'line': b'-- Up-to-date: /home/cc/ee106a/fa25/class/ee106a-add/106A-CATCH/CATCH/install/ros2_aruco_interfaces/include/ros2_aruco_interfaces/ros2_aruco_interfaces/msg/detail/aruco_markers__type_support.h\n'}
[1.690271] (ros2_aruco_interfaces) StdoutLine: {'line': b'-- Up-to-date: /home/cc/ee106a/fa25/class/ee106a-add/106A-CATCH/CATCH/install/ros2_aruco_interfaces/include/ros2_aruco_interfaces/ros2_aruco_interfaces/srv\n'}
[1.691926] (ros2_aruco_interfaces) StdoutLine: {'line': b'-- Up-to-date: /home/cc/ee106a/fa25/class/ee106a-add/106A-CATCH/CATCH/install/ros2_aruco_interfaces/include/ros2_aruco_interfaces/ros2_aruco_interfaces/srv/store_transform.h\n'}
[1.692671] (ros2_aruco_interfaces) StdoutLine: {'line': b'-- Up-to-date: /home/cc/ee106a/fa25/class/ee106a-add/106A-CATCH/CATCH/install/ros2_aruco_interfaces/include/ros2_aruco_interfaces/ros2_aruco_interfaces/srv/detail\n'}
[1.693921] (ros2_aruco_interfaces) StdoutLine: {'line': b'-- Up-to-date: /home/cc/ee106a/fa25/class/ee106a-add/106A-CATCH/CATCH/install/ros2_aruco_interfaces/include/ros2_aruco_interfaces/ros2_aruco_interfaces/srv/detail/store_transform__functions.c\n'}
[1.694716] (ros2_aruco_interfaces) StdoutLine: {'line': b'-- Up-to-date: /home/cc/ee106a/fa25/class/ee106a-add/106A-CATCH/CATCH/install/ros2_aruco_interfaces/include/ros2_aruco_interfaces/ros2_aruco_interfaces/srv/detail/store_transform__functions.h\n'}
[1.695456] (ros2_aruco_interfaces) StdoutLine: {'line': b'-- Up-to-date: /home/cc/ee106a/fa25/class/ee106a-add/106A-CATCH/CATCH/install/ros2_aruco_interfaces/include/ros2_aruco_interfaces/ros2_aruco_interfaces/srv/detail/store_transform__struct.h\n'}
[1.695830] (planning) StdoutLine: {'line': b'running egg_info\n'}
[1.696057] (ros2_aruco_interfaces) StdoutLine: {'line': b'-- Up-to-date: /home/cc/ee106a/fa25/class/ee106a-add/106A-CATCH/CATCH/install/ros2_aruco_interfaces/include/ros2_aruco_interfaces/ros2_aruco_interfaces/srv/detail/store_transform__type_support.h\n'}
[1.696456] (planning) StdoutLine: {'line': b'writing ../../build/planning/planning.egg-info/PKG-INFO\n'}
[1.696539] (ros2_aruco_interfaces) StdoutLine: {'line': b'-- Up-to-date: /home/cc/ee106a/fa25/class/ee106a-add/106A-CATCH/CATCH/install/ros2_aruco_interfaces/share/ros2_aruco_interfaces/environment/library_path.sh\n'}
[1.696959] (ros2_aruco_interfaces) StdoutLine: {'line': b'-- Up-to-date: /home/cc/ee106a/fa25/class/ee106a-add/106A-CATCH/CATCH/install/ros2_aruco_interfaces/share/ros2_aruco_interfaces/environment/library_path.dsv\n'}
[1.698618] (ros2_aruco_interfaces) StdoutLine: {'line': b'-- Up-to-date: /home/cc/ee106a/fa25/class/ee106a-add/106A-CATCH/CATCH/install/ros2_aruco_interfaces/lib/libros2_aruco_interfaces__rosidl_generator_c.so\n'}
[1.699808] (planning) StdoutLine: {'line': b'writing dependency_links to ../../build/planning/planning.egg-info/dependency_links.txt\n'}
[1.701895] (-) TimerEvent: {}
[1.703128] (ros2_aruco_interfaces) StdoutLine: {'line': b'-- Up-to-date: /home/cc/ee106a/fa25/class/ee106a-add/106A-CATCH/CATCH/install/ros2_aruco_interfaces/include/ros2_aruco_interfaces/ros2_aruco_interfaces\n'}
[1.703927] (planning) StdoutLine: {'line': b'writing entry points to ../../build/planning/planning.egg-info/entry_points.txt\n'}
[1.704621] (ros2_aruco_interfaces) StdoutLine: {'line': b'-- Up-to-date: /home/cc/ee106a/fa25/class/ee106a-add/106A-CATCH/CATCH/install/ros2_aruco_interfaces/include/ros2_aruco_interfaces/ros2_aruco_interfaces/msg\n'}
[1.706166] (ros2_aruco_interfaces) StdoutLine: {'line': b'-- Up-to-date: /home/cc/ee106a/fa25/class/ee106a-add/106A-CATCH/CATCH/install/ros2_aruco_interfaces/include/ros2_aruco_interfaces/ros2_aruco_interfaces/msg/detail\n'}
[1.706499] (planning) StdoutLine: {'line': b'writing requirements to ../../build/planning/planning.egg-info/requires.txt\n'}
[1.707353] (ros2_aruco_interfaces) StdoutLine: {'line': b'-- Up-to-date: /home/cc/ee106a/fa25/class/ee106a-add/106A-CATCH/CATCH/install/ros2_aruco_interfaces/include/ros2_aruco_interfaces/ros2_aruco_interfaces/msg/detail/aruco_markers__rosidl_typesupport_fastrtps_c.h\n'}
[1.708169] (ros2_aruco_interfaces) StdoutLine: {'line': b'-- Up-to-date: /home/cc/ee106a/fa25/class/ee106a-add/106A-CATCH/CATCH/install/ros2_aruco_interfaces/include/ros2_aruco_interfaces/ros2_aruco_interfaces/msg/rosidl_typesupport_fastrtps_c__visibility_control.h\n'}
[1.708483] (planning) StdoutLine: {'line': b'writing top-level names to ../../build/planning/planning.egg-info/top_level.txt\n'}
[1.708558] (ros2_aruco_interfaces) StdoutLine: {'line': b'-- Up-to-date: /home/cc/ee106a/fa25/class/ee106a-add/106A-CATCH/CATCH/install/ros2_aruco_interfaces/include/ros2_aruco_interfaces/ros2_aruco_interfaces/srv\n'}
[1.709927] (ros2_aruco_interfaces) StdoutLine: {'line': b'-- Up-to-date: /home/cc/ee106a/fa25/class/ee106a-add/106A-CATCH/CATCH/install/ros2_aruco_interfaces/include/ros2_aruco_interfaces/ros2_aruco_interfaces/srv/detail\n'}
[1.711141] (ros2_aruco_interfaces) StdoutLine: {'line': b'-- Up-to-date: /home/cc/ee106a/fa25/class/ee106a-add/106A-CATCH/CATCH/install/ros2_aruco_interfaces/include/ros2_aruco_interfaces/ros2_aruco_interfaces/srv/detail/store_transform__rosidl_typesupport_fastrtps_c.h\n'}
[1.713023] (ros2_aruco_interfaces) StdoutLine: {'line': b'-- Up-to-date: /home/cc/ee106a/fa25/class/ee106a-add/106A-CATCH/CATCH/install/ros2_aruco_interfaces/lib/libros2_aruco_interfaces__rosidl_typesupport_fastrtps_c.so\n'}
[1.713125] (planning) StdoutLine: {'line': b"reading manifest file '../../build/planning/planning.egg-info/SOURCES.txt'\n"}
[1.715294] (planning) StdoutLine: {'line': b"writing manifest file '../../build/planning/planning.egg-info/SOURCES.txt'\n"}
[1.719190] (planning) StdoutLine: {'line': b'running build\n'}
[1.719481] (planning) StdoutLine: {'line': b'running build_py\n'}
[1.720169] (planning) StdoutLine: {'line': b'running install\n'}
[1.720649] (planning) StdoutLine: {'line': b'running install_lib\n'}
[1.720750] (ros2_aruco_interfaces) StdoutLine: {'line': b'-- Up-to-date: /home/cc/ee106a/fa25/class/ee106a-add/106A-CATCH/CATCH/install/ros2_aruco_interfaces/include/ros2_aruco_interfaces/ros2_aruco_interfaces\n'}
[1.722171] (ros2_aruco_interfaces) StdoutLine: {'line': b'-- Up-to-date: /home/cc/ee106a/fa25/class/ee106a-add/106A-CATCH/CATCH/install/ros2_aruco_interfaces/include/ros2_aruco_interfaces/ros2_aruco_interfaces/msg\n'}
[1.722351] (planning) StdoutLine: {'line': b'running install_data\n'}
[1.722398] (planning) StdoutLine: {'line': b'running install_egg_info\n'}
[1.723756] (ros2_aruco_interfaces) StdoutLine: {'line': b'-- Up-to-date: /home/cc/ee106a/fa25/class/ee106a-add/106A-CATCH/CATCH/install/ros2_aruco_interfaces/include/ros2_aruco_interfaces/ros2_aruco_interfaces/msg/aruco_markers.hpp\n'}
[1.724223] (planning) StdoutLine: {'line': b"removing '/home/cc/ee106a/fa25/class/ee106a-add/106A-CATCH/CATCH/install/planning/lib/python3.10/site-packages/planning-0.0.0-py3.10.egg-info' (and everything under it)\n"}
[1.724447] (ros2_aruco_interfaces) StdoutLine: {'line': b'-- Up-to-date: /home/cc/ee106a/fa25/class/ee106a-add/106A-CATCH/CATCH/install/ros2_aruco_interfaces/include/ros2_aruco_interfaces/ros2_aruco_interfaces/msg/rosidl_generator_cpp__visibility_control.hpp\n'}
[1.725174] (ros2_aruco_interfaces) StdoutLine: {'line': b'-- Up-to-date: /home/cc/ee106a/fa25/class/ee106a-add/106A-CATCH/CATCH/install/ros2_aruco_interfaces/include/ros2_aruco_interfaces/ros2_aruco_interfaces/msg/detail\n'}
[1.726802] (ros2_aruco_interfaces) StdoutLine: {'line': b'-- Up-to-date: /home/cc/ee106a/fa25/class/ee106a-add/106A-CATCH/CATCH/install/ros2_aruco_interfaces/include/ros2_aruco_interfaces/ros2_aruco_interfaces/msg/detail/aruco_markers__builder.hpp\n'}
[1.727678] (ros2_aruco_interfaces) StdoutLine: {'line': b'-- Up-to-date: /home/cc/ee106a/fa25/class/ee106a-add/106A-CATCH/CATCH/install/ros2_aruco_interfaces/include/ros2_aruco_interfaces/ros2_aruco_interfaces/msg/detail/aruco_markers__struct.hpp\n'}
[1.728334] (ros2_aruco_interfaces) StdoutLine: {'line': b'-- Up-to-date: /home/cc/ee106a/fa25/class/ee106a-add/106A-CATCH/CATCH/install/ros2_aruco_interfaces/include/ros2_aruco_interfaces/ros2_aruco_interfaces/msg/detail/aruco_markers__traits.hpp\n'}
[1.729220] (ros2_aruco_interfaces) StdoutLine: {'line': b'-- Up-to-date: /home/cc/ee106a/fa25/class/ee106a-add/106A-CATCH/CATCH/install/ros2_aruco_interfaces/include/ros2_aruco_interfaces/ros2_aruco_interfaces/msg/detail/aruco_markers__type_support.hpp\n'}
[1.729805] (planning) StdoutLine: {'line': b'Copying ../../build/planning/planning.egg-info to /home/cc/ee106a/fa25/class/ee106a-add/106A-CATCH/CATCH/install/planning/lib/python3.10/site-packages/planning-0.0.0-py3.10.egg-info\n'}
[1.729871] (ros2_aruco_interfaces) StdoutLine: {'line': b'-- Up-to-date: /home/cc/ee106a/fa25/class/ee106a-add/106A-CATCH/CATCH/install/ros2_aruco_interfaces/include/ros2_aruco_interfaces/ros2_aruco_interfaces/srv\n'}
[1.730920] (ros2_aruco_interfaces) StdoutLine: {'line': b'-- Up-to-date: /home/cc/ee106a/fa25/class/ee106a-add/106A-CATCH/CATCH/install/ros2_aruco_interfaces/include/ros2_aruco_interfaces/ros2_aruco_interfaces/srv/store_transform.hpp\n'}
[1.731715] (ros2_aruco_interfaces) StdoutLine: {'line': b'-- Up-to-date: /home/cc/ee106a/fa25/class/ee106a-add/106A-CATCH/CATCH/install/ros2_aruco_interfaces/include/ros2_aruco_interfaces/ros2_aruco_interfaces/srv/detail\n'}
[1.733267] (ros2_aruco_interfaces) StdoutLine: {'line': b'-- Up-to-date: /home/cc/ee106a/fa25/class/ee106a-add/106A-CATCH/CATCH/install/ros2_aruco_interfaces/include/ros2_aruco_interfaces/ros2_aruco_interfaces/srv/detail/store_transform__builder.hpp\n'}
[1.733997] (ros2_aruco_interfaces) StdoutLine: {'line': b'-- Up-to-date: /home/cc/ee106a/fa25/class/ee106a-add/106A-CATCH/CATCH/install/ros2_aruco_interfaces/include/ros2_aruco_interfaces/ros2_aruco_interfaces/srv/detail/store_transform__struct.hpp\n'}
[1.734290] (perception) StdoutLine: {'line': b'running egg_info\n'}
[1.734835] (ros2_aruco_interfaces) StdoutLine: {'line': b'-- Up-to-date: /home/cc/ee106a/fa25/class/ee106a-add/106A-CATCH/CATCH/install/ros2_aruco_interfaces/include/ros2_aruco_interfaces/ros2_aruco_interfaces/srv/detail/store_transform__traits.hpp\n'}
[1.735067] (perception) StdoutLine: {'line': b'writing ../../build/perception/perception.egg-info/PKG-INFO\n'}
[1.735583] (ros2_aruco_interfaces) StdoutLine: {'line': b'-- Up-to-date: /home/cc/ee106a/fa25/class/ee106a-add/106A-CATCH/CATCH/install/ros2_aruco_interfaces/include/ros2_aruco_interfaces/ros2_aruco_interfaces/srv/detail/store_transform__type_support.hpp\n'}
[1.736221] (ros2_aruco_interfaces) StdoutLine: {'line': b'-- Up-to-date: /home/cc/ee106a/fa25/class/ee106a-add/106A-CATCH/CATCH/install/ros2_aruco_interfaces/include/ros2_aruco_interfaces/ros2_aruco_interfaces\n'}
[1.737669] (ros2_aruco_interfaces) StdoutLine: {'line': b'-- Up-to-date: /home/cc/ee106a/fa25/class/ee106a-add/106A-CATCH/CATCH/install/ros2_aruco_interfaces/include/ros2_aruco_interfaces/ros2_aruco_interfaces/msg\n'}
[1.738994] (perception) StdoutLine: {'line': b'writing dependency_links to ../../build/perception/perception.egg-info/dependency_links.txt\n'}
[1.739360] (ros2_aruco_interfaces) StdoutLine: {'line': b'-- Up-to-date: /home/cc/ee106a/fa25/class/ee106a-add/106A-CATCH/CATCH/install/ros2_aruco_interfaces/include/ros2_aruco_interfaces/ros2_aruco_interfaces/msg/detail\n'}
[1.740859] (ros2_aruco_interfaces) StdoutLine: {'line': b'-- Up-to-date: /home/cc/ee106a/fa25/class/ee106a-add/106A-CATCH/CATCH/install/ros2_aruco_interfaces/include/ros2_aruco_interfaces/ros2_aruco_interfaces/msg/detail/aruco_markers__rosidl_typesupport_fastrtps_cpp.hpp\n'}
[1.741570] (ros2_aruco_interfaces) StdoutLine: {'line': b'-- Up-to-date: /home/cc/ee106a/fa25/class/ee106a-add/106A-CATCH/CATCH/install/ros2_aruco_interfaces/include/ros2_aruco_interfaces/ros2_aruco_interfaces/msg/detail/dds_fastrtps\n'}
[1.742288] (perception) StdoutLine: {'line': b'writing entry points to ../../build/perception/perception.egg-info/entry_points.txt\n'}
[1.742906] (ros2_aruco_interfaces) StdoutLine: {'line': b'-- Up-to-date: /home/cc/ee106a/fa25/class/ee106a-add/106A-CATCH/CATCH/install/ros2_aruco_interfaces/include/ros2_aruco_interfaces/ros2_aruco_interfaces/msg/rosidl_typesupport_fastrtps_cpp__visibility_control.h\n'}
[1.743630] (ros2_aruco_interfaces) StdoutLine: {'line': b'-- Up-to-date: /home/cc/ee106a/fa25/class/ee106a-add/106A-CATCH/CATCH/install/ros2_aruco_interfaces/include/ros2_aruco_interfaces/ros2_aruco_interfaces/srv\n'}
[1.744976] (ros2_aruco_interfaces) StdoutLine: {'line': b'-- Up-to-date: /home/cc/ee106a/fa25/class/ee106a-add/106A-CATCH/CATCH/install/ros2_aruco_interfaces/include/ros2_aruco_interfaces/ros2_aruco_interfaces/srv/detail\n'}
[1.745488] (perception) StdoutLine: {'line': b'writing requirements to ../../build/perception/perception.egg-info/requires.txt\n'}
[1.746304] (ros2_aruco_interfaces) StdoutLine: {'line': b'-- Up-to-date: /home/cc/ee106a/fa25/class/ee106a-add/106A-CATCH/CATCH/install/ros2_aruco_interfaces/include/ros2_aruco_interfaces/ros2_aruco_interfaces/srv/detail/store_transform__rosidl_typesupport_fastrtps_cpp.hpp\n'}
[1.746851] (ros2_aruco_interfaces) StdoutLine: {'line': b'-- Up-to-date: /home/cc/ee106a/fa25/class/ee106a-add/106A-CATCH/CATCH/install/ros2_aruco_interfaces/include/ros2_aruco_interfaces/ros2_aruco_interfaces/srv/detail/dds_fastrtps\n'}
[1.747297] (perception) StdoutLine: {'line': b'writing top-level names to ../../build/perception/perception.egg-info/top_level.txt\n'}
[1.749201] (ros2_aruco_interfaces) StdoutLine: {'line': b'-- Up-to-date: /home/cc/ee106a/fa25/class/ee106a-add/106A-CATCH/CATCH/install/ros2_aruco_interfaces/lib/libros2_aruco_interfaces__rosidl_typesupport_fastrtps_cpp.so\n'}
[1.750203] (ros2_aruco) StdoutLine: {'line': b'running egg_info\n'}
[1.751015] (ros2_aruco) StdoutLine: {'line': b'writing ../../../build/ros2_aruco/ros2_aruco.egg-info/PKG-INFO\n'}
[1.752897] (ros2_aruco_interfaces) StdoutLine: {'line': b'-- Up-to-date: /home/cc/ee106a/fa25/class/ee106a-add/106A-CATCH/CATCH/install/ros2_aruco_interfaces/include/ros2_aruco_interfaces/ros2_aruco_interfaces\n'}
[1.753237] (perception) StdoutLine: {'line': b"reading manifest file '../../build/perception/perception.egg-info/SOURCES.txt'\n"}
[1.754243] (ros2_aruco_interfaces) StdoutLine: {'line': b'-- Up-to-date: /home/cc/ee106a/fa25/class/ee106a-add/106A-CATCH/CATCH/install/ros2_aruco_interfaces/include/ros2_aruco_interfaces/ros2_aruco_interfaces/msg\n'}
[1.754499] (ros2_aruco) StdoutLine: {'line': b'writing dependency_links to ../../../build/ros2_aruco/ros2_aruco.egg-info/dependency_links.txt\n'}
[1.755550] (ros2_aruco_interfaces) StdoutLine: {'line': b'-- Up-to-date: /home/cc/ee106a/fa25/class/ee106a-add/106A-CATCH/CATCH/install/ros2_aruco_interfaces/include/ros2_aruco_interfaces/ros2_aruco_interfaces/msg/detail\n'}
[1.756096] (perception) StdoutLine: {'line': b"writing manifest file '../../build/perception/perception.egg-info/SOURCES.txt'\n"}
[1.757073] (ros2_aruco_interfaces) StdoutLine: {'line': b'-- Up-to-date: /home/cc/ee106a/fa25/class/ee106a-add/106A-CATCH/CATCH/install/ros2_aruco_interfaces/include/ros2_aruco_interfaces/ros2_aruco_interfaces/msg/detail/aruco_markers__rosidl_typesupport_introspection_c.h\n'}
[1.757848] (ros2_aruco_interfaces) StdoutLine: {'line': b'-- Up-to-date: /home/cc/ee106a/fa25/class/ee106a-add/106A-CATCH/CATCH/install/ros2_aruco_interfaces/include/ros2_aruco_interfaces/ros2_aruco_interfaces/msg/detail/aruco_markers__type_support.c\n'}
[1.757937] (ros2_aruco) StdoutLine: {'line': b'writing entry points to ../../../build/ros2_aruco/ros2_aruco.egg-info/entry_points.txt\n'}
[1.758021] (perception) StdoutLine: {'line': b'running build\n'}
[1.758078] (perception) StdoutLine: {'line': b'running build_py\n'}
[1.758541] (perception) StdoutLine: {'line': b'copying perception/blob_detector_ros2.py -> /home/cc/ee106a/fa25/class/ee106a-add/106A-CATCH/CATCH/build/perception/build/lib/perception\n'}
[1.759035] (ros2_aruco_interfaces) StdoutLine: {'line': b'-- Up-to-date: /home/cc/ee106a/fa25/class/ee106a-add/106A-CATCH/CATCH/install/ros2_aruco_interfaces/include/ros2_aruco_interfaces/ros2_aruco_interfaces/msg/rosidl_typesupport_introspection_c__visibility_control.h\n'}
[1.759660] (ros2_aruco_interfaces) StdoutLine: {'line': b'-- Up-to-date: /home/cc/ee106a/fa25/class/ee106a-add/106A-CATCH/CATCH/install/ros2_aruco_interfaces/include/ros2_aruco_interfaces/ros2_aruco_interfaces/srv\n'}
[1.760450] (ros2_aruco_interfaces) StdoutLine: {'line': b'-- Up-to-date: /home/cc/ee106a/fa25/class/ee106a-add/106A-CATCH/CATCH/install/ros2_aruco_interfaces/include/ros2_aruco_interfaces/ros2_aruco_interfaces/srv/detail\n'}
[1.760746] (ros2_aruco) StdoutLine: {'line': b'writing requirements to ../../../build/ros2_aruco/ros2_aruco.egg-info/requires.txt\n'}
[1.762168] (ros2_aruco_interfaces) StdoutLine: {'line': b'-- Up-to-date: /home/cc/ee106a/fa25/class/ee106a-add/106A-CATCH/CATCH/install/ros2_aruco_interfaces/include/ros2_aruco_interfaces/ros2_aruco_interfaces/srv/detail/store_transform__rosidl_typesupport_introspection_c.h\n'}
[1.762727] (ros2_aruco_interfaces) StdoutLine: {'line': b'-- Up-to-date: /home/cc/ee106a/fa25/class/ee106a-add/106A-CATCH/CATCH/install/ros2_aruco_interfaces/include/ros2_aruco_interfaces/ros2_aruco_interfaces/srv/detail/store_transform__type_support.c\n'}
[1.763870] (ros2_aruco) StdoutLine: {'line': b'writing top-level names to ../../../build/ros2_aruco/ros2_aruco.egg-info/top_level.txt\n'}
[1.764681] (perception) StdoutLine: {'line': b'running install\n'}
[1.764916] (perception) StdoutLine: {'line': b'running install_lib\n'}
[1.765046] (planning) StdoutLine: {'line': b'running install_scripts\n'}
[1.765169] (ros2_aruco_interfaces) StdoutLine: {'line': b'-- Up-to-date: /home/cc/ee106a/fa25/class/ee106a-add/106A-CATCH/CATCH/install/ros2_aruco_interfaces/lib/libros2_aruco_interfaces__rosidl_typesupport_introspection_c.so\n'}
[1.766964] (perception) StdoutLine: {'line': b'copying /home/cc/ee106a/fa25/class/ee106a-add/106A-CATCH/CATCH/build/perception/build/lib/perception/blob_detector_ros2.py -> /home/cc/ee106a/fa25/class/ee106a-add/106A-CATCH/CATCH/install/perception/lib/python3.10/site-packages/perception\n'}
[1.770313] (ros2_aruco_interfaces) StdoutLine: {'line': b'-- Up-to-date: /home/cc/ee106a/fa25/class/ee106a-add/106A-CATCH/CATCH/install/ros2_aruco_interfaces/lib/libros2_aruco_interfaces__rosidl_typesupport_c.so\n'}
[1.770435] (ros2_aruco) StdoutLine: {'line': b"reading manifest file '../../../build/ros2_aruco/ros2_aruco.egg-info/SOURCES.txt'\n"}
[1.773232] (perception) StdoutLine: {'line': b'byte-compiling /home/cc/ee106a/fa25/class/ee106a-add/106A-CATCH/CATCH/install/perception/lib/python3.10/site-packages/perception/blob_detector_ros2.py to blob_detector_ros2.cpython-310.pyc\n'}
[1.773504] (ros2_aruco_interfaces) StdoutLine: {'line': b'-- Up-to-date: /home/cc/ee106a/fa25/class/ee106a-add/106A-CATCH/CATCH/install/ros2_aruco_interfaces/include/ros2_aruco_interfaces/ros2_aruco_interfaces\n'}
[1.773928] (ros2_aruco) StdoutLine: {'line': b"writing manifest file '../../../build/ros2_aruco/ros2_aruco.egg-info/SOURCES.txt'\n"}
[1.774934] (ros2_aruco_interfaces) StdoutLine: {'line': b'-- Up-to-date: /home/cc/ee106a/fa25/class/ee106a-add/106A-CATCH/CATCH/install/ros2_aruco_interfaces/include/ros2_aruco_interfaces/ros2_aruco_interfaces/msg\n'}
[1.775658] (ros2_aruco) StdoutLine: {'line': b'running build\n'}
[1.775806] (ros2_aruco) StdoutLine: {'line': b'running build_py\n'}
[1.776371] (ros2_aruco_interfaces) StdoutLine: {'line': b'-- Up-to-date: /home/cc/ee106a/fa25/class/ee106a-add/106A-CATCH/CATCH/install/ros2_aruco_interfaces/include/ros2_aruco_interfaces/ros2_aruco_interfaces/msg/detail\n'}
[1.776884] (ros2_aruco) StdoutLine: {'line': b'running install\n'}
[1.777269] (ros2_aruco) StdoutLine: {'line': b'running install_lib\n'}
[1.777767] (ros2_aruco_interfaces) StdoutLine: {'line': b'-- Up-to-date: /home/cc/ee106a/fa25/class/ee106a-add/106A-CATCH/CATCH/install/ros2_aruco_interfaces/include/ros2_aruco_interfaces/ros2_aruco_interfaces/msg/detail/aruco_markers__rosidl_typesupport_introspection_cpp.hpp\n'}
[1.778592] (ros2_aruco_interfaces) StdoutLine: {'line': b'-- Up-to-date: /home/cc/ee106a/fa25/class/ee106a-add/106A-CATCH/CATCH/install/ros2_aruco_interfaces/include/ros2_aruco_interfaces/ros2_aruco_interfaces/msg/detail/aruco_markers__type_support.cpp\n'}
[1.779263] (perception) StdoutLine: {'line': b'running install_data\n'}
[1.779427] (perception) StdoutLine: {'line': b'running install_egg_info\n'}
[1.779592] (ros2_aruco_interfaces) StdoutLine: {'line': b'-- Up-to-date: /home/cc/ee106a/fa25/class/ee106a-add/106A-CATCH/CATCH/install/ros2_aruco_interfaces/include/ros2_aruco_interfaces/ros2_aruco_interfaces/srv\n'}
[1.779793] (ros2_aruco) StdoutLine: {'line': b'running install_data\n'}
[1.780023] (ros2_aruco) StdoutLine: {'line': b'running install_egg_info\n'}
[1.780736] (ros2_aruco_interfaces) StdoutLine: {'line': b'-- Up-to-date: /home/cc/ee106a/fa25/class/ee106a-add/106A-CATCH/CATCH/install/ros2_aruco_interfaces/include/ros2_aruco_interfaces/ros2_aruco_interfaces/srv/detail\n'}
[1.781859] (ros2_aruco_interfaces) StdoutLine: {'line': b'-- Up-to-date: /home/cc/ee106a/fa25/class/ee106a-add/106A-CATCH/CATCH/install/ros2_aruco_interfaces/include/ros2_aruco_interfaces/ros2_aruco_interfaces/srv/detail/store_transform__rosidl_typesupport_introspection_cpp.hpp\n'}
[1.782142] (perception) StdoutLine: {'line': b"removing '/home/cc/ee106a/fa25/class/ee106a-add/106A-CATCH/CATCH/install/perception/lib/python3.10/site-packages/perception-0.0.0-py3.10.egg-info' (and everything under it)\n"}
[1.782604] (ros2_aruco_interfaces) StdoutLine: {'line': b'-- Up-to-date: /home/cc/ee106a/fa25/class/ee106a-add/106A-CATCH/CATCH/install/ros2_aruco_interfaces/include/ros2_aruco_interfaces/ros2_aruco_interfaces/srv/detail/store_transform__type_support.cpp\n'}
[1.782780] (ros2_aruco) StdoutLine: {'line': b"removing '/home/cc/ee106a/fa25/class/ee106a-add/106A-CATCH/CATCH/install/ros2_aruco/lib/python3.10/site-packages/ros2_aruco-0.1.0-py3.10.egg-info' (and everything under it)\n"}
[1.784342] (ros2_aruco_interfaces) StdoutLine: {'line': b'-- Up-to-date: /home/cc/ee106a/fa25/class/ee106a-add/106A-CATCH/CATCH/install/ros2_aruco_interfaces/lib/libros2_aruco_interfaces__rosidl_typesupport_introspection_cpp.so\n'}
[1.787031] (perception) StdoutLine: {'line': b'Copying ../../build/perception/perception.egg-info to /home/cc/ee106a/fa25/class/ee106a-add/106A-CATCH/CATCH/install/perception/lib/python3.10/site-packages/perception-0.0.0-py3.10.egg-info\n'}
[1.787616] (ros2_aruco) StdoutLine: {'line': b'Copying ../../../build/ros2_aruco/ros2_aruco.egg-info to /home/cc/ee106a/fa25/class/ee106a-add/106A-CATCH/CATCH/install/ros2_aruco/lib/python3.10/site-packages/ros2_aruco-0.1.0-py3.10.egg-info\n'}
[1.788996] (ros2_aruco_interfaces) StdoutLine: {'line': b'-- Up-to-date: /home/cc/ee106a/fa25/class/ee106a-add/106A-CATCH/CATCH/install/ros2_aruco_interfaces/lib/libros2_aruco_interfaces__rosidl_typesupport_cpp.so\n'}
[1.790678] (planning) StdoutLine: {'line': b'Installing main script to /home/cc/ee106a/fa25/class/ee106a-add/106A-CATCH/CATCH/install/planning/lib/planning\n'}
[1.793466] (ros2_aruco_interfaces) StdoutLine: {'line': b'-- Up-to-date: /home/cc/ee106a/fa25/class/ee106a-add/106A-CATCH/CATCH/install/ros2_aruco_interfaces/share/ros2_aruco_interfaces/environment/pythonpath.sh\n'}
[1.793945] (ros2_aruco_interfaces) StdoutLine: {'line': b'-- Up-to-date: /home/cc/ee106a/fa25/class/ee106a-add/106A-CATCH/CATCH/install/ros2_aruco_interfaces/share/ros2_aruco_interfaces/environment/pythonpath.dsv\n'}
[1.794465] (planning) StdoutLine: {'line': b'Installing tf script to /home/cc/ee106a/fa25/class/ee106a-add/106A-CATCH/CATCH/install/planning/lib/planning\n'}
[1.794894] (ros2_aruco_interfaces) StdoutLine: {'line': b'-- Up-to-date: /home/cc/ee106a/fa25/class/ee106a-add/106A-CATCH/CATCH/install/ros2_aruco_interfaces/local/lib/python3.10/dist-packages/ros2_aruco_interfaces-0.1.0-py3.10.egg-info\n'}
[1.796491] (ros2_aruco_interfaces) StdoutLine: {'line': b'-- Installing: /home/cc/ee106a/fa25/class/ee106a-add/106A-CATCH/CATCH/install/ros2_aruco_interfaces/local/lib/python3.10/dist-packages/ros2_aruco_interfaces-0.1.0-py3.10.egg-info/PKG-INFO\n'}
[1.798270] (planning) StdoutLine: {'line': b"writing list of installed files to '/home/cc/ee106a/fa25/class/ee106a-add/106A-CATCH/CATCH/build/planning/install.log'\n"}
[1.801985] (-) TimerEvent: {}
[1.807708] (ros2_aruco_interfaces) StdoutLine: {'line': b'-- Installing: /home/cc/ee106a/fa25/class/ee106a-add/106A-CATCH/CATCH/install/ros2_aruco_interfaces/local/lib/python3.10/dist-packages/ros2_aruco_interfaces-0.1.0-py3.10.egg-info/dependency_links.txt\n'}
[1.817486] (ros2_aruco_interfaces) StdoutLine: {'line': b'-- Installing: /home/cc/ee106a/fa25/class/ee106a-add/106A-CATCH/CATCH/install/ros2_aruco_interfaces/local/lib/python3.10/dist-packages/ros2_aruco_interfaces-0.1.0-py3.10.egg-info/top_level.txt\n'}
[1.823579] (planning) CommandEnded: {'returncode': 0}
[1.827278] (ros2_aruco_interfaces) StdoutLine: {'line': b'-- Installing: /home/cc/ee106a/fa25/class/ee106a-add/106A-CATCH/CATCH/install/ros2_aruco_interfaces/local/lib/python3.10/dist-packages/ros2_aruco_interfaces-0.1.0-py3.10.egg-info/SOURCES.txt\n'}
[1.827398] (perception) StdoutLine: {'line': b'running install_scripts\n'}
[1.830314] (ros2_aruco) StdoutLine: {'line': b'running install_scripts\n'}
[1.834550] (ros2_aruco_interfaces) StdoutLine: {'line': b'-- Up-to-date: /home/cc/ee106a/fa25/class/ee106a-add/106A-CATCH/CATCH/install/ros2_aruco_interfaces/local/lib/python3.10/dist-packages/ros2_aruco_interfaces\n'}
[1.836083] (ros2_aruco_interfaces) StdoutLine: {'line': b'-- Up-to-date: /home/cc/ee106a/fa25/class/ee106a-add/106A-CATCH/CATCH/install/ros2_aruco_interfaces/local/lib/python3.10/dist-packages/ros2_aruco_interfaces/__init__.py\n'}
[1.836808] (ros2_aruco_interfaces) StdoutLine: {'line': b'-- Up-to-date: /home/cc/ee106a/fa25/class/ee106a-add/106A-CATCH/CATCH/install/ros2_aruco_interfaces/local/lib/python3.10/dist-packages/ros2_aruco_interfaces/msg\n'}
[1.838233] (ros2_aruco_interfaces) StdoutLine: {'line': b'-- Up-to-date: /home/cc/ee106a/fa25/class/ee106a-add/106A-CATCH/CATCH/install/ros2_aruco_interfaces/local/lib/python3.10/dist-packages/ros2_aruco_interfaces/msg/_aruco_markers.py\n'}
[1.839055] (ros2_aruco_interfaces) StdoutLine: {'line': b'-- Up-to-date: /home/cc/ee106a/fa25/class/ee106a-add/106A-CATCH/CATCH/install/ros2_aruco_interfaces/local/lib/python3.10/dist-packages/ros2_aruco_interfaces/msg/_aruco_markers_s.c\n'}
[1.839779] (ros2_aruco_interfaces) StdoutLine: {'line': b'-- Up-to-date: /home/cc/ee106a/fa25/class/ee106a-add/106A-CATCH/CATCH/install/ros2_aruco_interfaces/local/lib/python3.10/dist-packages/ros2_aruco_interfaces/msg/__init__.py\n'}
[1.840510] (ros2_aruco_interfaces) StdoutLine: {'line': b'-- Up-to-date: /home/cc/ee106a/fa25/class/ee106a-add/106A-CATCH/CATCH/install/ros2_aruco_interfaces/local/lib/python3.10/dist-packages/ros2_aruco_interfaces/srv\n'}
[1.841743] (ros2_aruco_interfaces) StdoutLine: {'line': b'-- Up-to-date: /home/cc/ee106a/fa25/class/ee106a-add/106A-CATCH/CATCH/install/ros2_aruco_interfaces/local/lib/python3.10/dist-packages/ros2_aruco_interfaces/srv/_store_transform.py\n'}
[1.842432] (ros2_aruco_interfaces) StdoutLine: {'line': b'-- Up-to-date: /home/cc/ee106a/fa25/class/ee106a-add/106A-CATCH/CATCH/install/ros2_aruco_interfaces/local/lib/python3.10/dist-packages/ros2_aruco_interfaces/srv/_store_transform_s.c\n'}
[1.843122] (ros2_aruco_interfaces) StdoutLine: {'line': b'-- Up-to-date: /home/cc/ee106a/fa25/class/ee106a-add/106A-CATCH/CATCH/install/ros2_aruco_interfaces/local/lib/python3.10/dist-packages/ros2_aruco_interfaces/srv/__init__.py\n'}
[1.843912] (ros2_aruco_interfaces) StdoutLine: {'line': b'-- Up-to-date: /home/cc/ee106a/fa25/class/ee106a-add/106A-CATCH/CATCH/install/ros2_aruco_interfaces/local/lib/python3.10/dist-packages/ros2_aruco_interfaces/_ros2_aruco_interfaces_s.ep.rosidl_typesupport_fastrtps_c.c\n'}
[1.844530] (ros2_aruco_interfaces) StdoutLine: {'line': b'-- Up-to-date: /home/cc/ee106a/fa25/class/ee106a-add/106A-CATCH/CATCH/install/ros2_aruco_interfaces/local/lib/python3.10/dist-packages/ros2_aruco_interfaces/_ros2_aruco_interfaces_s.ep.rosidl_typesupport_introspection_c.c\n'}
[1.845468] (ros2_aruco_interfaces) StdoutLine: {'line': b'-- Up-to-date: /home/cc/ee106a/fa25/class/ee106a-add/106A-CATCH/CATCH/install/ros2_aruco_interfaces/local/lib/python3.10/dist-packages/ros2_aruco_interfaces/_ros2_aruco_interfaces_s.ep.rosidl_typesupport_c.c\n'}
[1.846446] (ros2_aruco_interfaces) StdoutLine: {'line': b'-- Up-to-date: /home/cc/ee106a/fa25/class/ee106a-add/106A-CATCH/CATCH/install/ros2_aruco_interfaces/local/lib/python3.10/dist-packages/ros2_aruco_interfaces/libros2_aruco_interfaces__rosidl_generator_py.so\n'}
[1.847092] (ros2_aruco_interfaces) StdoutLine: {'line': b'-- Up-to-date: /home/cc/ee106a/fa25/class/ee106a-add/106A-CATCH/CATCH/install/ros2_aruco_interfaces/local/lib/python3.10/dist-packages/ros2_aruco_interfaces/ros2_aruco_interfaces_s__rosidl_typesupport_c.cpython-310-x86_64-linux-gnu.so\n'}
[1.847436] (perception) StdoutLine: {'line': b'Installing ball_trajectory_estimator script to /home/cc/ee106a/fa25/class/ee106a-add/106A-CATCH/CATCH/install/perception/lib/perception\n'}
[1.847958] (ros2_aruco_interfaces) StdoutLine: {'line': b'-- Up-to-date: /home/cc/ee106a/fa25/class/ee106a-add/106A-CATCH/CATCH/install/ros2_aruco_interfaces/local/lib/python3.10/dist-packages/ros2_aruco_interfaces/ros2_aruco_interfaces_s__rosidl_typesupport_fastrtps_c.cpython-310-x86_64-linux-gnu.so\n'}
[1.848680] (ros2_aruco_interfaces) StdoutLine: {'line': b'-- Up-to-date: /home/cc/ee106a/fa25/class/ee106a-add/106A-CATCH/CATCH/install/ros2_aruco_interfaces/local/lib/python3.10/dist-packages/ros2_aruco_interfaces/ros2_aruco_interfaces_s__rosidl_typesupport_introspection_c.cpython-310-x86_64-linux-gnu.so\n'}
[1.849945] (ros2_aruco) StdoutLine: {'line': b'Installing aruco_generate_marker script to /home/cc/ee106a/fa25/class/ee106a-add/106A-CATCH/CATCH/install/ros2_aruco/lib/ros2_aruco\n'}
[1.850667] (perception) StdoutLine: {'line': b'Installing blob_detector script to /home/cc/ee106a/fa25/class/ee106a-add/106A-CATCH/CATCH/install/perception/lib/perception\n'}
[1.852895] (ros2_aruco) StdoutLine: {'line': b'Installing aruco_node script to /home/cc/ee106a/fa25/class/ee106a-add/106A-CATCH/CATCH/install/ros2_aruco/lib/ros2_aruco\n'}
[1.853403] (perception) StdoutLine: {'line': b'Installing color_identifier script to /home/cc/ee106a/fa25/class/ee106a-add/106A-CATCH/CATCH/install/perception/lib/perception\n'}
[1.855621] (ros2_aruco) StdoutLine: {'line': b'Installing aruco_static_tf_node script to /home/cc/ee106a/fa25/class/ee106a-add/106A-CATCH/CATCH/install/ros2_aruco/lib/ros2_aruco\n'}
[1.855898] (perception) StdoutLine: {'line': b'Installing display_plane script to /home/cc/ee106a/fa25/class/ee106a-add/106A-CATCH/CATCH/install/perception/lib/perception\n'}
[1.856234] (planning) JobEnded: {'identifier': 'planning', 'rc': 0}
[1.861684] (perception) StdoutLine: {'line': b'Installing process_depth_image script to /home/cc/ee106a/fa25/class/ee106a-add/106A-CATCH/CATCH/install/perception/lib/perception\n'}
[1.861831] (ros2_aruco) StdoutLine: {'line': b"writing list of installed files to '/home/cc/ee106a/fa25/class/ee106a-add/106A-CATCH/CATCH/build/ros2_aruco/install.log'\n"}
[1.861867] (perception) StdoutLine: {'line': b'Installing zxLS script to /home/cc/ee106a/fa25/class/ee106a-add/106A-CATCH/CATCH/install/perception/lib/perception\n'}
[1.864522] (perception) StdoutLine: {'line': b"writing list of installed files to '/home/cc/ee106a/fa25/class/ee106a-add/106A-CATCH/CATCH/build/perception/install.log'\n"}
[1.878397] (ros2_aruco) CommandEnded: {'returncode': 0}
[1.895691] (ros2_aruco_interfaces) StdoutLine: {'line': b"Listing '/home/cc/ee106a/fa25/class/ee106a-add/106A-CATCH/CATCH/install/ros2_aruco_interfaces/local/lib/python3.10/dist-packages/ros2_aruco_interfaces'...\n"}
[1.895801] (ros2_aruco_interfaces) StdoutLine: {'line': b"Listing '/home/cc/ee106a/fa25/class/ee106a-add/106A-CATCH/CATCH/install/ros2_aruco_interfaces/local/lib/python3.10/dist-packages/ros2_aruco_interfaces/msg'...\n"}
[1.896685] (ros2_aruco_interfaces) StdoutLine: {'line': b"Listing '/home/cc/ee106a/fa25/class/ee106a-add/106A-CATCH/CATCH/install/ros2_aruco_interfaces/local/lib/python3.10/dist-packages/ros2_aruco_interfaces/srv'...\n"}
[1.902016] (ros2_aruco_interfaces) StdoutLine: {'line': b'-- Up-to-date: /home/cc/ee106a/fa25/class/ee106a-add/106A-CATCH/CATCH/install/ros2_aruco_interfaces/local/lib/python3.10/dist-packages/ros2_aruco_interfaces/ros2_aruco_interfaces_s__rosidl_typesupport_fastrtps_c.cpython-310-x86_64-linux-gnu.so\n'}
[1.902081] (-) TimerEvent: {}
[1.906904] (ros2_aruco) JobEnded: {'identifier': 'ros2_aruco', 'rc': 0}
[1.911348] (perception) CommandEnded: {'returncode': 0}
[1.911623] (ros2_aruco_interfaces) StdoutLine: {'line': b'-- Up-to-date: /home/cc/ee106a/fa25/class/ee106a-add/106A-CATCH/CATCH/install/ros2_aruco_interfaces/local/lib/python3.10/dist-packages/ros2_aruco_interfaces/ros2_aruco_interfaces_s__rosidl_typesupport_introspection_c.cpython-310-x86_64-linux-gnu.so\n'}
[1.914928] (ros2_aruco_interfaces) StdoutLine: {'line': b'-- Up-to-date: /home/cc/ee106a/fa25/class/ee106a-add/106A-CATCH/CATCH/install/ros2_aruco_interfaces/local/lib/python3.10/dist-packages/ros2_aruco_interfaces/ros2_aruco_interfaces_s__rosidl_typesupport_c.cpython-310-x86_64-linux-gnu.so\n'}
[1.919271] (ros2_aruco_interfaces) StdoutLine: {'line': b'-- Up-to-date: /home/cc/ee106a/fa25/class/ee106a-add/106A-CATCH/CATCH/install/ros2_aruco_interfaces/lib/libros2_aruco_interfaces__rosidl_generator_py.so\n'}
[1.922873] (ros2_aruco_interfaces) StdoutLine: {'line': b'-- Up-to-date: /home/cc/ee106a/fa25/class/ee106a-add/106A-CATCH/CATCH/install/ros2_aruco_interfaces/share/ros2_aruco_interfaces/msg/ArucoMarkers.idl\n'}
[1.923831] (ros2_aruco_interfaces) StdoutLine: {'line': b'-- Up-to-date: /home/cc/ee106a/fa25/class/ee106a-add/106A-CATCH/CATCH/install/ros2_aruco_interfaces/share/ros2_aruco_interfaces/srv/StoreTransform.idl\n'}
[1.924132] (ros2_aruco_interfaces) StdoutLine: {'line': b'-- Up-to-date: /home/cc/ee106a/fa25/class/ee106a-add/106A-CATCH/CATCH/install/ros2_aruco_interfaces/share/ros2_aruco_interfaces/msg/ArucoMarkers.msg\n'}
[1.924608] (ros2_aruco_interfaces) StdoutLine: {'line': b'-- Up-to-date: /home/cc/ee106a/fa25/class/ee106a-add/106A-CATCH/CATCH/install/ros2_aruco_interfaces/share/ros2_aruco_interfaces/srv/StoreTransform.srv\n'}
[1.925166] (ros2_aruco_interfaces) StdoutLine: {'line': b'-- Up-to-date: /home/cc/ee106a/fa25/class/ee106a-add/106A-CATCH/CATCH/install/ros2_aruco_interfaces/share/ros2_aruco_interfaces/srv/StoreTransform_Request.msg\n'}
[1.925727] (ros2_aruco_interfaces) StdoutLine: {'line': b'-- Up-to-date: /home/cc/ee106a/fa25/class/ee106a-add/106A-CATCH/CATCH/install/ros2_aruco_interfaces/share/ros2_aruco_interfaces/srv/StoreTransform_Response.msg\n'}
[1.926721] (ros2_aruco_interfaces) StdoutLine: {'line': b'-- Up-to-date: /home/cc/ee106a/fa25/class/ee106a-add/106A-CATCH/CATCH/install/ros2_aruco_interfaces/share/ament_index/resource_index/package_run_dependencies/ros2_aruco_interfaces\n'}
[1.927785] (ros2_aruco_interfaces) StdoutLine: {'line': b'-- Up-to-date: /home/cc/ee106a/fa25/class/ee106a-add/106A-CATCH/CATCH/install/ros2_aruco_interfaces/share/ament_index/resource_index/parent_prefix_path/ros2_aruco_interfaces\n'}
[1.927870] (ros2_aruco_interfaces) StdoutLine: {'line': b'-- Up-to-date: /home/cc/ee106a/fa25/class/ee106a-add/106A-CATCH/CATCH/install/ros2_aruco_interfaces/share/ros2_aruco_interfaces/environment/ament_prefix_path.sh\n'}
[1.928881] (ros2_aruco_interfaces) StdoutLine: {'line': b'-- Up-to-date: /home/cc/ee106a/fa25/class/ee106a-add/106A-CATCH/CATCH/install/ros2_aruco_interfaces/share/ros2_aruco_interfaces/environment/ament_prefix_path.dsv\n'}
[1.928966] (ros2_aruco_interfaces) StdoutLine: {'line': b'-- Up-to-date: /home/cc/ee106a/fa25/class/ee106a-add/106A-CATCH/CATCH/install/ros2_aruco_interfaces/share/ros2_aruco_interfaces/environment/path.sh\n'}
[1.929483] (ros2_aruco_interfaces) StdoutLine: {'line': b'-- Up-to-date: /home/cc/ee106a/fa25/class/ee106a-add/106A-CATCH/CATCH/install/ros2_aruco_interfaces/share/ros2_aruco_interfaces/environment/path.dsv\n'}
[1.930032] (ros2_aruco_interfaces) StdoutLine: {'line': b'-- Up-to-date: /home/cc/ee106a/fa25/class/ee106a-add/106A-CATCH/CATCH/install/ros2_aruco_interfaces/share/ros2_aruco_interfaces/local_setup.bash\n'}
[1.930194] (ros2_aruco_interfaces) StdoutLine: {'line': b'-- Up-to-date: /home/cc/ee106a/fa25/class/ee106a-add/106A-CATCH/CATCH/install/ros2_aruco_interfaces/share/ros2_aruco_interfaces/local_setup.sh\n'}
[1.930643] (ros2_aruco_interfaces) StdoutLine: {'line': b'-- Up-to-date: /home/cc/ee106a/fa25/class/ee106a-add/106A-CATCH/CATCH/install/ros2_aruco_interfaces/share/ros2_aruco_interfaces/local_setup.zsh\n'}
[1.931419] (ros2_aruco_interfaces) StdoutLine: {'line': b'-- Up-to-date: /home/cc/ee106a/fa25/class/ee106a-add/106A-CATCH/CATCH/install/ros2_aruco_interfaces/share/ros2_aruco_interfaces/local_setup.dsv\n'}
[1.932492] (ros2_aruco_interfaces) StdoutLine: {'line': b'-- Installing: /home/cc/ee106a/fa25/class/ee106a-add/106A-CATCH/CATCH/install/ros2_aruco_interfaces/share/ros2_aruco_interfaces/package.dsv\n'}
[1.938792] (ros2_aruco_interfaces) StdoutLine: {'line': b'-- Up-to-date: /home/cc/ee106a/fa25/class/ee106a-add/106A-CATCH/CATCH/install/ros2_aruco_interfaces/share/ament_index/resource_index/packages/ros2_aruco_interfaces\n'}
[1.941453] (ros2_aruco_interfaces) StdoutLine: {'line': b'-- Up-to-date: /home/cc/ee106a/fa25/class/ee106a-add/106A-CATCH/CATCH/install/ros2_aruco_interfaces/share/ros2_aruco_interfaces/cmake/export_ros2_aruco_interfaces__rosidl_generator_cExport.cmake\n'}
[1.941763] (ros2_aruco_interfaces) StdoutLine: {'line': b'-- Up-to-date: /home/cc/ee106a/fa25/class/ee106a-add/106A-CATCH/CATCH/install/ros2_aruco_interfaces/share/ros2_aruco_interfaces/cmake/export_ros2_aruco_interfaces__rosidl_generator_cExport-noconfig.cmake\n'}
[1.944336] (ros2_aruco_interfaces) StdoutLine: {'line': b'-- Up-to-date: /home/cc/ee106a/fa25/class/ee106a-add/106A-CATCH/CATCH/install/ros2_aruco_interfaces/share/ros2_aruco_interfaces/cmake/export_ros2_aruco_interfaces__rosidl_typesupport_fastrtps_cExport.cmake\n'}
[1.944738] (ros2_aruco_interfaces) StdoutLine: {'line': b'-- Up-to-date: /home/cc/ee106a/fa25/class/ee106a-add/106A-CATCH/CATCH/install/ros2_aruco_interfaces/share/ros2_aruco_interfaces/cmake/export_ros2_aruco_interfaces__rosidl_typesupport_fastrtps_cExport-noconfig.cmake\n'}
[1.946446] (perception) JobEnded: {'identifier': 'perception', 'rc': 0}
[1.950671] (ros2_aruco_interfaces) StdoutLine: {'line': b'-- Up-to-date: /home/cc/ee106a/fa25/class/ee106a-add/106A-CATCH/CATCH/install/ros2_aruco_interfaces/share/ros2_aruco_interfaces/cmake/export_ros2_aruco_interfaces__rosidl_generator_cppExport.cmake\n'}
[1.950745] (ros2_aruco_interfaces) StdoutLine: {'line': b'-- Up-to-date: /home/cc/ee106a/fa25/class/ee106a-add/106A-CATCH/CATCH/install/ros2_aruco_interfaces/share/ros2_aruco_interfaces/cmake/export_ros2_aruco_interfaces__rosidl_typesupport_fastrtps_cppExport.cmake\n'}
[1.951113] (ros2_aruco_interfaces) StdoutLine: {'line': b'-- Up-to-date: /home/cc/ee106a/fa25/class/ee106a-add/106A-CATCH/CATCH/install/ros2_aruco_interfaces/share/ros2_aruco_interfaces/cmake/export_ros2_aruco_interfaces__rosidl_typesupport_fastrtps_cppExport-noconfig.cmake\n'}
[1.952728] (ros2_aruco_interfaces) StdoutLine: {'line': b'-- Up-to-date: /home/cc/ee106a/fa25/class/ee106a-add/106A-CATCH/CATCH/install/ros2_aruco_interfaces/share/ros2_aruco_interfaces/cmake/ros2_aruco_interfaces__rosidl_typesupport_introspection_cExport.cmake\n'}
[1.953127] (ros2_aruco_interfaces) StdoutLine: {'line': b'-- Up-to-date: /home/cc/ee106a/fa25/class/ee106a-add/106A-CATCH/CATCH/install/ros2_aruco_interfaces/share/ros2_aruco_interfaces/cmake/ros2_aruco_interfaces__rosidl_typesupport_introspection_cExport-noconfig.cmake\n'}
[1.954980] (ros2_aruco_interfaces) StdoutLine: {'line': b'-- Up-to-date: /home/cc/ee106a/fa25/class/ee106a-add/106A-CATCH/CATCH/install/ros2_aruco_interfaces/share/ros2_aruco_interfaces/cmake/ros2_aruco_interfaces__rosidl_typesupport_cExport.cmake\n'}
[1.955300] (ros2_aruco_interfaces) StdoutLine: {'line': b'-- Up-to-date: /home/cc/ee106a/fa25/class/ee106a-add/106A-CATCH/CATCH/install/ros2_aruco_interfaces/share/ros2_aruco_interfaces/cmake/ros2_aruco_interfaces__rosidl_typesupport_cExport-noconfig.cmake\n'}
[1.957113] (ros2_aruco_interfaces) StdoutLine: {'line': b'-- Up-to-date: /home/cc/ee106a/fa25/class/ee106a-add/106A-CATCH/CATCH/install/ros2_aruco_interfaces/share/ros2_aruco_interfaces/cmake/ros2_aruco_interfaces__rosidl_typesupport_introspection_cppExport.cmake\n'}
[1.957465] (ros2_aruco_interfaces) StdoutLine: {'line': b'-- Up-to-date: /home/cc/ee106a/fa25/class/ee106a-add/106A-CATCH/CATCH/install/ros2_aruco_interfaces/share/ros2_aruco_interfaces/cmake/ros2_aruco_interfaces__rosidl_typesupport_introspection_cppExport-noconfig.cmake\n'}
[1.959543] (ros2_aruco_interfaces) StdoutLine: {'line': b'-- Up-to-date: /home/cc/ee106a/fa25/class/ee106a-add/106A-CATCH/CATCH/install/ros2_aruco_interfaces/share/ros2_aruco_interfaces/cmake/ros2_aruco_interfaces__rosidl_typesupport_cppExport.cmake\n'}
[1.959839] (ros2_aruco_interfaces) StdoutLine: {'line': b'-- Up-to-date: /home/cc/ee106a/fa25/class/ee106a-add/106A-CATCH/CATCH/install/ros2_aruco_interfaces/share/ros2_aruco_interfaces/cmake/ros2_aruco_interfaces__rosidl_typesupport_cppExport-noconfig.cmake\n'}
[1.961801] (ros2_aruco_interfaces) StdoutLine: {'line': b'-- Up-to-date: /home/cc/ee106a/fa25/class/ee106a-add/106A-CATCH/CATCH/install/ros2_aruco_interfaces/share/ros2_aruco_interfaces/cmake/export_ros2_aruco_interfaces__rosidl_generator_pyExport.cmake\n'}
[1.962253] (ros2_aruco_interfaces) StdoutLine: {'line': b'-- Up-to-date: /home/cc/ee106a/fa25/class/ee106a-add/106A-CATCH/CATCH/install/ros2_aruco_interfaces/share/ros2_aruco_interfaces/cmake/export_ros2_aruco_interfaces__rosidl_generator_pyExport-noconfig.cmake\n'}
[1.962761] (ros2_aruco_interfaces) StdoutLine: {'line': b'-- Up-to-date: /home/cc/ee106a/fa25/class/ee106a-add/106A-CATCH/CATCH/install/ros2_aruco_interfaces/share/ros2_aruco_interfaces/cmake/rosidl_cmake-extras.cmake\n'}
[1.963139] (ros2_aruco_interfaces) StdoutLine: {'line': b'-- Up-to-date: /home/cc/ee106a/fa25/class/ee106a-add/106A-CATCH/CATCH/install/ros2_aruco_interfaces/share/ros2_aruco_interfaces/cmake/ament_cmake_export_dependencies-extras.cmake\n'}
[1.963545] (ros2_aruco_interfaces) StdoutLine: {'line': b'-- Up-to-date: /home/cc/ee106a/fa25/class/ee106a-add/106A-CATCH/CATCH/install/ros2_aruco_interfaces/share/ros2_aruco_interfaces/cmake/ament_cmake_export_include_directories-extras.cmake\n'}
[1.963864] (ros2_aruco_interfaces) StdoutLine: {'line': b'-- Up-to-date: /home/cc/ee106a/fa25/class/ee106a-add/106A-CATCH/CATCH/install/ros2_aruco_interfaces/share/ros2_aruco_interfaces/cmake/ament_cmake_export_libraries-extras.cmake\n'}
[1.964284] (ros2_aruco_interfaces) StdoutLine: {'line': b'-- Up-to-date: /home/cc/ee106a/fa25/class/ee106a-add/106A-CATCH/CATCH/install/ros2_aruco_interfaces/share/ros2_aruco_interfaces/cmake/ament_cmake_export_targets-extras.cmake\n'}
[1.964728] (ros2_aruco_interfaces) StdoutLine: {'line': b'-- Up-to-date: /home/cc/ee106a/fa25/class/ee106a-add/106A-CATCH/CATCH/install/ros2_aruco_interfaces/share/ros2_aruco_interfaces/cmake/rosidl_cmake_export_typesupport_targets-extras.cmake\n'}
[1.965232] (ros2_aruco_interfaces) StdoutLine: {'line': b'-- Up-to-date: /home/cc/ee106a/fa25/class/ee106a-add/106A-CATCH/CATCH/install/ros2_aruco_interfaces/share/ros2_aruco_interfaces/cmake/rosidl_cmake_export_typesupport_libraries-extras.cmake\n'}
[1.965632] (ros2_aruco_interfaces) StdoutLine: {'line': b'-- Up-to-date: /home/cc/ee106a/fa25/class/ee106a-add/106A-CATCH/CATCH/install/ros2_aruco_interfaces/share/ros2_aruco_interfaces/cmake/ros2_aruco_interfacesConfig.cmake\n'}
[1.966012] (ros2_aruco_interfaces) StdoutLine: {'line': b'-- Up-to-date: /home/cc/ee106a/fa25/class/ee106a-add/106A-CATCH/CATCH/install/ros2_aruco_interfaces/share/ros2_aruco_interfaces/cmake/ros2_aruco_interfacesConfig-version.cmake\n'}
[1.966889] (ros2_aruco_interfaces) StdoutLine: {'line': b'-- Up-to-date: /home/cc/ee106a/fa25/class/ee106a-add/106A-CATCH/CATCH/install/ros2_aruco_interfaces/share/ros2_aruco_interfaces/package.xml\n'}
[1.971593] (ros2_aruco_interfaces) CommandEnded: {'returncode': 0}
[2.002184] (-) TimerEvent: {}
[2.035594] (ros2_aruco_interfaces) JobEnded: {'identifier': 'ros2_aruco_interfaces', 'rc': 0}
[2.039292] (-) EventReactorShutdown: {}
