[0.000000] (-) TimerEvent: {}
[0.000098] (perception) JobQueued: {'identifier': 'perception', 'dependencies': OrderedDict()}
[0.000118] (planning) JobQueued: {'identifier': 'planning', 'dependencies': OrderedDict()}
[0.000130] (ros2_aruco) JobQueued: {'identifier': 'ros2_aruco', 'dependencies': OrderedDict()}
[0.000139] (ros2_aruco_interfaces) JobQueued: {'identifier': 'ros2_aruco_interfaces', 'dependencies': OrderedDict()}
[0.000148] (perception) JobStarted: {'identifier': 'perception'}
[0.040119] (planning) JobStarted: {'identifier': 'planning'}
[0.078809] (ros2_aruco) JobStarted: {'identifier': 'ros2_aruco'}
[0.098930] (-) TimerEvent: {}
[0.107326] (ros2_aruco_interfaces) JobStarted: {'identifier': 'ros2_aruco_interfaces'}
[0.198995] (-) TimerEvent: {}
[0.299179] (-) TimerEvent: {}
[0.399386] (-) TimerEvent: {}
[0.499664] (-) TimerEvent: {}
[0.599884] (-) TimerEvent: {}
[0.700189] (-) TimerEvent: {}
[0.800366] (-) TimerEvent: {}
[0.813915] (ros2_aruco_interfaces) JobProgress: {'identifier': 'ros2_aruco_interfaces', 'progress': 'cmake'}
[0.821882] (ros2_aruco_interfaces) Command: {'cmd': ['/usr/bin/cmake', '/home/cc/ee106a/fa25/class/ee106a-adb/106project/106a-CATCH/lab5/src/ros2_aruco/ros2_aruco_interfaces', '-DCMAKE_INSTALL_PREFIX=/home/cc/ee106a/fa25/class/ee106a-adb/106project/106a-CATCH/install/ros2_aruco_interfaces'], 'cwd': '/home/cc/ee106a/fa25/class/ee106a-adb/106project/106a-CATCH/build/ros2_aruco_interfaces', 'env': OrderedDict([('ARCH', 'x86_64'), ('QT_SCALE_FACTOR', '1'), ('USER', 'ee106a-adb'), ('HOSTNAME', 'ros2'), ('XDG_SESSION_TYPE', 'x11'), ('MASTERDIR', '/home/ff/ee106a'), ('COMPIZ_CONFIG_PROFILE', 'mate'), ('XDG_CACHE_HOME', '/home/cc/ee106a/fa25/class/ee106a-adb/.cache'), ('SHLVL', '2'), ('LD_LIBRARY_PATH', '/usr/lib/x86_64-linux-gnu/gazebo-11/plugins:/opt/ros/humble/opt/rviz_ogre_vendor/lib:/opt/ros/humble/lib/x86_64-linux-gnu:/opt/ros/humble/lib'), ('HOME', '/home/cc/ee106a/fa25/class/ee106a-adb'), ('OLDPWD', '/home/cc/ee106a/fa25/class/ee106a-adb/106project'), ('DESKTOP_SESSION', 'mate'), ('ROS_PYTHON_VERSION', '3'), ('GTK_MODULES', 'gail:atk-bridge:appmenu-gtk-module:gail:atk-bridge:canberra-gtk-module'), ('EE106_UR_ROBOT_IP', '192.168.1.102'), ('DISTROBOX_ENTER_PATH', '/usr/local/bin/distrobox-enter'), ('SYSTEMD_EXEC_PID', '128941'), ('NNTPSERVER', 'news.csua.berkeley.edu'), ('VISUAL', 'emacs'), ('XDG_STATE_HOME', '/home/cc/ee106a/fa25/class/ee106a-adb/.local/state'), ('DBUS_SESSION_BUS_ADDRESS', 'unix:path=/run/user/90079/bus'), ('COLORTERM', 'truecolor'), ('container', 'podman'), ('UBUNTU_MENUPROXY', '1'), ('QT_QPA_PLATFORMTHEME', 'gtk2'), ('COLCON_PREFIX_PATH', '/home/ff/ee106a/robot_workspaces/ur/install'), ('ROS_DISTRO', 'humble'), ('GTK_IM_MODULE', 'ibus'), ('LOGNAME', 'ee106a-adb'), ('MASTER', 'ee106a'), ('WINDOWID', '46137350'), ('ROS_VERSION', '2'), ('XDG_SESSION_CLASS', 'user'), ('TERMINFO_DIRS', '/usr/share/terminfo:/run/host/usr/share/terminfo'), ('USERNAME', 'ee106a-adb'), ('TERM', 'xterm-256color'), ('GTK_OVERLAY_SCROLLING', '0'), ('XDG_SESSION_ID', '74'), ('ROS_LOCALHOST_ONLY', '0'), ('WINDOWPATH', '2'), ('PATH', '/opt/ros/humble/bin:/share/b/grading/bin:/home/ff/ee106a/bin:/home/ff/ee106a/bin/arch/x86_64:/share/b/grading/bin:/home/ff/ee106a/bin:/home/ff/ee106a/bin/arch/x86_64:/usr/local/sbin:/usr/local/bin:/usr/sbin:/usr/bin:/sbin:/bin:/usr/games:/usr/local/games:/snap/bin:/snap/bin:/share/b/grading/bin:/share/b/grading/sbin:/share/b/runas/x86_64:/share/b/bin:/home/ff/ee106a/venvs/all:/usr/local/sbin:/usr/local/bin:/usr/sbin:/usr/bin:/sbin:/bin:/share/b/grading/bin:/share/b/grading/sbin:/share/b/runas/x86_64:/share/b/bin:/home/ff/ee106a/venvs/all'), ('SESSION_MANAGER', 'local/c105-8:@/tmp/.ICE-unix/128992,unix/c105-8:/tmp/.ICE-unix/128992'), ('OS', 'Linux'), ('XDG_RUNTIME_DIR', '/run/user/90079'), ('DISPLAY', ':1'), ('LANG', 'en_US.UTF-8'), ('XDG_CURRENT_DESKTOP', 'MATE'), ('XDG_DATA_HOME', '/home/cc/ee106a/fa25/class/ee106a-adb/.local/share'), ('XDG_CONFIG_HOME', '/home/cc/ee106a/fa25/class/ee106a-adb/.config'), ('XMODIFIERS', '@im=ibus'), ('XDG_SESSION_DESKTOP', 'mate'), ('XAUTHORITY', '/run/user/90079/gdm/Xauthority'), ('SSH_AUTH_SOCK', '/run/user/90079/keyring/ssh'), ('ROS_DOMAIN_ID', '28'), ('AMENT_PREFIX_PATH', '/home/ff/ee106a/robot_workspaces/ur/install/ur7e_utils:/opt/ros/humble'), ('SHELL', '/usr/bin/bash'), ('QT_ACCESSIBILITY', '1'), ('EE106_UR_ROBOT_NAME', 'astroboy'), ('GDMSESSION', 'mate'), ('RUNAS', '/share/b/runas/x86_64'), ('GPG_AGENT_INFO', '/run/user/90079/gnupg/S.gpg-agent:0:1'), ('CONFIG_SHELL', '/usr/bin/ksh'), ('QT_IM_MODULE', 'ibus'), ('PWD', '/home/cc/ee106a/fa25/class/ee106a-adb/106project/106a-CATCH/build/ros2_aruco_interfaces'), ('EE106_ENV_SETUP', 'ur_ros2'), ('CONTAINER_ID', 'ros2'), ('LC_ALL', 'C.UTF-8'), ('XDG_CONFIG_DIRS', '/etc/xdg/xdg-mate:/etc/xdg'), ('CLUTTER_IM_MODULE', 'ibus'), ('XDG_DATA_DIRS', '/usr/share/mate:/usr/share/mate:/usr/share/gnome:/home/cc/ee106a/fa25/class/ee106a-adb/.local/share/flatpak/exports/share:/var/lib/flatpak/exports/share:/usr/local/share/:/usr/share/:/var/lib/snapd/desktop:/usr/local/share:/usr/share'), ('PYTHONPATH', '/home/ff/ee106a/robot_workspaces/ur/install/ur7e_utils/lib/python3.10/site-packages:/opt/ros/humble/lib/python3.10/site-packages:/opt/ros/humble/local/lib/python3.10/dist-packages'), ('MATE_DESKTOP_SESSION_ID', 'this-is-deprecated'), ('COLCON', '1'), ('MANPATH', '/usr/local/man:/usr/man:/usr/X11/man:/usr/local/man:/share/b/grading/man:/usr/local/man:/usr/man:/usr/X11/man:/usr/local/man:/share/b/grading/man:'), ('VTE_VERSION', '6800'), ('EDITOR', 'emacs'), ('QT_FONT_DPI', '122'), ('CMAKE_PREFIX_PATH', '/home/ff/ee106a/robot_workspaces/ur/install/ur7e_utils:/opt/ros/humble')]), 'shell': False}
[1.192987] (-) TimerEvent: {}
[1.293261] (-) TimerEvent: {}
[1.393585] (-) TimerEvent: {}
[1.493981] (-) TimerEvent: {}
[1.594279] (-) TimerEvent: {}
[1.617646] (ros2_aruco_interfaces) StdoutLine: {'line': b'-- The C compiler identification is GNU 11.4.0\n'}
[1.694494] (-) TimerEvent: {}
[1.737890] (ros2_aruco_interfaces) StdoutLine: {'line': b'-- The CXX compiler identification is GNU 11.4.0\n'}
[1.757631] (ros2_aruco_interfaces) StdoutLine: {'line': b'-- Detecting C compiler ABI info\n'}
[1.794617] (-) TimerEvent: {}
[1.894865] (-) TimerEvent: {}
[1.952083] (ros2_aruco_interfaces) StdoutLine: {'line': b'-- Detecting C compiler ABI info - done\n'}
[1.969337] (ros2_aruco_interfaces) StdoutLine: {'line': b'-- Check for working C compiler: /usr/bin/cc - skipped\n'}
[1.971188] (ros2_aruco_interfaces) StdoutLine: {'line': b'-- Detecting C compile features\n'}
[1.990717] (ros2_aruco_interfaces) StdoutLine: {'line': b'-- Detecting C compile features - done\n'}
[1.994922] (-) TimerEvent: {}
[2.008052] (ros2_aruco_interfaces) StdoutLine: {'line': b'-- Detecting CXX compiler ABI info\n'}
[2.027638] (perception) Command: {'cmd': ['/usr/bin/python3', '-W', 'ignore:setup.py install is deprecated', '-W', 'ignore:easy_install command is deprecated', 'setup.py', 'egg_info', '--egg-base', '../../../build/perception', 'build', '--build-base', '/home/cc/ee106a/fa25/class/ee106a-adb/106project/106a-CATCH/build/perception/build', 'install', '--record', '/home/cc/ee106a/fa25/class/ee106a-adb/106project/106a-CATCH/build/perception/install.log', '--single-version-externally-managed', 'install_data'], 'cwd': '/home/cc/ee106a/fa25/class/ee106a-adb/106project/106a-CATCH/lab5/src/perception', 'env': {'ARCH': 'x86_64', 'QT_SCALE_FACTOR': '1', 'USER': 'ee106a-adb', 'HOSTNAME': 'ros2', 'XDG_SESSION_TYPE': 'x11', 'MASTERDIR': '/home/ff/ee106a', 'COMPIZ_CONFIG_PROFILE': 'mate', 'XDG_CACHE_HOME': '/home/cc/ee106a/fa25/class/ee106a-adb/.cache', 'SHLVL': '2', 'LD_LIBRARY_PATH': '/usr/lib/x86_64-linux-gnu/gazebo-11/plugins:/opt/ros/humble/opt/rviz_ogre_vendor/lib:/opt/ros/humble/lib/x86_64-linux-gnu:/opt/ros/humble/lib', 'HOME': '/home/cc/ee106a/fa25/class/ee106a-adb', 'OLDPWD': '/home/cc/ee106a/fa25/class/ee106a-adb/106project', 'DESKTOP_SESSION': 'mate', 'ROS_PYTHON_VERSION': '3', 'GTK_MODULES': 'gail:atk-bridge:appmenu-gtk-module:gail:atk-bridge:canberra-gtk-module', 'EE106_UR_ROBOT_IP': '192.168.1.102', 'DISTROBOX_ENTER_PATH': '/usr/local/bin/distrobox-enter', 'SYSTEMD_EXEC_PID': '128941', 'NNTPSERVER': 'news.csua.berkeley.edu', 'VISUAL': 'emacs', 'XDG_STATE_HOME': '/home/cc/ee106a/fa25/class/ee106a-adb/.local/state', 'DBUS_SESSION_BUS_ADDRESS': 'unix:path=/run/user/90079/bus', 'COLORTERM': 'truecolor', 'container': 'podman', 'UBUNTU_MENUPROXY': '1', 'QT_QPA_PLATFORMTHEME': 'gtk2', 'COLCON_PREFIX_PATH': '/home/ff/ee106a/robot_workspaces/ur/install', 'ROS_DISTRO': 'humble', 'GTK_IM_MODULE': 'ibus', 'LOGNAME': 'ee106a-adb', 'MASTER': 'ee106a', 'WINDOWID': '46137350', 'ROS_VERSION': '2', 'XDG_SESSION_CLASS': 'user', 'TERMINFO_DIRS': '/usr/share/terminfo:/run/host/usr/share/terminfo', 'USERNAME': 'ee106a-adb', 'TERM': 'xterm-256color', 'GTK_OVERLAY_SCROLLING': '0', 'XDG_SESSION_ID': '74', 'ROS_LOCALHOST_ONLY': '0', 'WINDOWPATH': '2', 'PATH': '/opt/ros/humble/bin:/share/b/grading/bin:/home/ff/ee106a/bin:/home/ff/ee106a/bin/arch/x86_64:/share/b/grading/bin:/home/ff/ee106a/bin:/home/ff/ee106a/bin/arch/x86_64:/usr/local/sbin:/usr/local/bin:/usr/sbin:/usr/bin:/sbin:/bin:/usr/games:/usr/local/games:/snap/bin:/snap/bin:/share/b/grading/bin:/share/b/grading/sbin:/share/b/runas/x86_64:/share/b/bin:/home/ff/ee106a/venvs/all:/usr/local/sbin:/usr/local/bin:/usr/sbin:/usr/bin:/sbin:/bin:/share/b/grading/bin:/share/b/grading/sbin:/share/b/runas/x86_64:/share/b/bin:/home/ff/ee106a/venvs/all', 'SESSION_MANAGER': 'local/c105-8:@/tmp/.ICE-unix/128992,unix/c105-8:/tmp/.ICE-unix/128992', 'OS': 'Linux', 'XDG_RUNTIME_DIR': '/run/user/90079', 'DISPLAY': ':1', 'LANG': 'en_US.UTF-8', 'XDG_CURRENT_DESKTOP': 'MATE', 'XDG_DATA_HOME': '/home/cc/ee106a/fa25/class/ee106a-adb/.local/share', 'XDG_CONFIG_HOME': '/home/cc/ee106a/fa25/class/ee106a-adb/.config', 'XMODIFIERS': '@im=ibus', 'XDG_SESSION_DESKTOP': 'mate', 'XAUTHORITY': '/run/user/90079/gdm/Xauthority', 'SSH_AUTH_SOCK': '/run/user/90079/keyring/ssh', 'ROS_DOMAIN_ID': '28', 'AMENT_PREFIX_PATH': '/home/ff/ee106a/robot_workspaces/ur/install/ur7e_utils:/opt/ros/humble', 'SHELL': '/usr/bin/bash', 'QT_ACCESSIBILITY': '1', 'EE106_UR_ROBOT_NAME': 'astroboy', 'GDMSESSION': 'mate', 'RUNAS': '/share/b/runas/x86_64', 'GPG_AGENT_INFO': '/run/user/90079/gnupg/S.gpg-agent:0:1', 'CONFIG_SHELL': '/usr/bin/ksh', 'QT_IM_MODULE': 'ibus', 'PWD': '/home/cc/ee106a/fa25/class/ee106a-adb/106project/106a-CATCH/build/perception', 'EE106_ENV_SETUP': 'ur_ros2', 'CONTAINER_ID': 'ros2', 'LC_ALL': 'C.UTF-8', 'XDG_CONFIG_DIRS': '/etc/xdg/xdg-mate:/etc/xdg', 'CLUTTER_IM_MODULE': 'ibus', 'XDG_DATA_DIRS': '/usr/share/mate:/usr/share/mate:/usr/share/gnome:/home/cc/ee106a/fa25/class/ee106a-adb/.local/share/flatpak/exports/share:/var/lib/flatpak/exports/share:/usr/local/share/:/usr/share/:/var/lib/snapd/desktop:/usr/local/share:/usr/share', 'PYTHONPATH': '/home/cc/ee106a/fa25/class/ee106a-adb/106project/106a-CATCH/build/perception/prefix_override:/usr/lib/python3/dist-packages/colcon_core/task/python/colcon_distutils_commands:/home/cc/ee106a/fa25/class/ee106a-adb/106project/106a-CATCH/install/perception/lib/python3.10/site-packages:/home/ff/ee106a/robot_workspaces/ur/install/ur7e_utils/lib/python3.10/site-packages:/opt/ros/humble/lib/python3.10/site-packages:/opt/ros/humble/local/lib/python3.10/dist-packages', 'MATE_DESKTOP_SESSION_ID': 'this-is-deprecated', 'COLCON': '1', 'MANPATH': '/usr/local/man:/usr/man:/usr/X11/man:/usr/local/man:/share/b/grading/man:/usr/local/man:/usr/man:/usr/X11/man:/usr/local/man:/share/b/grading/man:', 'VTE_VERSION': '6800', 'EDITOR': 'emacs', 'QT_FONT_DPI': '122'}, 'shell': False}
[2.037198] (planning) Command: {'cmd': ['/usr/bin/python3', '-W', 'ignore:setup.py install is deprecated', '-W', 'ignore:easy_install command is deprecated', 'setup.py', 'egg_info', '--egg-base', '../../../build/planning', 'build', '--build-base', '/home/cc/ee106a/fa25/class/ee106a-adb/106project/106a-CATCH/build/planning/build', 'install', '--record', '/home/cc/ee106a/fa25/class/ee106a-adb/106project/106a-CATCH/build/planning/install.log', '--single-version-externally-managed', 'install_data'], 'cwd': '/home/cc/ee106a/fa25/class/ee106a-adb/106project/106a-CATCH/lab5/src/planning', 'env': {'ARCH': 'x86_64', 'QT_SCALE_FACTOR': '1', 'USER': 'ee106a-adb', 'HOSTNAME': 'ros2', 'XDG_SESSION_TYPE': 'x11', 'MASTERDIR': '/home/ff/ee106a', 'COMPIZ_CONFIG_PROFILE': 'mate', 'XDG_CACHE_HOME': '/home/cc/ee106a/fa25/class/ee106a-adb/.cache', 'SHLVL': '2', 'LD_LIBRARY_PATH': '/usr/lib/x86_64-linux-gnu/gazebo-11/plugins:/opt/ros/humble/opt/rviz_ogre_vendor/lib:/opt/ros/humble/lib/x86_64-linux-gnu:/opt/ros/humble/lib', 'HOME': '/home/cc/ee106a/fa25/class/ee106a-adb', 'OLDPWD': '/home/cc/ee106a/fa25/class/ee106a-adb/106project', 'DESKTOP_SESSION': 'mate', 'ROS_PYTHON_VERSION': '3', 'GTK_MODULES': 'gail:atk-bridge:appmenu-gtk-module:gail:atk-bridge:canberra-gtk-module', 'EE106_UR_ROBOT_IP': '192.168.1.102', 'DISTROBOX_ENTER_PATH': '/usr/local/bin/distrobox-enter', 'SYSTEMD_EXEC_PID': '128941', 'NNTPSERVER': 'news.csua.berkeley.edu', 'VISUAL': 'emacs', 'XDG_STATE_HOME': '/home/cc/ee106a/fa25/class/ee106a-adb/.local/state', 'DBUS_SESSION_BUS_ADDRESS': 'unix:path=/run/user/90079/bus', 'COLORTERM': 'truecolor', 'container': 'podman', 'UBUNTU_MENUPROXY': '1', 'QT_QPA_PLATFORMTHEME': 'gtk2', 'COLCON_PREFIX_PATH': '/home/ff/ee106a/robot_workspaces/ur/install', 'ROS_DISTRO': 'humble', 'GTK_IM_MODULE': 'ibus', 'LOGNAME': 'ee106a-adb', 'MASTER': 'ee106a', 'WINDOWID': '46137350', 'ROS_VERSION': '2', 'XDG_SESSION_CLASS': 'user', 'TERMINFO_DIRS': '/usr/share/terminfo:/run/host/usr/share/terminfo', 'USERNAME': 'ee106a-adb', 'TERM': 'xterm-256color', 'GTK_OVERLAY_SCROLLING': '0', 'XDG_SESSION_ID': '74', 'ROS_LOCALHOST_ONLY': '0', 'WINDOWPATH': '2', 'PATH': '/opt/ros/humble/bin:/share/b/grading/bin:/home/ff/ee106a/bin:/home/ff/ee106a/bin/arch/x86_64:/share/b/grading/bin:/home/ff/ee106a/bin:/home/ff/ee106a/bin/arch/x86_64:/usr/local/sbin:/usr/local/bin:/usr/sbin:/usr/bin:/sbin:/bin:/usr/games:/usr/local/games:/snap/bin:/snap/bin:/share/b/grading/bin:/share/b/grading/sbin:/share/b/runas/x86_64:/share/b/bin:/home/ff/ee106a/venvs/all:/usr/local/sbin:/usr/local/bin:/usr/sbin:/usr/bin:/sbin:/bin:/share/b/grading/bin:/share/b/grading/sbin:/share/b/runas/x86_64:/share/b/bin:/home/ff/ee106a/venvs/all', 'SESSION_MANAGER': 'local/c105-8:@/tmp/.ICE-unix/128992,unix/c105-8:/tmp/.ICE-unix/128992', 'OS': 'Linux', 'XDG_RUNTIME_DIR': '/run/user/90079', 'DISPLAY': ':1', 'LANG': 'en_US.UTF-8', 'XDG_CURRENT_DESKTOP': 'MATE', 'XDG_DATA_HOME': '/home/cc/ee106a/fa25/class/ee106a-adb/.local/share', 'XDG_CONFIG_HOME': '/home/cc/ee106a/fa25/class/ee106a-adb/.config', 'XMODIFIERS': '@im=ibus', 'XDG_SESSION_DESKTOP': 'mate', 'XAUTHORITY': '/run/user/90079/gdm/Xauthority', 'SSH_AUTH_SOCK': '/run/user/90079/keyring/ssh', 'ROS_DOMAIN_ID': '28', 'AMENT_PREFIX_PATH': '/home/ff/ee106a/robot_workspaces/ur/install/ur7e_utils:/opt/ros/humble', 'SHELL': '/usr/bin/bash', 'QT_ACCESSIBILITY': '1', 'EE106_UR_ROBOT_NAME': 'astroboy', 'GDMSESSION': 'mate', 'RUNAS': '/share/b/runas/x86_64', 'GPG_AGENT_INFO': '/run/user/90079/gnupg/S.gpg-agent:0:1', 'CONFIG_SHELL': '/usr/bin/ksh', 'QT_IM_MODULE': 'ibus', 'PWD': '/home/cc/ee106a/fa25/class/ee106a-adb/106project/106a-CATCH/build/planning', 'EE106_ENV_SETUP': 'ur_ros2', 'CONTAINER_ID': 'ros2', 'LC_ALL': 'C.UTF-8', 'XDG_CONFIG_DIRS': '/etc/xdg/xdg-mate:/etc/xdg', 'CLUTTER_IM_MODULE': 'ibus', 'XDG_DATA_DIRS': '/usr/share/mate:/usr/share/mate:/usr/share/gnome:/home/cc/ee106a/fa25/class/ee106a-adb/.local/share/flatpak/exports/share:/var/lib/flatpak/exports/share:/usr/local/share/:/usr/share/:/var/lib/snapd/desktop:/usr/local/share:/usr/share', 'PYTHONPATH': '/home/cc/ee106a/fa25/class/ee106a-adb/106project/106a-CATCH/build/planning/prefix_override:/usr/lib/python3/dist-packages/colcon_core/task/python/colcon_distutils_commands:/home/cc/ee106a/fa25/class/ee106a-adb/106project/106a-CATCH/install/planning/lib/python3.10/site-packages:/home/ff/ee106a/robot_workspaces/ur/install/ur7e_utils/lib/python3.10/site-packages:/opt/ros/humble/lib/python3.10/site-packages:/opt/ros/humble/local/lib/python3.10/dist-packages', 'MATE_DESKTOP_SESSION_ID': 'this-is-deprecated', 'COLCON': '1', 'MANPATH': '/usr/local/man:/usr/man:/usr/X11/man:/usr/local/man:/share/b/grading/man:/usr/local/man:/usr/man:/usr/X11/man:/usr/local/man:/share/b/grading/man:', 'VTE_VERSION': '6800', 'EDITOR': 'emacs', 'QT_FONT_DPI': '122'}, 'shell': False}
[2.045268] (ros2_aruco) Command: {'cmd': ['/usr/bin/python3', '-W', 'ignore:setup.py install is deprecated', '-W', 'ignore:easy_install command is deprecated', 'setup.py', 'egg_info', '--egg-base', '../../../../build/ros2_aruco', 'build', '--build-base', '/home/cc/ee106a/fa25/class/ee106a-adb/106project/106a-CATCH/build/ros2_aruco/build', 'install', '--record', '/home/cc/ee106a/fa25/class/ee106a-adb/106project/106a-CATCH/build/ros2_aruco/install.log', '--single-version-externally-managed', 'install_data'], 'cwd': '/home/cc/ee106a/fa25/class/ee106a-adb/106project/106a-CATCH/lab5/src/ros2_aruco/ros2_aruco', 'env': {'ARCH': 'x86_64', 'QT_SCALE_FACTOR': '1', 'USER': 'ee106a-adb', 'HOSTNAME': 'ros2', 'XDG_SESSION_TYPE': 'x11', 'MASTERDIR': '/home/ff/ee106a', 'COMPIZ_CONFIG_PROFILE': 'mate', 'XDG_CACHE_HOME': '/home/cc/ee106a/fa25/class/ee106a-adb/.cache', 'SHLVL': '2', 'LD_LIBRARY_PATH': '/usr/lib/x86_64-linux-gnu/gazebo-11/plugins:/opt/ros/humble/opt/rviz_ogre_vendor/lib:/opt/ros/humble/lib/x86_64-linux-gnu:/opt/ros/humble/lib', 'HOME': '/home/cc/ee106a/fa25/class/ee106a-adb', 'OLDPWD': '/home/cc/ee106a/fa25/class/ee106a-adb/106project', 'DESKTOP_SESSION': 'mate', 'ROS_PYTHON_VERSION': '3', 'GTK_MODULES': 'gail:atk-bridge:appmenu-gtk-module:gail:atk-bridge:canberra-gtk-module', 'EE106_UR_ROBOT_IP': '192.168.1.102', 'DISTROBOX_ENTER_PATH': '/usr/local/bin/distrobox-enter', 'SYSTEMD_EXEC_PID': '128941', 'NNTPSERVER': 'news.csua.berkeley.edu', 'VISUAL': 'emacs', 'XDG_STATE_HOME': '/home/cc/ee106a/fa25/class/ee106a-adb/.local/state', 'DBUS_SESSION_BUS_ADDRESS': 'unix:path=/run/user/90079/bus', 'COLORTERM': 'truecolor', 'container': 'podman', 'UBUNTU_MENUPROXY': '1', 'QT_QPA_PLATFORMTHEME': 'gtk2', 'COLCON_PREFIX_PATH': '/home/ff/ee106a/robot_workspaces/ur/install', 'ROS_DISTRO': 'humble', 'GTK_IM_MODULE': 'ibus', 'LOGNAME': 'ee106a-adb', 'MASTER': 'ee106a', 'WINDOWID': '46137350', 'ROS_VERSION': '2', 'XDG_SESSION_CLASS': 'user', 'TERMINFO_DIRS': '/usr/share/terminfo:/run/host/usr/share/terminfo', 'USERNAME': 'ee106a-adb', 'TERM': 'xterm-256color', 'GTK_OVERLAY_SCROLLING': '0', 'XDG_SESSION_ID': '74', 'ROS_LOCALHOST_ONLY': '0', 'WINDOWPATH': '2', 'PATH': '/opt/ros/humble/bin:/share/b/grading/bin:/home/ff/ee106a/bin:/home/ff/ee106a/bin/arch/x86_64:/share/b/grading/bin:/home/ff/ee106a/bin:/home/ff/ee106a/bin/arch/x86_64:/usr/local/sbin:/usr/local/bin:/usr/sbin:/usr/bin:/sbin:/bin:/usr/games:/usr/local/games:/snap/bin:/snap/bin:/share/b/grading/bin:/share/b/grading/sbin:/share/b/runas/x86_64:/share/b/bin:/home/ff/ee106a/venvs/all:/usr/local/sbin:/usr/local/bin:/usr/sbin:/usr/bin:/sbin:/bin:/share/b/grading/bin:/share/b/grading/sbin:/share/b/runas/x86_64:/share/b/bin:/home/ff/ee106a/venvs/all', 'SESSION_MANAGER': 'local/c105-8:@/tmp/.ICE-unix/128992,unix/c105-8:/tmp/.ICE-unix/128992', 'OS': 'Linux', 'XDG_RUNTIME_DIR': '/run/user/90079', 'DISPLAY': ':1', 'LANG': 'en_US.UTF-8', 'XDG_CURRENT_DESKTOP': 'MATE', 'XDG_DATA_HOME': '/home/cc/ee106a/fa25/class/ee106a-adb/.local/share', 'XDG_CONFIG_HOME': '/home/cc/ee106a/fa25/class/ee106a-adb/.config', 'XMODIFIERS': '@im=ibus', 'XDG_SESSION_DESKTOP': 'mate', 'XAUTHORITY': '/run/user/90079/gdm/Xauthority', 'SSH_AUTH_SOCK': '/run/user/90079/keyring/ssh', 'ROS_DOMAIN_ID': '28', 'AMENT_PREFIX_PATH': '/home/ff/ee106a/robot_workspaces/ur/install/ur7e_utils:/opt/ros/humble', 'SHELL': '/usr/bin/bash', 'QT_ACCESSIBILITY': '1', 'EE106_UR_ROBOT_NAME': 'astroboy', 'GDMSESSION': 'mate', 'RUNAS': '/share/b/runas/x86_64', 'GPG_AGENT_INFO': '/run/user/90079/gnupg/S.gpg-agent:0:1', 'CONFIG_SHELL': '/usr/bin/ksh', 'QT_IM_MODULE': 'ibus', 'PWD': '/home/cc/ee106a/fa25/class/ee106a-adb/106project/106a-CATCH/build/ros2_aruco', 'EE106_ENV_SETUP': 'ur_ros2', 'CONTAINER_ID': 'ros2', 'LC_ALL': 'C.UTF-8', 'XDG_CONFIG_DIRS': '/etc/xdg/xdg-mate:/etc/xdg', 'CLUTTER_IM_MODULE': 'ibus', 'XDG_DATA_DIRS': '/usr/share/mate:/usr/share/mate:/usr/share/gnome:/home/cc/ee106a/fa25/class/ee106a-adb/.local/share/flatpak/exports/share:/var/lib/flatpak/exports/share:/usr/local/share/:/usr/share/:/var/lib/snapd/desktop:/usr/local/share:/usr/share', 'PYTHONPATH': '/home/cc/ee106a/fa25/class/ee106a-adb/106project/106a-CATCH/build/ros2_aruco/prefix_override:/usr/lib/python3/dist-packages/colcon_core/task/python/colcon_distutils_commands:/home/cc/ee106a/fa25/class/ee106a-adb/106project/106a-CATCH/install/ros2_aruco/lib/python3.10/site-packages:/home/ff/ee106a/robot_workspaces/ur/install/ur7e_utils/lib/python3.10/site-packages:/opt/ros/humble/lib/python3.10/site-packages:/opt/ros/humble/local/lib/python3.10/dist-packages', 'MATE_DESKTOP_SESSION_ID': 'this-is-deprecated', 'COLCON': '1', 'MANPATH': '/usr/local/man:/usr/man:/usr/X11/man:/usr/local/man:/share/b/grading/man:/usr/local/man:/usr/man:/usr/X11/man:/usr/local/man:/share/b/grading/man:', 'VTE_VERSION': '6800', 'EDITOR': 'emacs', 'QT_FONT_DPI': '122'}, 'shell': False}
[2.095009] (-) TimerEvent: {}
[2.195228] (-) TimerEvent: {}
[2.206018] (ros2_aruco_interfaces) StdoutLine: {'line': b'-- Detecting CXX compiler ABI info - done\n'}
[2.219171] (ros2_aruco_interfaces) StdoutLine: {'line': b'-- Check for working CXX compiler: /usr/bin/c++ - skipped\n'}
[2.219382] (ros2_aruco_interfaces) StdoutLine: {'line': b'-- Detecting CXX compile features\n'}
[2.219734] (ros2_aruco_interfaces) StdoutLine: {'line': b'-- Detecting CXX compile features - done\n'}
[2.244468] (ros2_aruco_interfaces) StdoutLine: {'line': b'-- Found ament_cmake: 1.3.12 (/opt/ros/humble/share/ament_cmake/cmake)\n'}
[2.272189] (perception) StdoutLine: {'line': b'running egg_info\n'}
[2.272532] (perception) StdoutLine: {'line': b'creating ../../../build/perception/perception.egg-info\n'}
[2.273635] (perception) StdoutLine: {'line': b'writing ../../../build/perception/perception.egg-info/PKG-INFO\n'}
[2.274188] (planning) StdoutLine: {'line': b'running egg_info\n'}
[2.274550] (planning) StdoutLine: {'line': b'creating ../../../build/planning/planning.egg-info\n'}
[2.275673] (planning) StdoutLine: {'line': b'writing ../../../build/planning/planning.egg-info/PKG-INFO\n'}
[2.278506] (perception) StdoutLine: {'line': b'writing dependency_links to ../../../build/perception/perception.egg-info/dependency_links.txt\n'}
[2.280574] (planning) StdoutLine: {'line': b'writing dependency_links to ../../../build/planning/planning.egg-info/dependency_links.txt\n'}
[2.281278] (perception) StdoutLine: {'line': b'writing entry points to ../../../build/perception/perception.egg-info/entry_points.txt\n'}
[2.282926] (planning) StdoutLine: {'line': b'writing entry points to ../../../build/planning/planning.egg-info/entry_points.txt\n'}
[2.283143] (perception) StdoutLine: {'line': b'writing requirements to ../../../build/perception/perception.egg-info/requires.txt\n'}
[2.283881] (ros2_aruco) StdoutLine: {'line': b'running egg_info\n'}
[2.284617] (ros2_aruco) StdoutLine: {'line': b'creating ../../../../build/ros2_aruco/ros2_aruco.egg-info\n'}
[2.285085] (perception) StdoutLine: {'line': b'writing top-level names to ../../../build/perception/perception.egg-info/top_level.txt\n'}
[2.285187] (planning) StdoutLine: {'line': b'writing requirements to ../../../build/planning/planning.egg-info/requires.txt\n'}
[2.285832] (ros2_aruco) StdoutLine: {'line': b'writing ../../../../build/ros2_aruco/ros2_aruco.egg-info/PKG-INFO\n'}
[2.287566] (planning) StdoutLine: {'line': b'writing top-level names to ../../../build/planning/planning.egg-info/top_level.txt\n'}
[2.288004] (perception) StdoutLine: {'line': b"writing manifest file '../../../build/perception/perception.egg-info/SOURCES.txt'\n"}
[2.290561] (planning) StdoutLine: {'line': b"writing manifest file '../../../build/planning/planning.egg-info/SOURCES.txt'\n"}
[2.290755] (ros2_aruco) StdoutLine: {'line': b'writing dependency_links to ../../../../build/ros2_aruco/ros2_aruco.egg-info/dependency_links.txt\n'}
[2.293262] (ros2_aruco) StdoutLine: {'line': b'writing entry points to ../../../../build/ros2_aruco/ros2_aruco.egg-info/entry_points.txt\n'}
[2.295045] (perception) StdoutLine: {'line': b"reading manifest file '../../../build/perception/perception.egg-info/SOURCES.txt'\n"}
[2.295160] (ros2_aruco) StdoutLine: {'line': b'writing requirements to ../../../../build/ros2_aruco/ros2_aruco.egg-info/requires.txt\n'}
[2.295235] (-) TimerEvent: {}
[2.296971] (ros2_aruco) StdoutLine: {'line': b'writing top-level names to ../../../../build/ros2_aruco/ros2_aruco.egg-info/top_level.txt\n'}
[2.297331] (planning) StdoutLine: {'line': b"reading manifest file '../../../build/planning/planning.egg-info/SOURCES.txt'\n"}
[2.298226] (perception) StdoutLine: {'line': b"writing manifest file '../../../build/perception/perception.egg-info/SOURCES.txt'\n"}
[2.299593] (ros2_aruco) StdoutLine: {'line': b"writing manifest file '../../../../build/ros2_aruco/ros2_aruco.egg-info/SOURCES.txt'\n"}
[2.300036] (perception) StdoutLine: {'line': b'running build\n'}
[2.300161] (perception) StdoutLine: {'line': b'running build_py\n'}
[2.300258] (planning) StdoutLine: {'line': b"writing manifest file '../../../build/planning/planning.egg-info/SOURCES.txt'\n"}
[2.301466] (perception) StdoutLine: {'line': b'creating /home/cc/ee106a/fa25/class/ee106a-adb/106project/106a-CATCH/build/perception/build\n'}
[2.301935] (perception) StdoutLine: {'line': b'creating /home/cc/ee106a/fa25/class/ee106a-adb/106project/106a-CATCH/build/perception/build/lib\n'}
[2.302062] (planning) StdoutLine: {'line': b'running build\n'}
[2.302160] (planning) StdoutLine: {'line': b'running build_py\n'}
[2.303043] (perception) StdoutLine: {'line': b'creating /home/cc/ee106a/fa25/class/ee106a-adb/106project/106a-CATCH/build/perception/build/lib/perception\n'}
[2.303366] (planning) StdoutLine: {'line': b'creating /home/cc/ee106a/fa25/class/ee106a-adb/106project/106a-CATCH/build/planning/build\n'}
[2.303975] (planning) StdoutLine: {'line': b'creating /home/cc/ee106a/fa25/class/ee106a-adb/106project/106a-CATCH/build/planning/build/lib\n'}
[2.304877] (planning) StdoutLine: {'line': b'creating /home/cc/ee106a/fa25/class/ee106a-adb/106project/106a-CATCH/build/planning/build/lib/planning\n'}
[2.305214] (perception) StdoutLine: {'line': b'copying perception/__init__.py -> /home/cc/ee106a/fa25/class/ee106a-adb/106project/106a-CATCH/build/perception/build/lib/perception\n'}
[2.306621] (planning) StdoutLine: {'line': b'copying planning/__init__.py -> /home/cc/ee106a/fa25/class/ee106a-adb/106project/106a-CATCH/build/planning/build/lib/planning\n'}
[2.308154] (perception) StdoutLine: {'line': b'copying perception/find_table_plane.py -> /home/cc/ee106a/fa25/class/ee106a-adb/106project/106a-CATCH/build/perception/build/lib/perception\n'}
[2.310730] (planning) StdoutLine: {'line': b'copying planning/main.py -> /home/cc/ee106a/fa25/class/ee106a-adb/106project/106a-CATCH/build/planning/build/lib/planning\n'}
[2.311361] (ros2_aruco) StdoutLine: {'line': b"reading manifest file '../../../../build/ros2_aruco/ros2_aruco.egg-info/SOURCES.txt'\n"}
[2.311964] (perception) StdoutLine: {'line': b'copying perception/process_pointcloud.py -> /home/cc/ee106a/fa25/class/ee106a-adb/106project/106a-CATCH/build/perception/build/lib/perception\n'}
[2.315214] (ros2_aruco) StdoutLine: {'line': b"writing manifest file '../../../../build/ros2_aruco/ros2_aruco.egg-info/SOURCES.txt'\n"}
[2.315634] (planning) StdoutLine: {'line': b'copying planning/static_tf_transform.py -> /home/cc/ee106a/fa25/class/ee106a-adb/106project/106a-CATCH/build/planning/build/lib/planning\n'}
[2.316741] (perception) StdoutLine: {'line': b'running install\n'}
[2.317032] (ros2_aruco) StdoutLine: {'line': b'running build\n'}
[2.317329] (ros2_aruco) StdoutLine: {'line': b'running build_py\n'}
[2.317549] (perception) StdoutLine: {'line': b'running install_lib\n'}
[2.318678] (ros2_aruco) StdoutLine: {'line': b'creating /home/cc/ee106a/fa25/class/ee106a-adb/106project/106a-CATCH/build/ros2_aruco/build\n'}
[2.319185] (ros2_aruco) StdoutLine: {'line': b'creating /home/cc/ee106a/fa25/class/ee106a-adb/106project/106a-CATCH/build/ros2_aruco/build/lib\n'}
[2.320023] (planning) StdoutLine: {'line': b'running install\n'}
[2.320231] (ros2_aruco) StdoutLine: {'line': b'creating /home/cc/ee106a/fa25/class/ee106a-adb/106project/106a-CATCH/build/ros2_aruco/build/lib/ros2_aruco\n'}
[2.320605] (planning) StdoutLine: {'line': b'running install_lib\n'}
[2.321440] (perception) StdoutLine: {'line': b'creating /home/cc/ee106a/fa25/class/ee106a-adb/106project/106a-CATCH/install/perception/lib/python3.10/site-packages/perception\n'}
[2.321996] (ros2_aruco) StdoutLine: {'line': b'copying ros2_aruco/__init__.py -> /home/cc/ee106a/fa25/class/ee106a-adb/106project/106a-CATCH/build/ros2_aruco/build/lib/ros2_aruco\n'}
[2.322666] (perception) StdoutLine: {'line': b'copying /home/cc/ee106a/fa25/class/ee106a-adb/106project/106a-CATCH/build/perception/build/lib/perception/__init__.py -> /home/cc/ee106a/fa25/class/ee106a-adb/106project/106a-CATCH/install/perception/lib/python3.10/site-packages/perception\n'}
[2.324022] (planning) StdoutLine: {'line': b'creating /home/cc/ee106a/fa25/class/ee106a-adb/106project/106a-CATCH/install/planning/lib/python3.10/site-packages/planning\n'}
[2.325407] (planning) StdoutLine: {'line': b'copying /home/cc/ee106a/fa25/class/ee106a-adb/106project/106a-CATCH/build/planning/build/lib/planning/__init__.py -> /home/cc/ee106a/fa25/class/ee106a-adb/106project/106a-CATCH/install/planning/lib/python3.10/site-packages/planning\n'}
[2.326366] (ros2_aruco) StdoutLine: {'line': b'copying ros2_aruco/aruco_generate_marker.py -> /home/cc/ee106a/fa25/class/ee106a-adb/106project/106a-CATCH/build/ros2_aruco/build/lib/ros2_aruco\n'}
[2.327176] (perception) StdoutLine: {'line': b'copying /home/cc/ee106a/fa25/class/ee106a-adb/106project/106a-CATCH/build/perception/build/lib/perception/find_table_plane.py -> /home/cc/ee106a/fa25/class/ee106a-adb/106project/106a-CATCH/install/perception/lib/python3.10/site-packages/perception\n'}
[2.330479] (planning) StdoutLine: {'line': b'copying /home/cc/ee106a/fa25/class/ee106a-adb/106project/106a-CATCH/build/planning/build/lib/planning/main.py -> /home/cc/ee106a/fa25/class/ee106a-adb/106project/106a-CATCH/install/planning/lib/python3.10/site-packages/planning\n'}
[2.331690] (ros2_aruco) StdoutLine: {'line': b'copying ros2_aruco/aruco_node.py -> /home/cc/ee106a/fa25/class/ee106a-adb/106project/106a-CATCH/build/ros2_aruco/build/lib/ros2_aruco\n'}
[2.333807] (perception) StdoutLine: {'line': b'copying /home/cc/ee106a/fa25/class/ee106a-adb/106project/106a-CATCH/build/perception/build/lib/perception/process_pointcloud.py -> /home/cc/ee106a/fa25/class/ee106a-adb/106project/106a-CATCH/install/perception/lib/python3.10/site-packages/perception\n'}
[2.335730] (planning) StdoutLine: {'line': b'copying /home/cc/ee106a/fa25/class/ee106a-adb/106project/106a-CATCH/build/planning/build/lib/planning/static_tf_transform.py -> /home/cc/ee106a/fa25/class/ee106a-adb/106project/106a-CATCH/install/planning/lib/python3.10/site-packages/planning\n'}
[2.335809] (ros2_aruco) StdoutLine: {'line': b'running install\n'}
[2.336109] (ros2_aruco) StdoutLine: {'line': b'running install_lib\n'}
[2.339550] (ros2_aruco) StdoutLine: {'line': b'creating /home/cc/ee106a/fa25/class/ee106a-adb/106project/106a-CATCH/install/ros2_aruco/lib/python3.10/site-packages/ros2_aruco\n'}
[2.340968] (perception) StdoutLine: {'line': b'byte-compiling /home/cc/ee106a/fa25/class/ee106a-adb/106project/106a-CATCH/install/perception/lib/python3.10/site-packages/perception/__init__.py to __init__.cpython-310.pyc\n'}
[2.341238] (ros2_aruco) StdoutLine: {'line': b'copying /home/cc/ee106a/fa25/class/ee106a-adb/106project/106a-CATCH/build/ros2_aruco/build/lib/ros2_aruco/__init__.py -> /home/cc/ee106a/fa25/class/ee106a-adb/106project/106a-CATCH/install/ros2_aruco/lib/python3.10/site-packages/ros2_aruco\n'}
[2.342943] (planning) StdoutLine: {'line': b'byte-compiling /home/cc/ee106a/fa25/class/ee106a-adb/106project/106a-CATCH/install/planning/lib/python3.10/site-packages/planning/__init__.py to __init__.cpython-310.pyc\n'}
[2.346129] (ros2_aruco) StdoutLine: {'line': b'copying /home/cc/ee106a/fa25/class/ee106a-adb/106project/106a-CATCH/build/ros2_aruco/build/lib/ros2_aruco/aruco_generate_marker.py -> /home/cc/ee106a/fa25/class/ee106a-adb/106project/106a-CATCH/install/ros2_aruco/lib/python3.10/site-packages/ros2_aruco\n'}
[2.347112] (perception) StdoutLine: {'line': b'byte-compiling /home/cc/ee106a/fa25/class/ee106a-adb/106project/106a-CATCH/install/perception/lib/python3.10/site-packages/perception/find_table_plane.py to find_table_plane.cpython-310.pyc\n'}
[2.349756] (planning) StdoutLine: {'line': b'byte-compiling /home/cc/ee106a/fa25/class/ee106a-adb/106project/106a-CATCH/install/planning/lib/python3.10/site-packages/planning/main.py to main.cpython-310.pyc\n'}
[2.352388] (ros2_aruco) StdoutLine: {'line': b'copying /home/cc/ee106a/fa25/class/ee106a-adb/106project/106a-CATCH/build/ros2_aruco/build/lib/ros2_aruco/aruco_node.py -> /home/cc/ee106a/fa25/class/ee106a-adb/106project/106a-CATCH/install/ros2_aruco/lib/python3.10/site-packages/ros2_aruco\n'}
[2.354476] (perception) StdoutLine: {'line': b'byte-compiling /home/cc/ee106a/fa25/class/ee106a-adb/106project/106a-CATCH/install/perception/lib/python3.10/site-packages/perception/process_pointcloud.py to process_pointcloud.cpython-310.pyc\n'}
[2.357798] (planning) StdoutLine: {'line': b'byte-compiling /home/cc/ee106a/fa25/class/ee106a-adb/106project/106a-CATCH/install/planning/lib/python3.10/site-packages/planning/static_tf_transform.py to static_tf_transform.cpython-310.pyc\n'}
[2.360688] (ros2_aruco) StdoutLine: {'line': b'byte-compiling /home/cc/ee106a/fa25/class/ee106a-adb/106project/106a-CATCH/install/ros2_aruco/lib/python3.10/site-packages/ros2_aruco/__init__.py to __init__.cpython-310.pyc\n'}
[2.362640] (perception) StdoutLine: {'line': b'running install_data\n'}
[2.363733] (perception) StdoutLine: {'line': b'creating /home/cc/ee106a/fa25/class/ee106a-adb/106project/106a-CATCH/install/perception/share/ament_index\n'}
[2.363834] (planning) StdoutLine: {'line': b'running install_data\n'}
[2.364226] (perception) StdoutLine: {'line': b'creating /home/cc/ee106a/fa25/class/ee106a-adb/106project/106a-CATCH/install/perception/share/ament_index/resource_index\n'}
[2.364657] (planning) StdoutLine: {'line': b'creating /home/cc/ee106a/fa25/class/ee106a-adb/106project/106a-CATCH/install/planning/share/ament_index\n'}
[2.365234] (perception) StdoutLine: {'line': b'creating /home/cc/ee106a/fa25/class/ee106a-adb/106project/106a-CATCH/install/perception/share/ament_index/resource_index/packages\n'}
[2.365624] (planning) StdoutLine: {'line': b'creating /home/cc/ee106a/fa25/class/ee106a-adb/106project/106a-CATCH/install/planning/share/ament_index/resource_index\n'}
[2.366689] (planning) StdoutLine: {'line': b'creating /home/cc/ee106a/fa25/class/ee106a-adb/106project/106a-CATCH/install/planning/share/ament_index/resource_index/packages\n'}
[2.367402] (perception) StdoutLine: {'line': b'copying resource/perception -> /home/cc/ee106a/fa25/class/ee106a-adb/106project/106a-CATCH/install/perception/share/ament_index/resource_index/packages\n'}
[2.367495] (ros2_aruco) StdoutLine: {'line': b'byte-compiling /home/cc/ee106a/fa25/class/ee106a-adb/106project/106a-CATCH/install/ros2_aruco/lib/python3.10/site-packages/ros2_aruco/aruco_generate_marker.py to aruco_generate_marker.cpython-310.pyc\n'}
[2.368257] (planning) StdoutLine: {'line': b'copying resource/planning -> /home/cc/ee106a/fa25/class/ee106a-adb/106project/106a-CATCH/install/planning/share/ament_index/resource_index/packages\n'}
[2.372298] (perception) StdoutLine: {'line': b'copying package.xml -> /home/cc/ee106a/fa25/class/ee106a-adb/106project/106a-CATCH/install/perception/share/perception\n'}
[2.373474] (planning) StdoutLine: {'line': b'copying package.xml -> /home/cc/ee106a/fa25/class/ee106a-adb/106project/106a-CATCH/install/planning/share/planning\n'}
[2.375471] (ros2_aruco) StdoutLine: {'line': b'byte-compiling /home/cc/ee106a/fa25/class/ee106a-adb/106project/106a-CATCH/install/ros2_aruco/lib/python3.10/site-packages/ros2_aruco/aruco_node.py to aruco_node.cpython-310.pyc\n'}
[2.377296] (perception) StdoutLine: {'line': b'running install_egg_info\n'}
[2.378693] (planning) StdoutLine: {'line': b'running install_egg_info\n'}
[2.382262] (perception) StdoutLine: {'line': b'Copying ../../../build/perception/perception.egg-info to /home/cc/ee106a/fa25/class/ee106a-adb/106project/106a-CATCH/install/perception/lib/python3.10/site-packages/perception-0.0.0-py3.10.egg-info\n'}
[2.382943] (planning) StdoutLine: {'line': b'Copying ../../../build/planning/planning.egg-info to /home/cc/ee106a/fa25/class/ee106a-adb/106project/106a-CATCH/install/planning/lib/python3.10/site-packages/planning-0.0.0-py3.10.egg-info\n'}
[2.385277] (ros2_aruco) StdoutLine: {'line': b'running install_data\n'}
[2.386288] (ros2_aruco) StdoutLine: {'line': b'creating /home/cc/ee106a/fa25/class/ee106a-adb/106project/106a-CATCH/install/ros2_aruco/share/ament_index\n'}
[2.386824] (ros2_aruco) StdoutLine: {'line': b'creating /home/cc/ee106a/fa25/class/ee106a-adb/106project/106a-CATCH/install/ros2_aruco/share/ament_index/resource_index\n'}
[2.387905] (ros2_aruco) StdoutLine: {'line': b'creating /home/cc/ee106a/fa25/class/ee106a-adb/106project/106a-CATCH/install/ros2_aruco/share/ament_index/resource_index/packages\n'}
[2.390053] (ros2_aruco) StdoutLine: {'line': b'copying resource/ros2_aruco -> /home/cc/ee106a/fa25/class/ee106a-adb/106project/106a-CATCH/install/ros2_aruco/share/ament_index/resource_index/packages\n'}
[2.394619] (ros2_aruco) StdoutLine: {'line': b'copying package.xml -> /home/cc/ee106a/fa25/class/ee106a-adb/106project/106a-CATCH/install/ros2_aruco/share/ros2_aruco\n'}
[2.395328] (-) TimerEvent: {}
[2.399467] (ros2_aruco) StdoutLine: {'line': b'creating /home/cc/ee106a/fa25/class/ee106a-adb/106project/106a-CATCH/install/ros2_aruco/share/ros2_aruco/launch\n'}
[2.400752] (ros2_aruco) StdoutLine: {'line': b'copying launch/aruco_recognition.launch.py -> /home/cc/ee106a/fa25/class/ee106a-adb/106project/106a-CATCH/install/ros2_aruco/share/ros2_aruco/launch\n'}
[2.406157] (ros2_aruco) StdoutLine: {'line': b'creating /home/cc/ee106a/fa25/class/ee106a-adb/106project/106a-CATCH/install/ros2_aruco/share/ros2_aruco/config\n'}
[2.407799] (ros2_aruco) StdoutLine: {'line': b'copying config/aruco_parameters.yaml -> /home/cc/ee106a/fa25/class/ee106a-adb/106project/106a-CATCH/install/ros2_aruco/share/ros2_aruco/config\n'}
[2.412959] (ros2_aruco) StdoutLine: {'line': b'copying config/aruco_parameters_old.yaml -> /home/cc/ee106a/fa25/class/ee106a-adb/106project/106a-CATCH/install/ros2_aruco/share/ros2_aruco/config\n'}
[2.416689] (ros2_aruco) StdoutLine: {'line': b'running install_egg_info\n'}
[2.421623] (ros2_aruco) StdoutLine: {'line': b'Copying ../../../../build/ros2_aruco/ros2_aruco.egg-info to /home/cc/ee106a/fa25/class/ee106a-adb/106project/106a-CATCH/install/ros2_aruco/lib/python3.10/site-packages/ros2_aruco-0.1.0-py3.10.egg-info\n'}
[2.426152] (perception) StdoutLine: {'line': b'running install_scripts\n'}
[2.428316] (planning) StdoutLine: {'line': b'running install_scripts\n'}
[2.452300] (perception) StdoutLine: {'line': b'Installing display_plane script to /home/cc/ee106a/fa25/class/ee106a-adb/106project/106a-CATCH/install/perception/lib/perception\n'}
[2.453093] (planning) StdoutLine: {'line': b'Installing main script to /home/cc/ee106a/fa25/class/ee106a-adb/106project/106a-CATCH/install/planning/lib/planning\n'}
[2.456143] (perception) StdoutLine: {'line': b'Installing process_pointcloud script to /home/cc/ee106a/fa25/class/ee106a-adb/106project/106a-CATCH/install/perception/lib/perception\n'}
[2.456841] (planning) StdoutLine: {'line': b'Installing tf script to /home/cc/ee106a/fa25/class/ee106a-adb/106project/106a-CATCH/install/planning/lib/planning\n'}
[2.458223] (ros2_aruco) StdoutLine: {'line': b'running install_scripts\n'}
[2.459612] (perception) StdoutLine: {'line': b"writing list of installed files to '/home/cc/ee106a/fa25/class/ee106a-adb/106project/106a-CATCH/build/perception/install.log'\n"}
[2.460069] (planning) StdoutLine: {'line': b"writing list of installed files to '/home/cc/ee106a/fa25/class/ee106a-adb/106project/106a-CATCH/build/planning/install.log'\n"}
[2.476098] (perception) CommandEnded: {'returncode': 0}
[2.477534] (ros2_aruco) StdoutLine: {'line': b'Installing aruco_generate_marker script to /home/cc/ee106a/fa25/class/ee106a-adb/106project/106a-CATCH/install/ros2_aruco/lib/ros2_aruco\n'}
[2.480175] (ros2_aruco) StdoutLine: {'line': b'Installing aruco_node script to /home/cc/ee106a/fa25/class/ee106a-adb/106project/106a-CATCH/install/ros2_aruco/lib/ros2_aruco\n'}
[2.483375] (ros2_aruco) StdoutLine: {'line': b"writing list of installed files to '/home/cc/ee106a/fa25/class/ee106a-adb/106project/106a-CATCH/build/ros2_aruco/install.log'\n"}
[2.495137] (ros2_aruco_interfaces) StdoutLine: {'line': b'-- Found Python3: /usr/bin/python3 (found version "3.10.12") found components: Interpreter \n'}
[2.495378] (-) TimerEvent: {}
[2.524632] (perception) JobEnded: {'identifier': 'perception', 'rc': 0}
[2.531649] (planning) CommandEnded: {'returncode': 0}
[2.566513] (planning) JobEnded: {'identifier': 'planning', 'rc': 0}
[2.572909] (ros2_aruco) CommandEnded: {'returncode': 0}
[2.595449] (-) TimerEvent: {}
[2.607617] (ros2_aruco) JobEnded: {'identifier': 'ros2_aruco', 'rc': 0}
[2.695556] (-) TimerEvent: {}
[2.755480] (ros2_aruco_interfaces) StdoutLine: {'line': b'-- Found geometry_msgs: 4.9.0 (/opt/ros/humble/share/geometry_msgs/cmake)\n'}
[2.795748] (-) TimerEvent: {}
[2.896131] (-) TimerEvent: {}
[2.990873] (ros2_aruco_interfaces) StdoutLine: {'line': b'-- Found rosidl_generator_c: 3.1.7 (/opt/ros/humble/share/rosidl_generator_c/cmake)\n'}
[2.996304] (-) TimerEvent: {}
[3.010053] (ros2_aruco_interfaces) StdoutLine: {'line': b'-- Found rosidl_adapter: 3.1.7 (/opt/ros/humble/share/rosidl_adapter/cmake)\n'}
[3.042928] (ros2_aruco_interfaces) StdoutLine: {'line': b'-- Found rosidl_generator_cpp: 3.1.7 (/opt/ros/humble/share/rosidl_generator_cpp/cmake)\n'}
[3.096431] (-) TimerEvent: {}
[3.103254] (ros2_aruco_interfaces) StdoutLine: {'line': b'-- Using all available rosidl_typesupport_c: rosidl_typesupport_fastrtps_c;rosidl_typesupport_introspection_c\n'}
[3.166184] (ros2_aruco_interfaces) StdoutLine: {'line': b'-- Using all available rosidl_typesupport_cpp: rosidl_typesupport_fastrtps_cpp;rosidl_typesupport_introspection_cpp\n'}
[3.196495] (-) TimerEvent: {}
[3.226210] (ros2_aruco_interfaces) StdoutLine: {'line': b'-- Found rosidl_default_generators: 1.2.0 (/opt/ros/humble/share/rosidl_default_generators/cmake)\n'}
[3.296590] (-) TimerEvent: {}
[3.396918] (-) TimerEvent: {}
[3.497244] (-) TimerEvent: {}
[3.597465] (-) TimerEvent: {}
[3.697744] (-) TimerEvent: {}
[3.798143] (-) TimerEvent: {}
[3.898446] (-) TimerEvent: {}
[3.998660] (-) TimerEvent: {}
[4.008195] (ros2_aruco_interfaces) StdoutLine: {'line': b'-- Found ament_cmake_ros: 0.10.0 (/opt/ros/humble/share/ament_cmake_ros/cmake)\n'}
[4.098751] (-) TimerEvent: {}
[4.199089] (-) TimerEvent: {}
[4.299473] (-) TimerEvent: {}
[4.399790] (-) TimerEvent: {}
[4.499996] (-) TimerEvent: {}
[4.600346] (-) TimerEvent: {}
[4.700752] (-) TimerEvent: {}
[4.801049] (-) TimerEvent: {}
[4.901308] (-) TimerEvent: {}
[5.001572] (-) TimerEvent: {}
[5.101995] (-) TimerEvent: {}
[5.202312] (-) TimerEvent: {}
[5.302619] (-) TimerEvent: {}
[5.402871] (-) TimerEvent: {}
[5.503070] (-) TimerEvent: {}
[5.603361] (-) TimerEvent: {}
[5.703639] (-) TimerEvent: {}
[5.803856] (-) TimerEvent: {}
[5.904176] (-) TimerEvent: {}
[6.004569] (-) TimerEvent: {}
[6.104856] (-) TimerEvent: {}
[6.113886] (ros2_aruco_interfaces) StdoutLine: {'line': b'-- Using all available rosidl_typesupport_c: rosidl_typesupport_fastrtps_c;rosidl_typesupport_introspection_c\n'}
[6.204961] (-) TimerEvent: {}
[6.305280] (-) TimerEvent: {}
[6.405622] (-) TimerEvent: {}
[6.505979] (-) TimerEvent: {}
[6.606297] (-) TimerEvent: {}
[6.706667] (-) TimerEvent: {}
[6.806966] (-) TimerEvent: {}
[6.868569] (ros2_aruco_interfaces) StdoutLine: {'line': b'-- Using all available rosidl_typesupport_cpp: rosidl_typesupport_fastrtps_cpp;rosidl_typesupport_introspection_cpp\n'}
[6.896105] (ros2_aruco_interfaces) StdoutLine: {'line': b'-- Found PythonInterp: /usr/bin/python3 (found suitable version "3.10.12", minimum required is "3.6") \n'}
[6.900932] (ros2_aruco_interfaces) StdoutLine: {'line': b'-- Found python_cmake_module: 0.10.0 (/opt/ros/humble/share/python_cmake_module/cmake)\n'}
[6.907115] (-) TimerEvent: {}
[6.944808] (ros2_aruco_interfaces) StdoutLine: {'line': b'-- Found PythonLibs: /usr/lib/x86_64-linux-gnu/libpython3.10.so (found suitable version "3.10.12", minimum required is "3.5") \n'}
[6.944951] (ros2_aruco_interfaces) StdoutLine: {'line': b'-- Using PYTHON_EXECUTABLE: /usr/bin/python3\n'}
[6.945014] (ros2_aruco_interfaces) StdoutLine: {'line': b'-- Using PYTHON_INCLUDE_DIRS: /usr/include/python3.10\n'}
[6.945067] (ros2_aruco_interfaces) StdoutLine: {'line': b'-- Using PYTHON_LIBRARIES: /usr/lib/x86_64-linux-gnu/libpython3.10.so\n'}
[6.980251] (ros2_aruco_interfaces) StdoutLine: {'line': b'-- Found PythonExtra: .so  \n'}
[7.007287] (-) TimerEvent: {}
[7.107462] (-) TimerEvent: {}
[7.207824] (-) TimerEvent: {}
[7.308137] (-) TimerEvent: {}
[7.408456] (-) TimerEvent: {}
[7.441922] (ros2_aruco_interfaces) StdoutLine: {'line': b'-- Found ament_lint_auto: 0.12.14 (/opt/ros/humble/share/ament_lint_auto/cmake)\n'}
[7.508518] (-) TimerEvent: {}
[7.608839] (-) TimerEvent: {}
[7.667396] (ros2_aruco_interfaces) StdoutLine: {'line': b"-- Added test 'copyright' to check source files copyright and LICENSE\n"}
[7.689807] (ros2_aruco_interfaces) StdoutLine: {'line': b"-- Added test 'lint_cmake' to check CMake code style\n"}
[7.702904] (ros2_aruco_interfaces) StdoutLine: {'line': b"-- Added test 'xmllint' to check XML markup files\n"}
[7.708947] (-) TimerEvent: {}
[7.795566] (ros2_aruco_interfaces) StdoutLine: {'line': b'-- Configuring done\n'}
[7.809126] (-) TimerEvent: {}
[7.909523] (-) TimerEvent: {}
[8.009908] (-) TimerEvent: {}
[8.110300] (-) TimerEvent: {}
[8.210690] (-) TimerEvent: {}
[8.311068] (-) TimerEvent: {}
[8.411453] (-) TimerEvent: {}
[8.511762] (-) TimerEvent: {}
[8.612071] (-) TimerEvent: {}
[8.689015] (ros2_aruco_interfaces) StdoutLine: {'line': b'-- Generating done\n'}
[8.712263] (-) TimerEvent: {}
[8.812585] (-) TimerEvent: {}
[8.857384] (ros2_aruco_interfaces) StdoutLine: {'line': b'-- Build files have been written to: /home/cc/ee106a/fa25/class/ee106a-adb/106project/106a-CATCH/build/ros2_aruco_interfaces\n'}
[8.870100] (ros2_aruco_interfaces) CommandEnded: {'returncode': 0}
[8.871919] (ros2_aruco_interfaces) JobProgress: {'identifier': 'ros2_aruco_interfaces', 'progress': 'build'}
[8.879838] (ros2_aruco_interfaces) Command: {'cmd': ['/usr/bin/cmake', '--build', '/home/cc/ee106a/fa25/class/ee106a-adb/106project/106a-CATCH/build/ros2_aruco_interfaces', '--', '-j32', '-l32'], 'cwd': '/home/cc/ee106a/fa25/class/ee106a-adb/106project/106a-CATCH/build/ros2_aruco_interfaces', 'env': OrderedDict([('ARCH', 'x86_64'), ('QT_SCALE_FACTOR', '1'), ('USER', 'ee106a-adb'), ('HOSTNAME', 'ros2'), ('XDG_SESSION_TYPE', 'x11'), ('MASTERDIR', '/home/ff/ee106a'), ('COMPIZ_CONFIG_PROFILE', 'mate'), ('XDG_CACHE_HOME', '/home/cc/ee106a/fa25/class/ee106a-adb/.cache'), ('SHLVL', '2'), ('LD_LIBRARY_PATH', '/usr/lib/x86_64-linux-gnu/gazebo-11/plugins:/opt/ros/humble/opt/rviz_ogre_vendor/lib:/opt/ros/humble/lib/x86_64-linux-gnu:/opt/ros/humble/lib'), ('HOME', '/home/cc/ee106a/fa25/class/ee106a-adb'), ('OLDPWD', '/home/cc/ee106a/fa25/class/ee106a-adb/106project'), ('DESKTOP_SESSION', 'mate'), ('ROS_PYTHON_VERSION', '3'), ('GTK_MODULES', 'gail:atk-bridge:appmenu-gtk-module:gail:atk-bridge:canberra-gtk-module'), ('EE106_UR_ROBOT_IP', '192.168.1.102'), ('DISTROBOX_ENTER_PATH', '/usr/local/bin/distrobox-enter'), ('SYSTEMD_EXEC_PID', '128941'), ('NNTPSERVER', 'news.csua.berkeley.edu'), ('VISUAL', 'emacs'), ('XDG_STATE_HOME', '/home/cc/ee106a/fa25/class/ee106a-adb/.local/state'), ('DBUS_SESSION_BUS_ADDRESS', 'unix:path=/run/user/90079/bus'), ('COLORTERM', 'truecolor'), ('container', 'podman'), ('UBUNTU_MENUPROXY', '1'), ('QT_QPA_PLATFORMTHEME', 'gtk2'), ('COLCON_PREFIX_PATH', '/home/ff/ee106a/robot_workspaces/ur/install'), ('ROS_DISTRO', 'humble'), ('GTK_IM_MODULE', 'ibus'), ('LOGNAME', 'ee106a-adb'), ('MASTER', 'ee106a'), ('WINDOWID', '46137350'), ('ROS_VERSION', '2'), ('XDG_SESSION_CLASS', 'user'), ('TERMINFO_DIRS', '/usr/share/terminfo:/run/host/usr/share/terminfo'), ('USERNAME', 'ee106a-adb'), ('TERM', 'xterm-256color'), ('GTK_OVERLAY_SCROLLING', '0'), ('XDG_SESSION_ID', '74'), ('ROS_LOCALHOST_ONLY', '0'), ('WINDOWPATH', '2'), ('PATH', '/opt/ros/humble/bin:/share/b/grading/bin:/home/ff/ee106a/bin:/home/ff/ee106a/bin/arch/x86_64:/share/b/grading/bin:/home/ff/ee106a/bin:/home/ff/ee106a/bin/arch/x86_64:/usr/local/sbin:/usr/local/bin:/usr/sbin:/usr/bin:/sbin:/bin:/usr/games:/usr/local/games:/snap/bin:/snap/bin:/share/b/grading/bin:/share/b/grading/sbin:/share/b/runas/x86_64:/share/b/bin:/home/ff/ee106a/venvs/all:/usr/local/sbin:/usr/local/bin:/usr/sbin:/usr/bin:/sbin:/bin:/share/b/grading/bin:/share/b/grading/sbin:/share/b/runas/x86_64:/share/b/bin:/home/ff/ee106a/venvs/all'), ('SESSION_MANAGER', 'local/c105-8:@/tmp/.ICE-unix/128992,unix/c105-8:/tmp/.ICE-unix/128992'), ('OS', 'Linux'), ('XDG_RUNTIME_DIR', '/run/user/90079'), ('DISPLAY', ':1'), ('LANG', 'en_US.UTF-8'), ('XDG_CURRENT_DESKTOP', 'MATE'), ('XDG_DATA_HOME', '/home/cc/ee106a/fa25/class/ee106a-adb/.local/share'), ('XDG_CONFIG_HOME', '/home/cc/ee106a/fa25/class/ee106a-adb/.config'), ('XMODIFIERS', '@im=ibus'), ('XDG_SESSION_DESKTOP', 'mate'), ('XAUTHORITY', '/run/user/90079/gdm/Xauthority'), ('SSH_AUTH_SOCK', '/run/user/90079/keyring/ssh'), ('ROS_DOMAIN_ID', '28'), ('AMENT_PREFIX_PATH', '/home/ff/ee106a/robot_workspaces/ur/install/ur7e_utils:/opt/ros/humble'), ('SHELL', '/usr/bin/bash'), ('QT_ACCESSIBILITY', '1'), ('EE106_UR_ROBOT_NAME', 'astroboy'), ('GDMSESSION', 'mate'), ('RUNAS', '/share/b/runas/x86_64'), ('GPG_AGENT_INFO', '/run/user/90079/gnupg/S.gpg-agent:0:1'), ('CONFIG_SHELL', '/usr/bin/ksh'), ('QT_IM_MODULE', 'ibus'), ('PWD', '/home/cc/ee106a/fa25/class/ee106a-adb/106project/106a-CATCH/build/ros2_aruco_interfaces'), ('EE106_ENV_SETUP', 'ur_ros2'), ('CONTAINER_ID', 'ros2'), ('LC_ALL', 'C.UTF-8'), ('XDG_CONFIG_DIRS', '/etc/xdg/xdg-mate:/etc/xdg'), ('CLUTTER_IM_MODULE', 'ibus'), ('XDG_DATA_DIRS', '/usr/share/mate:/usr/share/mate:/usr/share/gnome:/home/cc/ee106a/fa25/class/ee106a-adb/.local/share/flatpak/exports/share:/var/lib/flatpak/exports/share:/usr/local/share/:/usr/share/:/var/lib/snapd/desktop:/usr/local/share:/usr/share'), ('PYTHONPATH', '/home/ff/ee106a/robot_workspaces/ur/install/ur7e_utils/lib/python3.10/site-packages:/opt/ros/humble/lib/python3.10/site-packages:/opt/ros/humble/local/lib/python3.10/dist-packages'), ('MATE_DESKTOP_SESSION_ID', 'this-is-deprecated'), ('COLCON', '1'), ('MANPATH', '/usr/local/man:/usr/man:/usr/X11/man:/usr/local/man:/share/b/grading/man:/usr/local/man:/usr/man:/usr/X11/man:/usr/local/man:/share/b/grading/man:'), ('VTE_VERSION', '6800'), ('EDITOR', 'emacs'), ('QT_FONT_DPI', '122'), ('CMAKE_PREFIX_PATH', '/home/ff/ee106a/robot_workspaces/ur/install/ur7e_utils:/opt/ros/humble')]), 'shell': False}
[8.912693] (-) TimerEvent: {}
[9.009711] (ros2_aruco_interfaces) StdoutLine: {'line': b'[  3%] \x1b[34m\x1b[1mGenerating C code for ROS interfaces\x1b[0m\n'}
[9.012762] (-) TimerEvent: {}
[9.047665] (ros2_aruco_interfaces) StdoutLine: {'line': b'[  6%] \x1b[34m\x1b[1mGenerating C++ code for ROS interfaces\x1b[0m\n'}
[9.079678] (ros2_aruco_interfaces) StdoutLine: {'line': b'[  6%] Built target ament_cmake_python_copy_ros2_aruco_interfaces\n'}
[9.112834] (-) TimerEvent: {}
[9.212998] (-) TimerEvent: {}
[9.264599] (ros2_aruco_interfaces) StdoutLine: {'line': b'[  6%] Built target ros2_aruco_interfaces__cpp\n'}
[9.285746] (ros2_aruco_interfaces) StdoutLine: {'line': b'[  9%] \x1b[32mBuilding C object CMakeFiles/ros2_aruco_interfaces__rosidl_generator_c.dir/rosidl_generator_c/ros2_aruco_interfaces/msg/detail/aruco_markers__functions.c.o\x1b[0m\n'}
[9.313109] (-) TimerEvent: {}
[9.322329] (ros2_aruco_interfaces) StdoutLine: {'line': b'[ 16%] \x1b[34m\x1b[1mGenerating C++ type support for eProsima Fast-RTPS\x1b[0m\n'}
[9.323939] (ros2_aruco_interfaces) StdoutLine: {'line': b'[ 19%] \x1b[34m\x1b[1mGenerating C++ introspection for ROS interfaces\x1b[0m\n'}
[9.324709] (ros2_aruco_interfaces) StdoutLine: {'line': b'[ 19%] \x1b[34m\x1b[1mGenerating C++ type support dispatch for ROS interfaces\x1b[0m\n'}
[9.413213] (-) TimerEvent: {}
[9.513535] (-) TimerEvent: {}
[9.613706] (-) TimerEvent: {}
[9.629211] (ros2_aruco_interfaces) StdoutLine: {'line': b'running egg_info\n'}
[9.630451] (ros2_aruco_interfaces) StdoutLine: {'line': b'creating ros2_aruco_interfaces.egg-info\n'}
[9.631571] (ros2_aruco_interfaces) StdoutLine: {'line': b'writing ros2_aruco_interfaces.egg-info/PKG-INFO\n'}
[9.636569] (ros2_aruco_interfaces) StdoutLine: {'line': b'writing dependency_links to ros2_aruco_interfaces.egg-info/dependency_links.txt\n'}
[9.638769] (ros2_aruco_interfaces) StdoutLine: {'line': b'[ 22%] \x1b[32m\x1b[1mLinking C shared library libros2_aruco_interfaces__rosidl_generator_c.so\x1b[0m\n'}
[9.639943] (ros2_aruco_interfaces) StdoutLine: {'line': b'writing top-level names to ros2_aruco_interfaces.egg-info/top_level.txt\n'}
[9.642195] (ros2_aruco_interfaces) StdoutLine: {'line': b"writing manifest file 'ros2_aruco_interfaces.egg-info/SOURCES.txt'\n"}
[9.647868] (ros2_aruco_interfaces) StdoutLine: {'line': b"reading manifest file 'ros2_aruco_interfaces.egg-info/SOURCES.txt'\n"}
[9.649797] (ros2_aruco_interfaces) StdoutLine: {'line': b"writing manifest file 'ros2_aruco_interfaces.egg-info/SOURCES.txt'\n"}
[9.671850] (ros2_aruco_interfaces) StdoutLine: {'line': b'[ 22%] Built target ament_cmake_python_build_ros2_aruco_interfaces_egg\n'}
[9.686207] (ros2_aruco_interfaces) StdoutLine: {'line': b'[ 22%] Built target ros2_aruco_interfaces__rosidl_generator_c\n'}
[9.713772] (-) TimerEvent: {}
[9.721604] (ros2_aruco_interfaces) StdoutLine: {'line': b'[ 32%] \x1b[34m\x1b[1mGenerating C type support for eProsima Fast-RTPS\x1b[0m\n'}
[9.721701] (ros2_aruco_interfaces) StdoutLine: {'line': b'[ 32%] \x1b[34m\x1b[1mGenerating C type support dispatch for ROS interfaces\x1b[0m\n'}
[9.722322] (ros2_aruco_interfaces) StdoutLine: {'line': b'[ 32%] \x1b[34m\x1b[1mGenerating C introspection for ROS interfaces\x1b[0m\n'}
[9.769432] (ros2_aruco_interfaces) StdoutLine: {'line': b'[ 35%] \x1b[32mBuilding CXX object CMakeFiles/ros2_aruco_interfaces__rosidl_typesupport_cpp.dir/rosidl_typesupport_cpp/ros2_aruco_interfaces/msg/aruco_markers__type_support.cpp.o\x1b[0m\n'}
[9.806529] (ros2_aruco_interfaces) StdoutLine: {'line': b'[ 41%] \x1b[32mBuilding CXX object CMakeFiles/ros2_aruco_interfaces__rosidl_typesupport_fastrtps_cpp.dir/rosidl_typesupport_fastrtps_cpp/ros2_aruco_interfaces/msg/detail/dds_fastrtps/aruco_markers__type_support.cpp.o\x1b[0m\n'}
[9.806623] (ros2_aruco_interfaces) StdoutLine: {'line': b'[ 41%] \x1b[32mBuilding CXX object CMakeFiles/ros2_aruco_interfaces__rosidl_typesupport_introspection_cpp.dir/rosidl_typesupport_introspection_cpp/ros2_aruco_interfaces/msg/detail/aruco_markers__type_support.cpp.o\x1b[0m\n'}
[9.813833] (-) TimerEvent: {}
[9.914125] (-) TimerEvent: {}
[9.973464] (ros2_aruco_interfaces) StdoutLine: {'line': b'[ 45%] \x1b[32mBuilding CXX object CMakeFiles/ros2_aruco_interfaces__rosidl_typesupport_c.dir/rosidl_typesupport_c/ros2_aruco_interfaces/msg/aruco_markers__type_support.cpp.o\x1b[0m\n'}
[10.006925] (ros2_aruco_interfaces) StdoutLine: {'line': b'[ 51%] \x1b[32mBuilding C object CMakeFiles/ros2_aruco_interfaces__rosidl_typesupport_introspection_c.dir/rosidl_typesupport_introspection_c/ros2_aruco_interfaces/msg/detail/aruco_markers__type_support.c.o\x1b[0m\n'}
[10.007110] (ros2_aruco_interfaces) StdoutLine: {'line': b'[ 51%] \x1b[32mBuilding CXX object CMakeFiles/ros2_aruco_interfaces__rosidl_typesupport_fastrtps_c.dir/rosidl_typesupport_fastrtps_c/ros2_aruco_interfaces/msg/detail/aruco_markers__type_support_c.cpp.o\x1b[0m\n'}
[10.014192] (-) TimerEvent: {}
[10.029041] (ros2_aruco_interfaces) StdoutLine: {'line': b'[ 54%] \x1b[32m\x1b[1mLinking CXX shared library libros2_aruco_interfaces__rosidl_typesupport_c.so\x1b[0m\n'}
[10.062521] (ros2_aruco_interfaces) StdoutLine: {'line': b'[ 58%] \x1b[32m\x1b[1mLinking CXX shared library libros2_aruco_interfaces__rosidl_typesupport_cpp.so\x1b[0m\n'}
[10.087288] (ros2_aruco_interfaces) StdoutLine: {'line': b'[ 61%] \x1b[32m\x1b[1mLinking C shared library libros2_aruco_interfaces__rosidl_typesupport_introspection_c.so\x1b[0m\n'}
[10.092867] (ros2_aruco_interfaces) StdoutLine: {'line': b'[ 61%] Built target ros2_aruco_interfaces__rosidl_typesupport_c\n'}
[10.114270] (-) TimerEvent: {}
[10.123523] (ros2_aruco_interfaces) StdoutLine: {'line': b'[ 61%] Built target ros2_aruco_interfaces__rosidl_typesupport_cpp\n'}
[10.136856] (ros2_aruco_interfaces) StdoutLine: {'line': b'[ 61%] Built target ros2_aruco_interfaces__rosidl_typesupport_introspection_c\n'}
[10.193945] (ros2_aruco_interfaces) StdoutLine: {'line': b'[ 64%] \x1b[32m\x1b[1mLinking CXX shared library libros2_aruco_interfaces__rosidl_typesupport_introspection_cpp.so\x1b[0m\n'}
[10.214339] (-) TimerEvent: {}
[10.233288] (ros2_aruco_interfaces) StdoutLine: {'line': b'[ 67%] \x1b[32m\x1b[1mLinking CXX shared library libros2_aruco_interfaces__rosidl_typesupport_fastrtps_cpp.so\x1b[0m\n'}
[10.267152] (ros2_aruco_interfaces) StdoutLine: {'line': b'[ 67%] Built target ros2_aruco_interfaces__rosidl_typesupport_introspection_cpp\n'}
[10.304708] (ros2_aruco_interfaces) StdoutLine: {'line': b'[ 67%] Built target ros2_aruco_interfaces__rosidl_typesupport_fastrtps_cpp\n'}
[10.311626] (ros2_aruco_interfaces) StdoutLine: {'line': b'[ 70%] \x1b[32m\x1b[1mLinking CXX shared library libros2_aruco_interfaces__rosidl_typesupport_fastrtps_c.so\x1b[0m\n'}
[10.314446] (-) TimerEvent: {}
[10.395048] (ros2_aruco_interfaces) StdoutLine: {'line': b'[ 70%] Built target ros2_aruco_interfaces__rosidl_typesupport_fastrtps_c\n'}
[10.414532] (-) TimerEvent: {}
[10.457753] (ros2_aruco_interfaces) StdoutLine: {'line': b'[ 70%] Built target ros2_aruco_interfaces\n'}
[10.514634] (-) TimerEvent: {}
[10.524969] (ros2_aruco_interfaces) StdoutLine: {'line': b'[ 74%] \x1b[34m\x1b[1mGenerating Python code for ROS interfaces\x1b[0m\n'}
[10.614749] (-) TimerEvent: {}
[10.715043] (-) TimerEvent: {}
[10.777612] (ros2_aruco_interfaces) StdoutLine: {'line': b'[ 74%] Built target ros2_aruco_interfaces__py\n'}
[10.815152] (-) TimerEvent: {}
[10.850605] (ros2_aruco_interfaces) StdoutLine: {'line': b'[ 77%] \x1b[32mBuilding C object CMakeFiles/ros2_aruco_interfaces__rosidl_generator_py.dir/rosidl_generator_py/ros2_aruco_interfaces/msg/_aruco_markers_s.c.o\x1b[0m\n'}
[10.915274] (-) TimerEvent: {}
[11.015633] (-) TimerEvent: {}
[11.021380] (ros2_aruco_interfaces) StdoutLine: {'line': b'[ 80%] \x1b[32m\x1b[1mLinking C shared library rosidl_generator_py/ros2_aruco_interfaces/libros2_aruco_interfaces__rosidl_generator_py.so\x1b[0m\n'}
[11.110372] (ros2_aruco_interfaces) StdoutLine: {'line': b'[ 80%] Built target ros2_aruco_interfaces__rosidl_generator_py\n'}
[11.115727] (-) TimerEvent: {}
[11.213804] (ros2_aruco_interfaces) StdoutLine: {'line': b'[ 90%] \x1b[32mBuilding C object CMakeFiles/ros2_aruco_interfaces__rosidl_typesupport_c__pyext.dir/rosidl_generator_py/ros2_aruco_interfaces/_ros2_aruco_interfaces_s.ep.rosidl_typesupport_c.c.o\x1b[0m\n'}
[11.214050] (ros2_aruco_interfaces) StdoutLine: {'line': b'[ 90%] \x1b[32mBuilding C object CMakeFiles/ros2_aruco_interfaces__rosidl_typesupport_introspection_c__pyext.dir/rosidl_generator_py/ros2_aruco_interfaces/_ros2_aruco_interfaces_s.ep.rosidl_typesupport_introspection_c.c.o\x1b[0m\n'}
[11.214440] (ros2_aruco_interfaces) StdoutLine: {'line': b'[ 90%] \x1b[32mBuilding C object CMakeFiles/ros2_aruco_interfaces__rosidl_typesupport_fastrtps_c__pyext.dir/rosidl_generator_py/ros2_aruco_interfaces/_ros2_aruco_interfaces_s.ep.rosidl_typesupport_fastrtps_c.c.o\x1b[0m\n'}
[11.215792] (-) TimerEvent: {}
[11.316053] (-) TimerEvent: {}
[11.345944] (ros2_aruco_interfaces) StdoutLine: {'line': b'[100%] \x1b[32m\x1b[1mLinking C shared library rosidl_generator_py/ros2_aruco_interfaces/ros2_aruco_interfaces_s__rosidl_typesupport_fastrtps_c.cpython-310-x86_64-linux-gnu.so\x1b[0m\n'}
[11.346127] (ros2_aruco_interfaces) StdoutLine: {'line': b'[100%] \x1b[32m\x1b[1mLinking C shared library rosidl_generator_py/ros2_aruco_interfaces/ros2_aruco_interfaces_s__rosidl_typesupport_c.cpython-310-x86_64-linux-gnu.so\x1b[0m\n'}
[11.346185] (ros2_aruco_interfaces) StdoutLine: {'line': b'[100%] \x1b[32m\x1b[1mLinking C shared library rosidl_generator_py/ros2_aruco_interfaces/ros2_aruco_interfaces_s__rosidl_typesupport_introspection_c.cpython-310-x86_64-linux-gnu.so\x1b[0m\n'}
[11.416164] (-) TimerEvent: {}
[11.463473] (ros2_aruco_interfaces) StdoutLine: {'line': b'[100%] Built target ros2_aruco_interfaces__rosidl_typesupport_c__pyext\n'}
[11.464700] (ros2_aruco_interfaces) StdoutLine: {'line': b'[100%] Built target ros2_aruco_interfaces__rosidl_typesupport_fastrtps_c__pyext\n'}
[11.465500] (ros2_aruco_interfaces) StdoutLine: {'line': b'[100%] Built target ros2_aruco_interfaces__rosidl_typesupport_introspection_c__pyext\n'}
[11.516255] (-) TimerEvent: {}
[11.519852] (ros2_aruco_interfaces) CommandEnded: {'returncode': 0}
[11.524576] (ros2_aruco_interfaces) JobProgress: {'identifier': 'ros2_aruco_interfaces', 'progress': 'install'}
[11.551909] (ros2_aruco_interfaces) Command: {'cmd': ['/usr/bin/cmake', '--install', '/home/cc/ee106a/fa25/class/ee106a-adb/106project/106a-CATCH/build/ros2_aruco_interfaces'], 'cwd': '/home/cc/ee106a/fa25/class/ee106a-adb/106project/106a-CATCH/build/ros2_aruco_interfaces', 'env': OrderedDict([('ARCH', 'x86_64'), ('QT_SCALE_FACTOR', '1'), ('USER', 'ee106a-adb'), ('HOSTNAME', 'ros2'), ('XDG_SESSION_TYPE', 'x11'), ('MASTERDIR', '/home/ff/ee106a'), ('COMPIZ_CONFIG_PROFILE', 'mate'), ('XDG_CACHE_HOME', '/home/cc/ee106a/fa25/class/ee106a-adb/.cache'), ('SHLVL', '2'), ('LD_LIBRARY_PATH', '/usr/lib/x86_64-linux-gnu/gazebo-11/plugins:/opt/ros/humble/opt/rviz_ogre_vendor/lib:/opt/ros/humble/lib/x86_64-linux-gnu:/opt/ros/humble/lib'), ('HOME', '/home/cc/ee106a/fa25/class/ee106a-adb'), ('OLDPWD', '/home/cc/ee106a/fa25/class/ee106a-adb/106project'), ('DESKTOP_SESSION', 'mate'), ('ROS_PYTHON_VERSION', '3'), ('GTK_MODULES', 'gail:atk-bridge:appmenu-gtk-module:gail:atk-bridge:canberra-gtk-module'), ('EE106_UR_ROBOT_IP', '192.168.1.102'), ('DISTROBOX_ENTER_PATH', '/usr/local/bin/distrobox-enter'), ('SYSTEMD_EXEC_PID', '128941'), ('NNTPSERVER', 'news.csua.berkeley.edu'), ('VISUAL', 'emacs'), ('XDG_STATE_HOME', '/home/cc/ee106a/fa25/class/ee106a-adb/.local/state'), ('DBUS_SESSION_BUS_ADDRESS', 'unix:path=/run/user/90079/bus'), ('COLORTERM', 'truecolor'), ('container', 'podman'), ('UBUNTU_MENUPROXY', '1'), ('QT_QPA_PLATFORMTHEME', 'gtk2'), ('COLCON_PREFIX_PATH', '/home/ff/ee106a/robot_workspaces/ur/install'), ('ROS_DISTRO', 'humble'), ('GTK_IM_MODULE', 'ibus'), ('LOGNAME', 'ee106a-adb'), ('MASTER', 'ee106a'), ('WINDOWID', '46137350'), ('ROS_VERSION', '2'), ('XDG_SESSION_CLASS', 'user'), ('TERMINFO_DIRS', '/usr/share/terminfo:/run/host/usr/share/terminfo'), ('USERNAME', 'ee106a-adb'), ('TERM', 'xterm-256color'), ('GTK_OVERLAY_SCROLLING', '0'), ('XDG_SESSION_ID', '74'), ('ROS_LOCALHOST_ONLY', '0'), ('WINDOWPATH', '2'), ('PATH', '/opt/ros/humble/bin:/share/b/grading/bin:/home/ff/ee106a/bin:/home/ff/ee106a/bin/arch/x86_64:/share/b/grading/bin:/home/ff/ee106a/bin:/home/ff/ee106a/bin/arch/x86_64:/usr/local/sbin:/usr/local/bin:/usr/sbin:/usr/bin:/sbin:/bin:/usr/games:/usr/local/games:/snap/bin:/snap/bin:/share/b/grading/bin:/share/b/grading/sbin:/share/b/runas/x86_64:/share/b/bin:/home/ff/ee106a/venvs/all:/usr/local/sbin:/usr/local/bin:/usr/sbin:/usr/bin:/sbin:/bin:/share/b/grading/bin:/share/b/grading/sbin:/share/b/runas/x86_64:/share/b/bin:/home/ff/ee106a/venvs/all'), ('SESSION_MANAGER', 'local/c105-8:@/tmp/.ICE-unix/128992,unix/c105-8:/tmp/.ICE-unix/128992'), ('OS', 'Linux'), ('XDG_RUNTIME_DIR', '/run/user/90079'), ('DISPLAY', ':1'), ('LANG', 'en_US.UTF-8'), ('XDG_CURRENT_DESKTOP', 'MATE'), ('XDG_DATA_HOME', '/home/cc/ee106a/fa25/class/ee106a-adb/.local/share'), ('XDG_CONFIG_HOME', '/home/cc/ee106a/fa25/class/ee106a-adb/.config'), ('XMODIFIERS', '@im=ibus'), ('XDG_SESSION_DESKTOP', 'mate'), ('XAUTHORITY', '/run/user/90079/gdm/Xauthority'), ('SSH_AUTH_SOCK', '/run/user/90079/keyring/ssh'), ('ROS_DOMAIN_ID', '28'), ('AMENT_PREFIX_PATH', '/home/ff/ee106a/robot_workspaces/ur/install/ur7e_utils:/opt/ros/humble'), ('SHELL', '/usr/bin/bash'), ('QT_ACCESSIBILITY', '1'), ('EE106_UR_ROBOT_NAME', 'astroboy'), ('GDMSESSION', 'mate'), ('RUNAS', '/share/b/runas/x86_64'), ('GPG_AGENT_INFO', '/run/user/90079/gnupg/S.gpg-agent:0:1'), ('CONFIG_SHELL', '/usr/bin/ksh'), ('QT_IM_MODULE', 'ibus'), ('PWD', '/home/cc/ee106a/fa25/class/ee106a-adb/106project/106a-CATCH/build/ros2_aruco_interfaces'), ('EE106_ENV_SETUP', 'ur_ros2'), ('CONTAINER_ID', 'ros2'), ('LC_ALL', 'C.UTF-8'), ('XDG_CONFIG_DIRS', '/etc/xdg/xdg-mate:/etc/xdg'), ('CLUTTER_IM_MODULE', 'ibus'), ('XDG_DATA_DIRS', '/usr/share/mate:/usr/share/mate:/usr/share/gnome:/home/cc/ee106a/fa25/class/ee106a-adb/.local/share/flatpak/exports/share:/var/lib/flatpak/exports/share:/usr/local/share/:/usr/share/:/var/lib/snapd/desktop:/usr/local/share:/usr/share'), ('PYTHONPATH', '/home/ff/ee106a/robot_workspaces/ur/install/ur7e_utils/lib/python3.10/site-packages:/opt/ros/humble/lib/python3.10/site-packages:/opt/ros/humble/local/lib/python3.10/dist-packages'), ('MATE_DESKTOP_SESSION_ID', 'this-is-deprecated'), ('COLCON', '1'), ('MANPATH', '/usr/local/man:/usr/man:/usr/X11/man:/usr/local/man:/share/b/grading/man:/usr/local/man:/usr/man:/usr/X11/man:/usr/local/man:/share/b/grading/man:'), ('VTE_VERSION', '6800'), ('EDITOR', 'emacs'), ('QT_FONT_DPI', '122'), ('CMAKE_PREFIX_PATH', '/home/ff/ee106a/robot_workspaces/ur/install/ur7e_utils:/opt/ros/humble')]), 'shell': False}
[11.583002] (ros2_aruco_interfaces) StdoutLine: {'line': b'-- Install configuration: ""\n'}
[11.591726] (ros2_aruco_interfaces) StdoutLine: {'line': b'-- Installing: /home/cc/ee106a/fa25/class/ee106a-adb/106project/106a-CATCH/install/ros2_aruco_interfaces/share/ament_index/resource_index/rosidl_interfaces/ros2_aruco_interfaces\n'}
[11.600569] (ros2_aruco_interfaces) StdoutLine: {'line': b'-- Installing: /home/cc/ee106a/fa25/class/ee106a-adb/106project/106a-CATCH/install/ros2_aruco_interfaces/include/ros2_aruco_interfaces/ros2_aruco_interfaces\n'}
[11.608251] (ros2_aruco_interfaces) StdoutLine: {'line': b'-- Installing: /home/cc/ee106a/fa25/class/ee106a-adb/106project/106a-CATCH/install/ros2_aruco_interfaces/include/ros2_aruco_interfaces/ros2_aruco_interfaces/msg\n'}
[11.615575] (ros2_aruco_interfaces) StdoutLine: {'line': b'-- Installing: /home/cc/ee106a/fa25/class/ee106a-adb/106project/106a-CATCH/install/ros2_aruco_interfaces/include/ros2_aruco_interfaces/ros2_aruco_interfaces/msg/aruco_markers.h\n'}
[11.616306] (-) TimerEvent: {}
[11.624649] (ros2_aruco_interfaces) StdoutLine: {'line': b'-- Installing: /home/cc/ee106a/fa25/class/ee106a-adb/106project/106a-CATCH/install/ros2_aruco_interfaces/include/ros2_aruco_interfaces/ros2_aruco_interfaces/msg/rosidl_generator_c__visibility_control.h\n'}
[11.632973] (ros2_aruco_interfaces) StdoutLine: {'line': b'-- Installing: /home/cc/ee106a/fa25/class/ee106a-adb/106project/106a-CATCH/install/ros2_aruco_interfaces/include/ros2_aruco_interfaces/ros2_aruco_interfaces/msg/detail\n'}
[11.640514] (ros2_aruco_interfaces) StdoutLine: {'line': b'-- Installing: /home/cc/ee106a/fa25/class/ee106a-adb/106project/106a-CATCH/install/ros2_aruco_interfaces/include/ros2_aruco_interfaces/ros2_aruco_interfaces/msg/detail/aruco_markers__functions.c\n'}
[11.648737] (ros2_aruco_interfaces) StdoutLine: {'line': b'-- Installing: /home/cc/ee106a/fa25/class/ee106a-adb/106project/106a-CATCH/install/ros2_aruco_interfaces/include/ros2_aruco_interfaces/ros2_aruco_interfaces/msg/detail/aruco_markers__functions.h\n'}
[11.656508] (ros2_aruco_interfaces) StdoutLine: {'line': b'-- Installing: /home/cc/ee106a/fa25/class/ee106a-adb/106project/106a-CATCH/install/ros2_aruco_interfaces/include/ros2_aruco_interfaces/ros2_aruco_interfaces/msg/detail/aruco_markers__struct.h\n'}
[11.664102] (ros2_aruco_interfaces) StdoutLine: {'line': b'-- Installing: /home/cc/ee106a/fa25/class/ee106a-adb/106project/106a-CATCH/install/ros2_aruco_interfaces/include/ros2_aruco_interfaces/ros2_aruco_interfaces/msg/detail/aruco_markers__type_support.h\n'}
[11.677455] (ros2_aruco_interfaces) StdoutLine: {'line': b'-- Installing: /home/cc/ee106a/fa25/class/ee106a-adb/106project/106a-CATCH/install/ros2_aruco_interfaces/share/ros2_aruco_interfaces/environment/library_path.sh\n'}
[11.684961] (ros2_aruco_interfaces) StdoutLine: {'line': b'-- Installing: /home/cc/ee106a/fa25/class/ee106a-adb/106project/106a-CATCH/install/ros2_aruco_interfaces/share/ros2_aruco_interfaces/environment/library_path.dsv\n'}
[11.696991] (ros2_aruco_interfaces) StdoutLine: {'line': b'-- Installing: /home/cc/ee106a/fa25/class/ee106a-adb/106project/106a-CATCH/install/ros2_aruco_interfaces/lib/libros2_aruco_interfaces__rosidl_generator_c.so\n'}
[11.708973] (ros2_aruco_interfaces) StdoutLine: {'line': b'-- Set runtime path of "/home/cc/ee106a/fa25/class/ee106a-adb/106project/106a-CATCH/install/ros2_aruco_interfaces/lib/libros2_aruco_interfaces__rosidl_generator_c.so" to ""\n'}
[11.709544] (ros2_aruco_interfaces) StdoutLine: {'line': b'-- Up-to-date: /home/cc/ee106a/fa25/class/ee106a-adb/106project/106a-CATCH/install/ros2_aruco_interfaces/include/ros2_aruco_interfaces/ros2_aruco_interfaces\n'}
[11.711559] (ros2_aruco_interfaces) StdoutLine: {'line': b'-- Up-to-date: /home/cc/ee106a/fa25/class/ee106a-adb/106project/106a-CATCH/install/ros2_aruco_interfaces/include/ros2_aruco_interfaces/ros2_aruco_interfaces/msg\n'}
[11.713501] (ros2_aruco_interfaces) StdoutLine: {'line': b'-- Up-to-date: /home/cc/ee106a/fa25/class/ee106a-adb/106project/106a-CATCH/install/ros2_aruco_interfaces/include/ros2_aruco_interfaces/ros2_aruco_interfaces/msg/detail\n'}
[11.715460] (ros2_aruco_interfaces) StdoutLine: {'line': b'-- Installing: /home/cc/ee106a/fa25/class/ee106a-adb/106project/106a-CATCH/install/ros2_aruco_interfaces/include/ros2_aruco_interfaces/ros2_aruco_interfaces/msg/detail/aruco_markers__rosidl_typesupport_fastrtps_c.h\n'}
[11.716371] (-) TimerEvent: {}
[11.724026] (ros2_aruco_interfaces) StdoutLine: {'line': b'-- Installing: /home/cc/ee106a/fa25/class/ee106a-adb/106project/106a-CATCH/install/ros2_aruco_interfaces/include/ros2_aruco_interfaces/ros2_aruco_interfaces/msg/rosidl_typesupport_fastrtps_c__visibility_control.h\n'}
[11.733335] (ros2_aruco_interfaces) StdoutLine: {'line': b'-- Installing: /home/cc/ee106a/fa25/class/ee106a-adb/106project/106a-CATCH/install/ros2_aruco_interfaces/lib/libros2_aruco_interfaces__rosidl_typesupport_fastrtps_c.so\n'}
[11.746289] (ros2_aruco_interfaces) StdoutLine: {'line': b'-- Set runtime path of "/home/cc/ee106a/fa25/class/ee106a-adb/106project/106a-CATCH/install/ros2_aruco_interfaces/lib/libros2_aruco_interfaces__rosidl_typesupport_fastrtps_c.so" to ""\n'}
[11.746840] (ros2_aruco_interfaces) StdoutLine: {'line': b'-- Up-to-date: /home/cc/ee106a/fa25/class/ee106a-adb/106project/106a-CATCH/install/ros2_aruco_interfaces/include/ros2_aruco_interfaces/ros2_aruco_interfaces\n'}
[11.748725] (ros2_aruco_interfaces) StdoutLine: {'line': b'-- Up-to-date: /home/cc/ee106a/fa25/class/ee106a-adb/106project/106a-CATCH/install/ros2_aruco_interfaces/include/ros2_aruco_interfaces/ros2_aruco_interfaces/msg\n'}
[11.750705] (ros2_aruco_interfaces) StdoutLine: {'line': b'-- Installing: /home/cc/ee106a/fa25/class/ee106a-adb/106project/106a-CATCH/install/ros2_aruco_interfaces/include/ros2_aruco_interfaces/ros2_aruco_interfaces/msg/aruco_markers.hpp\n'}
[11.758796] (ros2_aruco_interfaces) StdoutLine: {'line': b'-- Installing: /home/cc/ee106a/fa25/class/ee106a-adb/106project/106a-CATCH/install/ros2_aruco_interfaces/include/ros2_aruco_interfaces/ros2_aruco_interfaces/msg/rosidl_generator_cpp__visibility_control.hpp\n'}
[11.767151] (ros2_aruco_interfaces) StdoutLine: {'line': b'-- Up-to-date: /home/cc/ee106a/fa25/class/ee106a-adb/106project/106a-CATCH/install/ros2_aruco_interfaces/include/ros2_aruco_interfaces/ros2_aruco_interfaces/msg/detail\n'}
[11.769702] (ros2_aruco_interfaces) StdoutLine: {'line': b'-- Installing: /home/cc/ee106a/fa25/class/ee106a-adb/106project/106a-CATCH/install/ros2_aruco_interfaces/include/ros2_aruco_interfaces/ros2_aruco_interfaces/msg/detail/aruco_markers__builder.hpp\n'}
[11.778766] (ros2_aruco_interfaces) StdoutLine: {'line': b'-- Installing: /home/cc/ee106a/fa25/class/ee106a-adb/106project/106a-CATCH/install/ros2_aruco_interfaces/include/ros2_aruco_interfaces/ros2_aruco_interfaces/msg/detail/aruco_markers__struct.hpp\n'}
[11.786902] (ros2_aruco_interfaces) StdoutLine: {'line': b'-- Installing: /home/cc/ee106a/fa25/class/ee106a-adb/106project/106a-CATCH/install/ros2_aruco_interfaces/include/ros2_aruco_interfaces/ros2_aruco_interfaces/msg/detail/aruco_markers__traits.hpp\n'}
[11.796096] (ros2_aruco_interfaces) StdoutLine: {'line': b'-- Installing: /home/cc/ee106a/fa25/class/ee106a-adb/106project/106a-CATCH/install/ros2_aruco_interfaces/include/ros2_aruco_interfaces/ros2_aruco_interfaces/msg/detail/aruco_markers__type_support.hpp\n'}
[11.804146] (ros2_aruco_interfaces) StdoutLine: {'line': b'-- Up-to-date: /home/cc/ee106a/fa25/class/ee106a-adb/106project/106a-CATCH/install/ros2_aruco_interfaces/include/ros2_aruco_interfaces/ros2_aruco_interfaces\n'}
[11.806158] (ros2_aruco_interfaces) StdoutLine: {'line': b'-- Up-to-date: /home/cc/ee106a/fa25/class/ee106a-adb/106project/106a-CATCH/install/ros2_aruco_interfaces/include/ros2_aruco_interfaces/ros2_aruco_interfaces/msg\n'}
[11.808345] (ros2_aruco_interfaces) StdoutLine: {'line': b'-- Up-to-date: /home/cc/ee106a/fa25/class/ee106a-adb/106project/106a-CATCH/install/ros2_aruco_interfaces/include/ros2_aruco_interfaces/ros2_aruco_interfaces/msg/detail\n'}
[11.810311] (ros2_aruco_interfaces) StdoutLine: {'line': b'-- Installing: /home/cc/ee106a/fa25/class/ee106a-adb/106project/106a-CATCH/install/ros2_aruco_interfaces/include/ros2_aruco_interfaces/ros2_aruco_interfaces/msg/detail/aruco_markers__rosidl_typesupport_fastrtps_cpp.hpp\n'}
[11.816451] (-) TimerEvent: {}
[11.818295] (ros2_aruco_interfaces) StdoutLine: {'line': b'-- Installing: /home/cc/ee106a/fa25/class/ee106a-adb/106project/106a-CATCH/install/ros2_aruco_interfaces/include/ros2_aruco_interfaces/ros2_aruco_interfaces/msg/detail/dds_fastrtps\n'}
[11.825180] (ros2_aruco_interfaces) StdoutLine: {'line': b'-- Installing: /home/cc/ee106a/fa25/class/ee106a-adb/106project/106a-CATCH/install/ros2_aruco_interfaces/include/ros2_aruco_interfaces/ros2_aruco_interfaces/msg/rosidl_typesupport_fastrtps_cpp__visibility_control.h\n'}
[11.833972] (ros2_aruco_interfaces) StdoutLine: {'line': b'-- Installing: /home/cc/ee106a/fa25/class/ee106a-adb/106project/106a-CATCH/install/ros2_aruco_interfaces/lib/libros2_aruco_interfaces__rosidl_typesupport_fastrtps_cpp.so\n'}
[11.852337] (ros2_aruco_interfaces) StdoutLine: {'line': b'-- Set runtime path of "/home/cc/ee106a/fa25/class/ee106a-adb/106project/106a-CATCH/install/ros2_aruco_interfaces/lib/libros2_aruco_interfaces__rosidl_typesupport_fastrtps_cpp.so" to ""\n'}
[11.852799] (ros2_aruco_interfaces) StdoutLine: {'line': b'-- Up-to-date: /home/cc/ee106a/fa25/class/ee106a-adb/106project/106a-CATCH/install/ros2_aruco_interfaces/include/ros2_aruco_interfaces/ros2_aruco_interfaces\n'}
[11.854769] (ros2_aruco_interfaces) StdoutLine: {'line': b'-- Up-to-date: /home/cc/ee106a/fa25/class/ee106a-adb/106project/106a-CATCH/install/ros2_aruco_interfaces/include/ros2_aruco_interfaces/ros2_aruco_interfaces/msg\n'}
[11.856650] (ros2_aruco_interfaces) StdoutLine: {'line': b'-- Up-to-date: /home/cc/ee106a/fa25/class/ee106a-adb/106project/106a-CATCH/install/ros2_aruco_interfaces/include/ros2_aruco_interfaces/ros2_aruco_interfaces/msg/detail\n'}
[11.858668] (ros2_aruco_interfaces) StdoutLine: {'line': b'-- Installing: /home/cc/ee106a/fa25/class/ee106a-adb/106project/106a-CATCH/install/ros2_aruco_interfaces/include/ros2_aruco_interfaces/ros2_aruco_interfaces/msg/detail/aruco_markers__rosidl_typesupport_introspection_c.h\n'}
[11.866974] (ros2_aruco_interfaces) StdoutLine: {'line': b'-- Installing: /home/cc/ee106a/fa25/class/ee106a-adb/106project/106a-CATCH/install/ros2_aruco_interfaces/include/ros2_aruco_interfaces/ros2_aruco_interfaces/msg/detail/aruco_markers__type_support.c\n'}
[11.875012] (ros2_aruco_interfaces) StdoutLine: {'line': b'-- Installing: /home/cc/ee106a/fa25/class/ee106a-adb/106project/106a-CATCH/install/ros2_aruco_interfaces/include/ros2_aruco_interfaces/ros2_aruco_interfaces/msg/rosidl_typesupport_introspection_c__visibility_control.h\n'}
[11.884376] (ros2_aruco_interfaces) StdoutLine: {'line': b'-- Installing: /home/cc/ee106a/fa25/class/ee106a-adb/106project/106a-CATCH/install/ros2_aruco_interfaces/lib/libros2_aruco_interfaces__rosidl_typesupport_introspection_c.so\n'}
[11.897252] (ros2_aruco_interfaces) StdoutLine: {'line': b'-- Set runtime path of "/home/cc/ee106a/fa25/class/ee106a-adb/106project/106a-CATCH/install/ros2_aruco_interfaces/lib/libros2_aruco_interfaces__rosidl_typesupport_introspection_c.so" to ""\n'}
[11.898959] (ros2_aruco_interfaces) StdoutLine: {'line': b'-- Installing: /home/cc/ee106a/fa25/class/ee106a-adb/106project/106a-CATCH/install/ros2_aruco_interfaces/lib/libros2_aruco_interfaces__rosidl_typesupport_c.so\n'}
[11.910705] (ros2_aruco_interfaces) StdoutLine: {'line': b'-- Set runtime path of "/home/cc/ee106a/fa25/class/ee106a-adb/106project/106a-CATCH/install/ros2_aruco_interfaces/lib/libros2_aruco_interfaces__rosidl_typesupport_c.so" to ""\n'}
[11.911586] (ros2_aruco_interfaces) StdoutLine: {'line': b'-- Up-to-date: /home/cc/ee106a/fa25/class/ee106a-adb/106project/106a-CATCH/install/ros2_aruco_interfaces/include/ros2_aruco_interfaces/ros2_aruco_interfaces\n'}
[11.913628] (ros2_aruco_interfaces) StdoutLine: {'line': b'-- Up-to-date: /home/cc/ee106a/fa25/class/ee106a-adb/106project/106a-CATCH/install/ros2_aruco_interfaces/include/ros2_aruco_interfaces/ros2_aruco_interfaces/msg\n'}
[11.915537] (ros2_aruco_interfaces) StdoutLine: {'line': b'-- Up-to-date: /home/cc/ee106a/fa25/class/ee106a-adb/106project/106a-CATCH/install/ros2_aruco_interfaces/include/ros2_aruco_interfaces/ros2_aruco_interfaces/msg/detail\n'}
[11.916520] (-) TimerEvent: {}
[11.917540] (ros2_aruco_interfaces) StdoutLine: {'line': b'-- Installing: /home/cc/ee106a/fa25/class/ee106a-adb/106project/106a-CATCH/install/ros2_aruco_interfaces/include/ros2_aruco_interfaces/ros2_aruco_interfaces/msg/detail/aruco_markers__rosidl_typesupport_introspection_cpp.hpp\n'}
[11.925531] (ros2_aruco_interfaces) StdoutLine: {'line': b'-- Installing: /home/cc/ee106a/fa25/class/ee106a-adb/106project/106a-CATCH/install/ros2_aruco_interfaces/include/ros2_aruco_interfaces/ros2_aruco_interfaces/msg/detail/aruco_markers__type_support.cpp\n'}
[11.934202] (ros2_aruco_interfaces) StdoutLine: {'line': b'-- Installing: /home/cc/ee106a/fa25/class/ee106a-adb/106project/106a-CATCH/install/ros2_aruco_interfaces/lib/libros2_aruco_interfaces__rosidl_typesupport_introspection_cpp.so\n'}
[11.951736] (ros2_aruco_interfaces) StdoutLine: {'line': b'-- Set runtime path of "/home/cc/ee106a/fa25/class/ee106a-adb/106project/106a-CATCH/install/ros2_aruco_interfaces/lib/libros2_aruco_interfaces__rosidl_typesupport_introspection_cpp.so" to ""\n'}
[11.953318] (ros2_aruco_interfaces) StdoutLine: {'line': b'-- Installing: /home/cc/ee106a/fa25/class/ee106a-adb/106project/106a-CATCH/install/ros2_aruco_interfaces/lib/libros2_aruco_interfaces__rosidl_typesupport_cpp.so\n'}
[11.967289] (ros2_aruco_interfaces) StdoutLine: {'line': b'-- Set runtime path of "/home/cc/ee106a/fa25/class/ee106a-adb/106project/106a-CATCH/install/ros2_aruco_interfaces/lib/libros2_aruco_interfaces__rosidl_typesupport_cpp.so" to ""\n'}
[11.968884] (ros2_aruco_interfaces) StdoutLine: {'line': b'-- Installing: /home/cc/ee106a/fa25/class/ee106a-adb/106project/106a-CATCH/install/ros2_aruco_interfaces/share/ros2_aruco_interfaces/environment/pythonpath.sh\n'}
[11.977430] (ros2_aruco_interfaces) StdoutLine: {'line': b'-- Installing: /home/cc/ee106a/fa25/class/ee106a-adb/106project/106a-CATCH/install/ros2_aruco_interfaces/share/ros2_aruco_interfaces/environment/pythonpath.dsv\n'}
[11.984866] (ros2_aruco_interfaces) StdoutLine: {'line': b'-- Installing: /home/cc/ee106a/fa25/class/ee106a-adb/106project/106a-CATCH/install/ros2_aruco_interfaces/local/lib/python3.10/dist-packages/ros2_aruco_interfaces-0.1.0-py3.10.egg-info\n'}
[11.994502] (ros2_aruco_interfaces) StdoutLine: {'line': b'-- Installing: /home/cc/ee106a/fa25/class/ee106a-adb/106project/106a-CATCH/install/ros2_aruco_interfaces/local/lib/python3.10/dist-packages/ros2_aruco_interfaces-0.1.0-py3.10.egg-info/PKG-INFO\n'}
[12.002556] (ros2_aruco_interfaces) StdoutLine: {'line': b'-- Installing: /home/cc/ee106a/fa25/class/ee106a-adb/106project/106a-CATCH/install/ros2_aruco_interfaces/local/lib/python3.10/dist-packages/ros2_aruco_interfaces-0.1.0-py3.10.egg-info/dependency_links.txt\n'}
[12.010036] (ros2_aruco_interfaces) StdoutLine: {'line': b'-- Installing: /home/cc/ee106a/fa25/class/ee106a-adb/106project/106a-CATCH/install/ros2_aruco_interfaces/local/lib/python3.10/dist-packages/ros2_aruco_interfaces-0.1.0-py3.10.egg-info/top_level.txt\n'}
[12.016588] (-) TimerEvent: {}
[12.017520] (ros2_aruco_interfaces) StdoutLine: {'line': b'-- Installing: /home/cc/ee106a/fa25/class/ee106a-adb/106project/106a-CATCH/install/ros2_aruco_interfaces/local/lib/python3.10/dist-packages/ros2_aruco_interfaces-0.1.0-py3.10.egg-info/SOURCES.txt\n'}
[12.026196] (ros2_aruco_interfaces) StdoutLine: {'line': b'-- Installing: /home/cc/ee106a/fa25/class/ee106a-adb/106project/106a-CATCH/install/ros2_aruco_interfaces/local/lib/python3.10/dist-packages/ros2_aruco_interfaces\n'}
[12.033512] (ros2_aruco_interfaces) StdoutLine: {'line': b'-- Installing: /home/cc/ee106a/fa25/class/ee106a-adb/106project/106a-CATCH/install/ros2_aruco_interfaces/local/lib/python3.10/dist-packages/ros2_aruco_interfaces/__init__.py\n'}
[12.040707] (ros2_aruco_interfaces) StdoutLine: {'line': b'-- Installing: /home/cc/ee106a/fa25/class/ee106a-adb/106project/106a-CATCH/install/ros2_aruco_interfaces/local/lib/python3.10/dist-packages/ros2_aruco_interfaces/msg\n'}
[12.048117] (ros2_aruco_interfaces) StdoutLine: {'line': b'-- Installing: /home/cc/ee106a/fa25/class/ee106a-adb/106project/106a-CATCH/install/ros2_aruco_interfaces/local/lib/python3.10/dist-packages/ros2_aruco_interfaces/msg/_aruco_markers.py\n'}
[12.058567] (ros2_aruco_interfaces) StdoutLine: {'line': b'-- Installing: /home/cc/ee106a/fa25/class/ee106a-adb/106project/106a-CATCH/install/ros2_aruco_interfaces/local/lib/python3.10/dist-packages/ros2_aruco_interfaces/msg/_aruco_markers_s.c\n'}
[12.067170] (ros2_aruco_interfaces) StdoutLine: {'line': b'-- Installing: /home/cc/ee106a/fa25/class/ee106a-adb/106project/106a-CATCH/install/ros2_aruco_interfaces/local/lib/python3.10/dist-packages/ros2_aruco_interfaces/msg/__init__.py\n'}
[12.075864] (ros2_aruco_interfaces) StdoutLine: {'line': b'-- Installing: /home/cc/ee106a/fa25/class/ee106a-adb/106project/106a-CATCH/install/ros2_aruco_interfaces/local/lib/python3.10/dist-packages/ros2_aruco_interfaces/_ros2_aruco_interfaces_s.ep.rosidl_typesupport_fastrtps_c.c\n'}
[12.083926] (ros2_aruco_interfaces) StdoutLine: {'line': b'-- Installing: /home/cc/ee106a/fa25/class/ee106a-adb/106project/106a-CATCH/install/ros2_aruco_interfaces/local/lib/python3.10/dist-packages/ros2_aruco_interfaces/_ros2_aruco_interfaces_s.ep.rosidl_typesupport_introspection_c.c\n'}
[12.092706] (ros2_aruco_interfaces) StdoutLine: {'line': b'-- Installing: /home/cc/ee106a/fa25/class/ee106a-adb/106project/106a-CATCH/install/ros2_aruco_interfaces/local/lib/python3.10/dist-packages/ros2_aruco_interfaces/_ros2_aruco_interfaces_s.ep.rosidl_typesupport_c.c\n'}
[12.101001] (ros2_aruco_interfaces) StdoutLine: {'line': b'-- Installing: /home/cc/ee106a/fa25/class/ee106a-adb/106project/106a-CATCH/install/ros2_aruco_interfaces/local/lib/python3.10/dist-packages/ros2_aruco_interfaces/libros2_aruco_interfaces__rosidl_generator_py.so\n'}
[12.109825] (ros2_aruco_interfaces) StdoutLine: {'line': b'-- Installing: /home/cc/ee106a/fa25/class/ee106a-adb/106project/106a-CATCH/install/ros2_aruco_interfaces/local/lib/python3.10/dist-packages/ros2_aruco_interfaces/ros2_aruco_interfaces_s__rosidl_typesupport_fastrtps_c.cpython-310-x86_64-linux-gnu.so\n'}
[12.116653] (-) TimerEvent: {}
[12.120109] (ros2_aruco_interfaces) StdoutLine: {'line': b'-- Installing: /home/cc/ee106a/fa25/class/ee106a-adb/106project/106a-CATCH/install/ros2_aruco_interfaces/local/lib/python3.10/dist-packages/ros2_aruco_interfaces/ros2_aruco_interfaces_s__rosidl_typesupport_introspection_c.cpython-310-x86_64-linux-gnu.so\n'}
[12.130610] (ros2_aruco_interfaces) StdoutLine: {'line': b'-- Installing: /home/cc/ee106a/fa25/class/ee106a-adb/106project/106a-CATCH/install/ros2_aruco_interfaces/local/lib/python3.10/dist-packages/ros2_aruco_interfaces/ros2_aruco_interfaces_s__rosidl_typesupport_c.cpython-310-x86_64-linux-gnu.so\n'}
[12.216824] (-) TimerEvent: {}
[12.222171] (ros2_aruco_interfaces) StdoutLine: {'line': b"Listing '/home/cc/ee106a/fa25/class/ee106a-adb/106project/106a-CATCH/install/ros2_aruco_interfaces/local/lib/python3.10/dist-packages/ros2_aruco_interfaces'...\n"}
[12.222423] (ros2_aruco_interfaces) StdoutLine: {'line': b"Compiling '/home/cc/ee106a/fa25/class/ee106a-adb/106project/106a-CATCH/install/ros2_aruco_interfaces/local/lib/python3.10/dist-packages/ros2_aruco_interfaces/__init__.py'...\n"}
[12.222584] (ros2_aruco_interfaces) StdoutLine: {'line': b"Listing '/home/cc/ee106a/fa25/class/ee106a-adb/106project/106a-CATCH/install/ros2_aruco_interfaces/local/lib/python3.10/dist-packages/ros2_aruco_interfaces/msg'...\n"}
[12.222730] (ros2_aruco_interfaces) StdoutLine: {'line': b"Compiling '/home/cc/ee106a/fa25/class/ee106a-adb/106project/106a-CATCH/install/ros2_aruco_interfaces/local/lib/python3.10/dist-packages/ros2_aruco_interfaces/msg/__init__.py'...\n"}
[12.222868] (ros2_aruco_interfaces) StdoutLine: {'line': b"Compiling '/home/cc/ee106a/fa25/class/ee106a-adb/106project/106a-CATCH/install/ros2_aruco_interfaces/local/lib/python3.10/dist-packages/ros2_aruco_interfaces/msg/_aruco_markers.py'...\n"}
[12.234402] (ros2_aruco_interfaces) StdoutLine: {'line': b'-- Installing: /home/cc/ee106a/fa25/class/ee106a-adb/106project/106a-CATCH/install/ros2_aruco_interfaces/local/lib/python3.10/dist-packages/ros2_aruco_interfaces/ros2_aruco_interfaces_s__rosidl_typesupport_fastrtps_c.cpython-310-x86_64-linux-gnu.so\n'}
[12.246300] (ros2_aruco_interfaces) StdoutLine: {'line': b'-- Set runtime path of "/home/cc/ee106a/fa25/class/ee106a-adb/106project/106a-CATCH/install/ros2_aruco_interfaces/local/lib/python3.10/dist-packages/ros2_aruco_interfaces/ros2_aruco_interfaces_s__rosidl_typesupport_fastrtps_c.cpython-310-x86_64-linux-gnu.so" to ""\n'}
[12.250459] (ros2_aruco_interfaces) StdoutLine: {'line': b'-- Installing: /home/cc/ee106a/fa25/class/ee106a-adb/106project/106a-CATCH/install/ros2_aruco_interfaces/local/lib/python3.10/dist-packages/ros2_aruco_interfaces/ros2_aruco_interfaces_s__rosidl_typesupport_introspection_c.cpython-310-x86_64-linux-gnu.so\n'}
[12.263416] (ros2_aruco_interfaces) StdoutLine: {'line': b'-- Set runtime path of "/home/cc/ee106a/fa25/class/ee106a-adb/106project/106a-CATCH/install/ros2_aruco_interfaces/local/lib/python3.10/dist-packages/ros2_aruco_interfaces/ros2_aruco_interfaces_s__rosidl_typesupport_introspection_c.cpython-310-x86_64-linux-gnu.so" to ""\n'}
[12.267534] (ros2_aruco_interfaces) StdoutLine: {'line': b'-- Installing: /home/cc/ee106a/fa25/class/ee106a-adb/106project/106a-CATCH/install/ros2_aruco_interfaces/local/lib/python3.10/dist-packages/ros2_aruco_interfaces/ros2_aruco_interfaces_s__rosidl_typesupport_c.cpython-310-x86_64-linux-gnu.so\n'}
[12.279629] (ros2_aruco_interfaces) StdoutLine: {'line': b'-- Set runtime path of "/home/cc/ee106a/fa25/class/ee106a-adb/106project/106a-CATCH/install/ros2_aruco_interfaces/local/lib/python3.10/dist-packages/ros2_aruco_interfaces/ros2_aruco_interfaces_s__rosidl_typesupport_c.cpython-310-x86_64-linux-gnu.so" to ""\n'}
[12.280858] (ros2_aruco_interfaces) StdoutLine: {'line': b'-- Installing: /home/cc/ee106a/fa25/class/ee106a-adb/106project/106a-CATCH/install/ros2_aruco_interfaces/lib/libros2_aruco_interfaces__rosidl_generator_py.so\n'}
[12.294235] (ros2_aruco_interfaces) StdoutLine: {'line': b'-- Set runtime path of "/home/cc/ee106a/fa25/class/ee106a-adb/106project/106a-CATCH/install/ros2_aruco_interfaces/lib/libros2_aruco_interfaces__rosidl_generator_py.so" to ""\n'}
[12.300049] (ros2_aruco_interfaces) StdoutLine: {'line': b'-- Installing: /home/cc/ee106a/fa25/class/ee106a-adb/106project/106a-CATCH/install/ros2_aruco_interfaces/share/ros2_aruco_interfaces/msg/ArucoMarkers.idl\n'}
[12.307750] (ros2_aruco_interfaces) StdoutLine: {'line': b'-- Installing: /home/cc/ee106a/fa25/class/ee106a-adb/106project/106a-CATCH/install/ros2_aruco_interfaces/share/ros2_aruco_interfaces/msg/ArucoMarkers.msg\n'}
[12.316942] (-) TimerEvent: {}
[12.321455] (ros2_aruco_interfaces) StdoutLine: {'line': b'-- Installing: /home/cc/ee106a/fa25/class/ee106a-adb/106project/106a-CATCH/install/ros2_aruco_interfaces/share/ament_index/resource_index/package_run_dependencies/ros2_aruco_interfaces\n'}
[12.335386] (ros2_aruco_interfaces) StdoutLine: {'line': b'-- Installing: /home/cc/ee106a/fa25/class/ee106a-adb/106project/106a-CATCH/install/ros2_aruco_interfaces/share/ament_index/resource_index/parent_prefix_path/ros2_aruco_interfaces\n'}
[12.343704] (ros2_aruco_interfaces) StdoutLine: {'line': b'-- Installing: /home/cc/ee106a/fa25/class/ee106a-adb/106project/106a-CATCH/install/ros2_aruco_interfaces/share/ros2_aruco_interfaces/environment/ament_prefix_path.sh\n'}
[12.352500] (ros2_aruco_interfaces) StdoutLine: {'line': b'-- Installing: /home/cc/ee106a/fa25/class/ee106a-adb/106project/106a-CATCH/install/ros2_aruco_interfaces/share/ros2_aruco_interfaces/environment/ament_prefix_path.dsv\n'}
[12.360194] (ros2_aruco_interfaces) StdoutLine: {'line': b'-- Installing: /home/cc/ee106a/fa25/class/ee106a-adb/106project/106a-CATCH/install/ros2_aruco_interfaces/share/ros2_aruco_interfaces/environment/path.sh\n'}
[12.367272] (ros2_aruco_interfaces) StdoutLine: {'line': b'-- Installing: /home/cc/ee106a/fa25/class/ee106a-adb/106project/106a-CATCH/install/ros2_aruco_interfaces/share/ros2_aruco_interfaces/environment/path.dsv\n'}
[12.375102] (ros2_aruco_interfaces) StdoutLine: {'line': b'-- Installing: /home/cc/ee106a/fa25/class/ee106a-adb/106project/106a-CATCH/install/ros2_aruco_interfaces/share/ros2_aruco_interfaces/local_setup.bash\n'}
[12.383767] (ros2_aruco_interfaces) StdoutLine: {'line': b'-- Installing: /home/cc/ee106a/fa25/class/ee106a-adb/106project/106a-CATCH/install/ros2_aruco_interfaces/share/ros2_aruco_interfaces/local_setup.sh\n'}
[12.393442] (ros2_aruco_interfaces) StdoutLine: {'line': b'-- Installing: /home/cc/ee106a/fa25/class/ee106a-adb/106project/106a-CATCH/install/ros2_aruco_interfaces/share/ros2_aruco_interfaces/local_setup.zsh\n'}
[12.402632] (ros2_aruco_interfaces) StdoutLine: {'line': b'-- Installing: /home/cc/ee106a/fa25/class/ee106a-adb/106project/106a-CATCH/install/ros2_aruco_interfaces/share/ros2_aruco_interfaces/local_setup.dsv\n'}
[12.410488] (ros2_aruco_interfaces) StdoutLine: {'line': b'-- Installing: /home/cc/ee106a/fa25/class/ee106a-adb/106project/106a-CATCH/install/ros2_aruco_interfaces/share/ros2_aruco_interfaces/package.dsv\n'}
[12.417132] (-) TimerEvent: {}
[12.424481] (ros2_aruco_interfaces) StdoutLine: {'line': b'-- Installing: /home/cc/ee106a/fa25/class/ee106a-adb/106project/106a-CATCH/install/ros2_aruco_interfaces/share/ament_index/resource_index/packages/ros2_aruco_interfaces\n'}
[12.436480] (ros2_aruco_interfaces) StdoutLine: {'line': b'-- Installing: /home/cc/ee106a/fa25/class/ee106a-adb/106project/106a-CATCH/install/ros2_aruco_interfaces/share/ros2_aruco_interfaces/cmake/export_ros2_aruco_interfaces__rosidl_generator_cExport.cmake\n'}
[12.446196] (ros2_aruco_interfaces) StdoutLine: {'line': b'-- Installing: /home/cc/ee106a/fa25/class/ee106a-adb/106project/106a-CATCH/install/ros2_aruco_interfaces/share/ros2_aruco_interfaces/cmake/export_ros2_aruco_interfaces__rosidl_generator_cExport-noconfig.cmake\n'}
[12.455390] (ros2_aruco_interfaces) StdoutLine: {'line': b'-- Installing: /home/cc/ee106a/fa25/class/ee106a-adb/106project/106a-CATCH/install/ros2_aruco_interfaces/share/ros2_aruco_interfaces/cmake/export_ros2_aruco_interfaces__rosidl_typesupport_fastrtps_cExport.cmake\n'}
[12.464963] (ros2_aruco_interfaces) StdoutLine: {'line': b'-- Installing: /home/cc/ee106a/fa25/class/ee106a-adb/106project/106a-CATCH/install/ros2_aruco_interfaces/share/ros2_aruco_interfaces/cmake/export_ros2_aruco_interfaces__rosidl_typesupport_fastrtps_cExport-noconfig.cmake\n'}
[12.474225] (ros2_aruco_interfaces) StdoutLine: {'line': b'-- Installing: /home/cc/ee106a/fa25/class/ee106a-adb/106project/106a-CATCH/install/ros2_aruco_interfaces/share/ros2_aruco_interfaces/cmake/export_ros2_aruco_interfaces__rosidl_generator_cppExport.cmake\n'}
[12.483461] (ros2_aruco_interfaces) StdoutLine: {'line': b'-- Installing: /home/cc/ee106a/fa25/class/ee106a-adb/106project/106a-CATCH/install/ros2_aruco_interfaces/share/ros2_aruco_interfaces/cmake/export_ros2_aruco_interfaces__rosidl_typesupport_fastrtps_cppExport.cmake\n'}
[12.492984] (ros2_aruco_interfaces) StdoutLine: {'line': b'-- Installing: /home/cc/ee106a/fa25/class/ee106a-adb/106project/106a-CATCH/install/ros2_aruco_interfaces/share/ros2_aruco_interfaces/cmake/export_ros2_aruco_interfaces__rosidl_typesupport_fastrtps_cppExport-noconfig.cmake\n'}
[12.502075] (ros2_aruco_interfaces) StdoutLine: {'line': b'-- Installing: /home/cc/ee106a/fa25/class/ee106a-adb/106project/106a-CATCH/install/ros2_aruco_interfaces/share/ros2_aruco_interfaces/cmake/ros2_aruco_interfaces__rosidl_typesupport_introspection_cExport.cmake\n'}
[12.514004] (ros2_aruco_interfaces) StdoutLine: {'line': b'-- Installing: /home/cc/ee106a/fa25/class/ee106a-adb/106project/106a-CATCH/install/ros2_aruco_interfaces/share/ros2_aruco_interfaces/cmake/ros2_aruco_interfaces__rosidl_typesupport_introspection_cExport-noconfig.cmake\n'}
[12.517235] (-) TimerEvent: {}
[12.523591] (ros2_aruco_interfaces) StdoutLine: {'line': b'-- Installing: /home/cc/ee106a/fa25/class/ee106a-adb/106project/106a-CATCH/install/ros2_aruco_interfaces/share/ros2_aruco_interfaces/cmake/ros2_aruco_interfaces__rosidl_typesupport_cExport.cmake\n'}
[12.542654] (ros2_aruco_interfaces) StdoutLine: {'line': b'-- Installing: /home/cc/ee106a/fa25/class/ee106a-adb/106project/106a-CATCH/install/ros2_aruco_interfaces/share/ros2_aruco_interfaces/cmake/ros2_aruco_interfaces__rosidl_typesupport_cExport-noconfig.cmake\n'}
[12.552182] (ros2_aruco_interfaces) StdoutLine: {'line': b'-- Installing: /home/cc/ee106a/fa25/class/ee106a-adb/106project/106a-CATCH/install/ros2_aruco_interfaces/share/ros2_aruco_interfaces/cmake/ros2_aruco_interfaces__rosidl_typesupport_introspection_cppExport.cmake\n'}
[12.562211] (ros2_aruco_interfaces) StdoutLine: {'line': b'-- Installing: /home/cc/ee106a/fa25/class/ee106a-adb/106project/106a-CATCH/install/ros2_aruco_interfaces/share/ros2_aruco_interfaces/cmake/ros2_aruco_interfaces__rosidl_typesupport_introspection_cppExport-noconfig.cmake\n'}
[12.571522] (ros2_aruco_interfaces) StdoutLine: {'line': b'-- Installing: /home/cc/ee106a/fa25/class/ee106a-adb/106project/106a-CATCH/install/ros2_aruco_interfaces/share/ros2_aruco_interfaces/cmake/ros2_aruco_interfaces__rosidl_typesupport_cppExport.cmake\n'}
[12.581324] (ros2_aruco_interfaces) StdoutLine: {'line': b'-- Installing: /home/cc/ee106a/fa25/class/ee106a-adb/106project/106a-CATCH/install/ros2_aruco_interfaces/share/ros2_aruco_interfaces/cmake/ros2_aruco_interfaces__rosidl_typesupport_cppExport-noconfig.cmake\n'}
[12.590476] (ros2_aruco_interfaces) StdoutLine: {'line': b'-- Installing: /home/cc/ee106a/fa25/class/ee106a-adb/106project/106a-CATCH/install/ros2_aruco_interfaces/share/ros2_aruco_interfaces/cmake/export_ros2_aruco_interfaces__rosidl_generator_pyExport.cmake\n'}
[12.600018] (ros2_aruco_interfaces) StdoutLine: {'line': b'-- Installing: /home/cc/ee106a/fa25/class/ee106a-adb/106project/106a-CATCH/install/ros2_aruco_interfaces/share/ros2_aruco_interfaces/cmake/export_ros2_aruco_interfaces__rosidl_generator_pyExport-noconfig.cmake\n'}
[12.608437] (ros2_aruco_interfaces) StdoutLine: {'line': b'-- Installing: /home/cc/ee106a/fa25/class/ee106a-adb/106project/106a-CATCH/install/ros2_aruco_interfaces/share/ros2_aruco_interfaces/cmake/rosidl_cmake-extras.cmake\n'}
[12.616289] (ros2_aruco_interfaces) StdoutLine: {'line': b'-- Installing: /home/cc/ee106a/fa25/class/ee106a-adb/106project/106a-CATCH/install/ros2_aruco_interfaces/share/ros2_aruco_interfaces/cmake/ament_cmake_export_dependencies-extras.cmake\n'}
[12.617304] (-) TimerEvent: {}
[12.624648] (ros2_aruco_interfaces) StdoutLine: {'line': b'-- Installing: /home/cc/ee106a/fa25/class/ee106a-adb/106project/106a-CATCH/install/ros2_aruco_interfaces/share/ros2_aruco_interfaces/cmake/ament_cmake_export_include_directories-extras.cmake\n'}
[12.632388] (ros2_aruco_interfaces) StdoutLine: {'line': b'-- Installing: /home/cc/ee106a/fa25/class/ee106a-adb/106project/106a-CATCH/install/ros2_aruco_interfaces/share/ros2_aruco_interfaces/cmake/ament_cmake_export_libraries-extras.cmake\n'}
[12.640479] (ros2_aruco_interfaces) StdoutLine: {'line': b'-- Installing: /home/cc/ee106a/fa25/class/ee106a-adb/106project/106a-CATCH/install/ros2_aruco_interfaces/share/ros2_aruco_interfaces/cmake/ament_cmake_export_targets-extras.cmake\n'}
[12.648854] (ros2_aruco_interfaces) StdoutLine: {'line': b'-- Installing: /home/cc/ee106a/fa25/class/ee106a-adb/106project/106a-CATCH/install/ros2_aruco_interfaces/share/ros2_aruco_interfaces/cmake/rosidl_cmake_export_typesupport_targets-extras.cmake\n'}
[12.656609] (ros2_aruco_interfaces) StdoutLine: {'line': b'-- Installing: /home/cc/ee106a/fa25/class/ee106a-adb/106project/106a-CATCH/install/ros2_aruco_interfaces/share/ros2_aruco_interfaces/cmake/rosidl_cmake_export_typesupport_libraries-extras.cmake\n'}
[12.664294] (ros2_aruco_interfaces) StdoutLine: {'line': b'-- Installing: /home/cc/ee106a/fa25/class/ee106a-adb/106project/106a-CATCH/install/ros2_aruco_interfaces/share/ros2_aruco_interfaces/cmake/ros2_aruco_interfacesConfig.cmake\n'}
[12.672680] (ros2_aruco_interfaces) StdoutLine: {'line': b'-- Installing: /home/cc/ee106a/fa25/class/ee106a-adb/106project/106a-CATCH/install/ros2_aruco_interfaces/share/ros2_aruco_interfaces/cmake/ros2_aruco_interfacesConfig-version.cmake\n'}
[12.681677] (ros2_aruco_interfaces) StdoutLine: {'line': b'-- Installing: /home/cc/ee106a/fa25/class/ee106a-adb/106project/106a-CATCH/install/ros2_aruco_interfaces/share/ros2_aruco_interfaces/package.xml\n'}
[12.696318] (ros2_aruco_interfaces) CommandEnded: {'returncode': 0}
[12.717440] (-) TimerEvent: {}
[12.811255] (ros2_aruco_interfaces) JobEnded: {'identifier': 'ros2_aruco_interfaces', 'rc': 0}
[12.819027] (-) TimerEvent: {}
[12.819145] (-) EventReactorShutdown: {}
