[0.000000] (-) TimerEvent: {}
[0.000130] (catch_custom_msgs) JobQueued: {'identifier': 'catch_custom_msgs', 'dependencies': OrderedDict()}
[0.000161] (perception) JobQueued: {'identifier': 'perception', 'dependencies': OrderedDict()}
[0.000180] (planning) JobQueued: {'identifier': 'planning', 'dependencies': OrderedDict()}
[0.000540] (ros2_aruco) JobQueued: {'identifier': 'ros2_aruco', 'dependencies': OrderedDict()}
[0.000558] (ros2_aruco_interfaces) JobQueued: {'identifier': 'ros2_aruco_interfaces', 'dependencies': OrderedDict()}
[0.000575] (catch_custom_msgs) JobStarted: {'identifier': 'catch_custom_msgs'}
[0.041506] (perception) JobStarted: {'identifier': 'perception'}
[0.065119] (planning) JobStarted: {'identifier': 'planning'}
[0.087868] (ros2_aruco) JobStarted: {'identifier': 'ros2_aruco'}
[0.097667] (-) TimerEvent: {}
[0.109399] (ros2_aruco_interfaces) JobStarted: {'identifier': 'ros2_aruco_interfaces'}
[0.129456] (catch_custom_msgs) JobProgress: {'identifier': 'catch_custom_msgs', 'progress': 'cmake'}
[0.133658] (catch_custom_msgs) JobProgress: {'identifier': 'catch_custom_msgs', 'progress': 'build'}
[0.134782] (catch_custom_msgs) Command: {'cmd': ['/usr/bin/cmake', '--build', '/home/cc/ee106a/fa25/class/ee106a-add/106A-CATCH/CATCH/build/catch_custom_msgs', '--', '-j32', '-l32'], 'cwd': '/home/cc/ee106a/fa25/class/ee106a-add/106A-CATCH/CATCH/build/catch_custom_msgs', 'env': OrderedDict([('ARCH', 'x86_64'), ('QT_SCALE_FACTOR', '1'), ('USER', 'ee106a-add'), ('HOSTNAME', 'ros2'), ('XDG_SESSION_TYPE', 'x11'), ('MASTERDIR', '/home/ff/ee106a'), ('COMPIZ_CONFIG_PROFILE', 'mate'), ('XDG_CACHE_HOME', '/home/cc/ee106a/fa25/class/ee106a-add/.cache'), ('SHLVL', '2'), ('LD_LIBRARY_PATH', '/home/cc/ee106a/fa25/class/ee106a-add/106A-CATCH/CATCH/install/ros2_aruco_interfaces/lib:/home/cc/ee106a/fa25/class/ee106a-add/106A-CATCH/CATCH/install/catch_custom_msgs/lib:/home/ff/ee106a/librealsense/build/Release:/usr/lib/x86_64-linux-gnu/gazebo-11/plugins:/opt/ros/humble/opt/rviz_ogre_vendor/lib:/opt/ros/humble/lib/x86_64-linux-gnu:/opt/ros/humble/lib'), ('HOME', '/home/cc/ee106a/fa25/class/ee106a-add'), ('OLDPWD', '/home/cc/ee106a/fa25/class/ee106a-add'), ('DESKTOP_SESSION', 'mate'), ('ROS_PYTHON_VERSION', '3'), ('GTK_MODULES', 'gail:atk-bridge:appmenu-gtk-module:gail:atk-bridge:canberra-gtk-module'), ('EE106_UR_ROBOT_IP', '192.168.1.100'), ('DISTROBOX_ENTER_PATH', '/usr/local/bin/distrobox-enter'), ('SYSTEMD_EXEC_PID', '765458'), ('NNTPSERVER', 'news.csua.berkeley.edu'), ('VISUAL', 'emacs'), ('XDG_STATE_HOME', '/home/cc/ee106a/fa25/class/ee106a-add/.local/state'), ('DBUS_SESSION_BUS_ADDRESS', 'unix:path=/run/user/90081/bus'), ('COLORTERM', 'truecolor'), ('container', 'podman'), ('UBUNTU_MENUPROXY', '1'), ('QT_QPA_PLATFORMTHEME', 'gtk2'), ('COLCON_PREFIX_PATH', '/home/cc/ee106a/fa25/class/ee106a-add/106A-CATCH/CATCH/install:/home/ff/ee106a/robot_workspaces/ur/install'), ('ROS_DISTRO', 'humble'), ('GTK_IM_MODULE', 'ibus'), ('LOGNAME', 'ee106a-add'), ('MASTER', 'ee106a'), ('WINDOWID', '39846495'), ('ROS_VERSION', '2'), ('XDG_SESSION_CLASS', 'user'), ('TERMINFO_DIRS', '/usr/share/terminfo:/run/host/usr/share/terminfo'), ('USERNAME', 'ee106a-add'), ('TERM', 'xterm-256color'), ('GTK_OVERLAY_SCROLLING', '0'), ('XDG_SESSION_ID', '7300'), ('ROS_LOCALHOST_ONLY', '0'), ('WINDOWPATH', '2'), ('PATH', '/opt/ros/humble/bin:/share/b/grading/bin:/home/ff/ee106a/bin:/home/ff/ee106a/bin/arch/x86_64:/share/b/grading/bin:/home/ff/ee106a/bin:/home/ff/ee106a/bin/arch/x86_64:/usr/local/sbin:/usr/local/bin:/usr/sbin:/usr/bin:/sbin:/bin:/usr/games:/usr/local/games:/snap/bin:/snap/bin:/share/b/grading/bin:/share/b/grading/sbin:/share/b/runas/x86_64:/share/b/bin:/home/ff/ee106a/venvs/all:/usr/local/sbin:/usr/local/bin:/usr/sbin:/usr/bin:/sbin:/bin:/share/b/grading/bin:/share/b/grading/sbin:/share/b/runas/x86_64:/share/b/bin:/home/ff/ee106a/venvs/all'), ('SESSION_MANAGER', 'local/c105-6:@/tmp/.ICE-unix/765526,unix/c105-6:/tmp/.ICE-unix/765526'), ('OS', 'Linux'), ('XDG_RUNTIME_DIR', '/run/user/90081'), ('DISPLAY', ':1'), ('LANG', 'en_US.UTF-8'), ('XDG_CURRENT_DESKTOP', 'MATE'), ('XDG_DATA_HOME', '/home/cc/ee106a/fa25/class/ee106a-add/.local/share'), ('XDG_CONFIG_HOME', '/home/cc/ee106a/fa25/class/ee106a-add/.config'), ('XMODIFIERS', '@im=ibus'), ('XDG_SESSION_DESKTOP', 'mate'), ('XAUTHORITY', '/run/user/90081/gdm/Xauthority'), ('SSH_AUTH_SOCK', '/run/user/90081/keyring/ssh'), ('ROS_DOMAIN_ID', '26'), ('AMENT_PREFIX_PATH', '/home/cc/ee106a/fa25/class/ee106a-add/106A-CATCH/CATCH/install/ros2_aruco_interfaces:/home/cc/ee106a/fa25/class/ee106a-add/106A-CATCH/CATCH/install/ros2_aruco:/home/cc/ee106a/fa25/class/ee106a-add/106A-CATCH/CATCH/install/planning:/home/cc/ee106a/fa25/class/ee106a-add/106A-CATCH/CATCH/install/perception:/home/cc/ee106a/fa25/class/ee106a-add/106A-CATCH/CATCH/install/catch_custom_msgs:/home/ff/ee106a/robot_workspaces/ur/install/ur7e_utils:/opt/ros/humble'), ('SHELL', '/usr/bin/bash'), ('QT_ACCESSIBILITY', '1'), ('EE106_UR_ROBOT_NAME', 'baymax'), ('GDMSESSION', 'mate'), ('RUNAS', '/share/b/runas/x86_64'), ('GPG_AGENT_INFO', '/run/user/90081/gnupg/S.gpg-agent:0:1'), ('CONFIG_SHELL', '/usr/bin/ksh'), ('QT_IM_MODULE', 'ibus'), ('PWD', '/home/cc/ee106a/fa25/class/ee106a-add/106A-CATCH/CATCH/build/catch_custom_msgs'), ('EE106_ENV_SETUP', 'ur_ros2'), ('CONTAINER_ID', 'ros2'), ('LC_ALL', 'C.UTF-8'), ('XDG_CONFIG_DIRS', '/etc/xdg/xdg-mate:/etc/xdg'), ('CLUTTER_IM_MODULE', 'ibus'), ('XDG_DATA_DIRS', '/usr/share/mate:/usr/share/mate:/usr/share/gnome:/home/cc/ee106a/fa25/class/ee106a-add/.local/share/flatpak/exports/share:/var/lib/flatpak/exports/share:/usr/local/share/:/usr/share/:/var/lib/snapd/desktop:/usr/local/share:/usr/share'), ('PYTHONPATH', '/home/cc/ee106a/fa25/class/ee106a-add/106A-CATCH/CATCH/install/ros2_aruco_interfaces/local/lib/python3.10/dist-packages:/home/cc/ee106a/fa25/class/ee106a-add/106A-CATCH/CATCH/install/ros2_aruco/lib/python3.10/site-packages:/home/cc/ee106a/fa25/class/ee106a-add/106A-CATCH/CATCH/install/planning/lib/python3.10/site-packages:/home/cc/ee106a/fa25/class/ee106a-add/106A-CATCH/CATCH/install/perception/lib/python3.10/site-packages:/home/cc/ee106a/fa25/class/ee106a-add/106A-CATCH/CATCH/install/catch_custom_msgs/local/lib/python3.10/dist-packages:/home/ff/ee106a/robot_workspaces/ur/install/ur7e_utils/lib/python3.10/site-packages:/opt/ros/humble/lib/python3.10/site-packages:/opt/ros/humble/local/lib/python3.10/dist-packages'), ('MATE_DESKTOP_SESSION_ID', 'this-is-deprecated'), ('COLCON', '1'), ('MANPATH', '/usr/local/man:/usr/man:/usr/X11/man:/usr/local/man:/share/b/grading/man:/usr/local/man:/usr/man:/usr/X11/man:/usr/local/man:/share/b/grading/man:'), ('VTE_VERSION', '6800'), ('EDITOR', 'emacs'), ('CMAKE_PREFIX_PATH', '/home/cc/ee106a/fa25/class/ee106a-add/106A-CATCH/CATCH/install/ros2_aruco_interfaces:/home/cc/ee106a/fa25/class/ee106a-add/106A-CATCH/CATCH/install/catch_custom_msgs:/home/cc/ee106a/fa25/class/ee106a-add/106A-CATCH/CATCH/install/ros2_aruco:/home/cc/ee106a/fa25/class/ee106a-add/106A-CATCH/CATCH/install/planning:/home/cc/ee106a/fa25/class/ee106a-add/106A-CATCH/CATCH/install/perception:/home/ff/ee106a/robot_workspaces/ur/install/ur7e_utils:/opt/ros/humble'), ('QT_FONT_DPI', '122')]), 'shell': False}
[0.197788] (-) TimerEvent: {}
[0.298131] (-) TimerEvent: {}
[0.398404] (-) TimerEvent: {}
[0.498658] (-) TimerEvent: {}
[0.598934] (-) TimerEvent: {}
[0.699203] (-) TimerEvent: {}
[0.799437] (-) TimerEvent: {}
[0.899677] (-) TimerEvent: {}
[0.999898] (-) TimerEvent: {}
[1.100136] (-) TimerEvent: {}
[1.142127] (catch_custom_msgs) StdoutLine: {'line': b'[  3%] Built target catch_custom_msgs__cpp\n'}
[1.142472] (catch_custom_msgs) StdoutLine: {'line': b'[ 12%] Built target catch_custom_msgs__rosidl_generator_c\n'}
[1.143069] (catch_custom_msgs) StdoutLine: {'line': b'[ 22%] Built target catch_custom_msgs__rosidl_typesupport_cpp\n'}
[1.143502] (catch_custom_msgs) StdoutLine: {'line': b'[ 54%] Built target catch_custom_msgs__rosidl_typesupport_fastrtps_cpp\n'}
[1.143914] (catch_custom_msgs) StdoutLine: {'line': b'[ 70%] Built target catch_custom_msgs__rosidl_typesupport_introspection_cpp\n'}
[1.143954] (catch_custom_msgs) StdoutLine: {'line': b'[ 70%] Built target catch_custom_msgs__rosidl_typesupport_introspection_c\n'}
[1.144434] (catch_custom_msgs) StdoutLine: {'line': b'[ 70%] Built target catch_custom_msgs__rosidl_typesupport_fastrtps_c\n'}
[1.144837] (catch_custom_msgs) StdoutLine: {'line': b'[ 70%] Built target catch_custom_msgs__rosidl_typesupport_c\n'}
[1.144876] (catch_custom_msgs) StdoutLine: {'line': b'[ 70%] Built target ament_cmake_python_copy_catch_custom_msgs\n'}
[1.144911] (catch_custom_msgs) StdoutLine: {'line': b'[ 70%] Built target catch_custom_msgs\n'}
[1.145329] (catch_custom_msgs) StdoutLine: {'line': b'[ 74%] Built target catch_custom_msgs__py\n'}
[1.145365] (catch_custom_msgs) StdoutLine: {'line': b'[ 80%] Built target catch_custom_msgs__rosidl_generator_py\n'}
[1.145774] (catch_custom_msgs) StdoutLine: {'line': b'[100%] Built target catch_custom_msgs__rosidl_typesupport_fastrtps_c__pyext\n'}
[1.145807] (catch_custom_msgs) StdoutLine: {'line': b'[100%] Built target catch_custom_msgs__rosidl_typesupport_introspection_c__pyext\n'}
[1.146744] (catch_custom_msgs) StdoutLine: {'line': b'[100%] Built target catch_custom_msgs__rosidl_typesupport_c__pyext\n'}
[1.146776] (catch_custom_msgs) StdoutLine: {'line': b'running egg_info\n'}
[1.147181] (catch_custom_msgs) StdoutLine: {'line': b'writing catch_custom_msgs.egg-info/PKG-INFO\n'}
[1.147214] (catch_custom_msgs) StdoutLine: {'line': b'writing dependency_links to catch_custom_msgs.egg-info/dependency_links.txt\n'}
[1.147636] (catch_custom_msgs) StdoutLine: {'line': b'writing top-level names to catch_custom_msgs.egg-info/top_level.txt\n'}
[1.147670] (catch_custom_msgs) StdoutLine: {'line': b"reading manifest file 'catch_custom_msgs.egg-info/SOURCES.txt'\n"}
[1.148049] (catch_custom_msgs) StdoutLine: {'line': b"writing manifest file 'catch_custom_msgs.egg-info/SOURCES.txt'\n"}
[1.148079] (catch_custom_msgs) StdoutLine: {'line': b'[100%] Built target ament_cmake_python_build_catch_custom_msgs_egg\n'}
[1.148393] (ros2_aruco_interfaces) JobProgress: {'identifier': 'ros2_aruco_interfaces', 'progress': 'cmake'}
[1.149887] (ros2_aruco_interfaces) JobProgress: {'identifier': 'ros2_aruco_interfaces', 'progress': 'build'}
[1.150914] (ros2_aruco_interfaces) Command: {'cmd': ['/usr/bin/cmake', '--build', '/home/cc/ee106a/fa25/class/ee106a-add/106A-CATCH/CATCH/build/ros2_aruco_interfaces', '--', '-j32', '-l32'], 'cwd': '/home/cc/ee106a/fa25/class/ee106a-add/106A-CATCH/CATCH/build/ros2_aruco_interfaces', 'env': OrderedDict([('ARCH', 'x86_64'), ('QT_SCALE_FACTOR', '1'), ('USER', 'ee106a-add'), ('HOSTNAME', 'ros2'), ('XDG_SESSION_TYPE', 'x11'), ('MASTERDIR', '/home/ff/ee106a'), ('COMPIZ_CONFIG_PROFILE', 'mate'), ('XDG_CACHE_HOME', '/home/cc/ee106a/fa25/class/ee106a-add/.cache'), ('SHLVL', '2'), ('LD_LIBRARY_PATH', '/home/cc/ee106a/fa25/class/ee106a-add/106A-CATCH/CATCH/install/ros2_aruco_interfaces/lib:/home/cc/ee106a/fa25/class/ee106a-add/106A-CATCH/CATCH/install/catch_custom_msgs/lib:/home/ff/ee106a/librealsense/build/Release:/usr/lib/x86_64-linux-gnu/gazebo-11/plugins:/opt/ros/humble/opt/rviz_ogre_vendor/lib:/opt/ros/humble/lib/x86_64-linux-gnu:/opt/ros/humble/lib'), ('HOME', '/home/cc/ee106a/fa25/class/ee106a-add'), ('OLDPWD', '/home/cc/ee106a/fa25/class/ee106a-add'), ('DESKTOP_SESSION', 'mate'), ('ROS_PYTHON_VERSION', '3'), ('GTK_MODULES', 'gail:atk-bridge:appmenu-gtk-module:gail:atk-bridge:canberra-gtk-module'), ('EE106_UR_ROBOT_IP', '192.168.1.100'), ('DISTROBOX_ENTER_PATH', '/usr/local/bin/distrobox-enter'), ('SYSTEMD_EXEC_PID', '765458'), ('NNTPSERVER', 'news.csua.berkeley.edu'), ('VISUAL', 'emacs'), ('XDG_STATE_HOME', '/home/cc/ee106a/fa25/class/ee106a-add/.local/state'), ('DBUS_SESSION_BUS_ADDRESS', 'unix:path=/run/user/90081/bus'), ('COLORTERM', 'truecolor'), ('container', 'podman'), ('UBUNTU_MENUPROXY', '1'), ('QT_QPA_PLATFORMTHEME', 'gtk2'), ('COLCON_PREFIX_PATH', '/home/cc/ee106a/fa25/class/ee106a-add/106A-CATCH/CATCH/install:/home/ff/ee106a/robot_workspaces/ur/install'), ('ROS_DISTRO', 'humble'), ('GTK_IM_MODULE', 'ibus'), ('LOGNAME', 'ee106a-add'), ('MASTER', 'ee106a'), ('WINDOWID', '39846495'), ('ROS_VERSION', '2'), ('XDG_SESSION_CLASS', 'user'), ('TERMINFO_DIRS', '/usr/share/terminfo:/run/host/usr/share/terminfo'), ('USERNAME', 'ee106a-add'), ('TERM', 'xterm-256color'), ('GTK_OVERLAY_SCROLLING', '0'), ('XDG_SESSION_ID', '7300'), ('ROS_LOCALHOST_ONLY', '0'), ('WINDOWPATH', '2'), ('PATH', '/opt/ros/humble/bin:/share/b/grading/bin:/home/ff/ee106a/bin:/home/ff/ee106a/bin/arch/x86_64:/share/b/grading/bin:/home/ff/ee106a/bin:/home/ff/ee106a/bin/arch/x86_64:/usr/local/sbin:/usr/local/bin:/usr/sbin:/usr/bin:/sbin:/bin:/usr/games:/usr/local/games:/snap/bin:/snap/bin:/share/b/grading/bin:/share/b/grading/sbin:/share/b/runas/x86_64:/share/b/bin:/home/ff/ee106a/venvs/all:/usr/local/sbin:/usr/local/bin:/usr/sbin:/usr/bin:/sbin:/bin:/share/b/grading/bin:/share/b/grading/sbin:/share/b/runas/x86_64:/share/b/bin:/home/ff/ee106a/venvs/all'), ('SESSION_MANAGER', 'local/c105-6:@/tmp/.ICE-unix/765526,unix/c105-6:/tmp/.ICE-unix/765526'), ('OS', 'Linux'), ('XDG_RUNTIME_DIR', '/run/user/90081'), ('DISPLAY', ':1'), ('LANG', 'en_US.UTF-8'), ('XDG_CURRENT_DESKTOP', 'MATE'), ('XDG_DATA_HOME', '/home/cc/ee106a/fa25/class/ee106a-add/.local/share'), ('XDG_CONFIG_HOME', '/home/cc/ee106a/fa25/class/ee106a-add/.config'), ('XMODIFIERS', '@im=ibus'), ('XDG_SESSION_DESKTOP', 'mate'), ('XAUTHORITY', '/run/user/90081/gdm/Xauthority'), ('SSH_AUTH_SOCK', '/run/user/90081/keyring/ssh'), ('ROS_DOMAIN_ID', '26'), ('AMENT_PREFIX_PATH', '/home/cc/ee106a/fa25/class/ee106a-add/106A-CATCH/CATCH/install/ros2_aruco_interfaces:/home/cc/ee106a/fa25/class/ee106a-add/106A-CATCH/CATCH/install/ros2_aruco:/home/cc/ee106a/fa25/class/ee106a-add/106A-CATCH/CATCH/install/planning:/home/cc/ee106a/fa25/class/ee106a-add/106A-CATCH/CATCH/install/perception:/home/cc/ee106a/fa25/class/ee106a-add/106A-CATCH/CATCH/install/catch_custom_msgs:/home/ff/ee106a/robot_workspaces/ur/install/ur7e_utils:/opt/ros/humble'), ('SHELL', '/usr/bin/bash'), ('QT_ACCESSIBILITY', '1'), ('EE106_UR_ROBOT_NAME', 'baymax'), ('GDMSESSION', 'mate'), ('RUNAS', '/share/b/runas/x86_64'), ('GPG_AGENT_INFO', '/run/user/90081/gnupg/S.gpg-agent:0:1'), ('CONFIG_SHELL', '/usr/bin/ksh'), ('QT_IM_MODULE', 'ibus'), ('PWD', '/home/cc/ee106a/fa25/class/ee106a-add/106A-CATCH/CATCH/build/ros2_aruco_interfaces'), ('EE106_ENV_SETUP', 'ur_ros2'), ('CONTAINER_ID', 'ros2'), ('LC_ALL', 'C.UTF-8'), ('XDG_CONFIG_DIRS', '/etc/xdg/xdg-mate:/etc/xdg'), ('CLUTTER_IM_MODULE', 'ibus'), ('XDG_DATA_DIRS', '/usr/share/mate:/usr/share/mate:/usr/share/gnome:/home/cc/ee106a/fa25/class/ee106a-add/.local/share/flatpak/exports/share:/var/lib/flatpak/exports/share:/usr/local/share/:/usr/share/:/var/lib/snapd/desktop:/usr/local/share:/usr/share'), ('PYTHONPATH', '/home/cc/ee106a/fa25/class/ee106a-add/106A-CATCH/CATCH/install/ros2_aruco_interfaces/local/lib/python3.10/dist-packages:/home/cc/ee106a/fa25/class/ee106a-add/106A-CATCH/CATCH/install/ros2_aruco/lib/python3.10/site-packages:/home/cc/ee106a/fa25/class/ee106a-add/106A-CATCH/CATCH/install/planning/lib/python3.10/site-packages:/home/cc/ee106a/fa25/class/ee106a-add/106A-CATCH/CATCH/install/perception/lib/python3.10/site-packages:/home/cc/ee106a/fa25/class/ee106a-add/106A-CATCH/CATCH/install/catch_custom_msgs/local/lib/python3.10/dist-packages:/home/ff/ee106a/robot_workspaces/ur/install/ur7e_utils/lib/python3.10/site-packages:/opt/ros/humble/lib/python3.10/site-packages:/opt/ros/humble/local/lib/python3.10/dist-packages'), ('MATE_DESKTOP_SESSION_ID', 'this-is-deprecated'), ('COLCON', '1'), ('MANPATH', '/usr/local/man:/usr/man:/usr/X11/man:/usr/local/man:/share/b/grading/man:/usr/local/man:/usr/man:/usr/X11/man:/usr/local/man:/share/b/grading/man:'), ('VTE_VERSION', '6800'), ('EDITOR', 'emacs'), ('CMAKE_PREFIX_PATH', '/home/cc/ee106a/fa25/class/ee106a-add/106A-CATCH/CATCH/install/ros2_aruco_interfaces:/home/cc/ee106a/fa25/class/ee106a-add/106A-CATCH/CATCH/install/catch_custom_msgs:/home/cc/ee106a/fa25/class/ee106a-add/106A-CATCH/CATCH/install/ros2_aruco:/home/cc/ee106a/fa25/class/ee106a-add/106A-CATCH/CATCH/install/planning:/home/cc/ee106a/fa25/class/ee106a-add/106A-CATCH/CATCH/install/perception:/home/ff/ee106a/robot_workspaces/ur/install/ur7e_utils:/opt/ros/humble'), ('QT_FONT_DPI', '122')]), 'shell': False}
[1.167584] (catch_custom_msgs) CommandEnded: {'returncode': 0}
[1.170892] (catch_custom_msgs) JobProgress: {'identifier': 'catch_custom_msgs', 'progress': 'install'}
[1.189204] (catch_custom_msgs) Command: {'cmd': ['/usr/bin/cmake', '--install', '/home/cc/ee106a/fa25/class/ee106a-add/106A-CATCH/CATCH/build/catch_custom_msgs'], 'cwd': '/home/cc/ee106a/fa25/class/ee106a-add/106A-CATCH/CATCH/build/catch_custom_msgs', 'env': OrderedDict([('ARCH', 'x86_64'), ('QT_SCALE_FACTOR', '1'), ('USER', 'ee106a-add'), ('HOSTNAME', 'ros2'), ('XDG_SESSION_TYPE', 'x11'), ('MASTERDIR', '/home/ff/ee106a'), ('COMPIZ_CONFIG_PROFILE', 'mate'), ('XDG_CACHE_HOME', '/home/cc/ee106a/fa25/class/ee106a-add/.cache'), ('SHLVL', '2'), ('LD_LIBRARY_PATH', '/home/cc/ee106a/fa25/class/ee106a-add/106A-CATCH/CATCH/install/ros2_aruco_interfaces/lib:/home/cc/ee106a/fa25/class/ee106a-add/106A-CATCH/CATCH/install/catch_custom_msgs/lib:/home/ff/ee106a/librealsense/build/Release:/usr/lib/x86_64-linux-gnu/gazebo-11/plugins:/opt/ros/humble/opt/rviz_ogre_vendor/lib:/opt/ros/humble/lib/x86_64-linux-gnu:/opt/ros/humble/lib'), ('HOME', '/home/cc/ee106a/fa25/class/ee106a-add'), ('OLDPWD', '/home/cc/ee106a/fa25/class/ee106a-add'), ('DESKTOP_SESSION', 'mate'), ('ROS_PYTHON_VERSION', '3'), ('GTK_MODULES', 'gail:atk-bridge:appmenu-gtk-module:gail:atk-bridge:canberra-gtk-module'), ('EE106_UR_ROBOT_IP', '192.168.1.100'), ('DISTROBOX_ENTER_PATH', '/usr/local/bin/distrobox-enter'), ('SYSTEMD_EXEC_PID', '765458'), ('NNTPSERVER', 'news.csua.berkeley.edu'), ('VISUAL', 'emacs'), ('XDG_STATE_HOME', '/home/cc/ee106a/fa25/class/ee106a-add/.local/state'), ('DBUS_SESSION_BUS_ADDRESS', 'unix:path=/run/user/90081/bus'), ('COLORTERM', 'truecolor'), ('container', 'podman'), ('UBUNTU_MENUPROXY', '1'), ('QT_QPA_PLATFORMTHEME', 'gtk2'), ('COLCON_PREFIX_PATH', '/home/cc/ee106a/fa25/class/ee106a-add/106A-CATCH/CATCH/install:/home/ff/ee106a/robot_workspaces/ur/install'), ('ROS_DISTRO', 'humble'), ('GTK_IM_MODULE', 'ibus'), ('LOGNAME', 'ee106a-add'), ('MASTER', 'ee106a'), ('WINDOWID', '39846495'), ('ROS_VERSION', '2'), ('XDG_SESSION_CLASS', 'user'), ('TERMINFO_DIRS', '/usr/share/terminfo:/run/host/usr/share/terminfo'), ('USERNAME', 'ee106a-add'), ('TERM', 'xterm-256color'), ('GTK_OVERLAY_SCROLLING', '0'), ('XDG_SESSION_ID', '7300'), ('ROS_LOCALHOST_ONLY', '0'), ('WINDOWPATH', '2'), ('PATH', '/opt/ros/humble/bin:/share/b/grading/bin:/home/ff/ee106a/bin:/home/ff/ee106a/bin/arch/x86_64:/share/b/grading/bin:/home/ff/ee106a/bin:/home/ff/ee106a/bin/arch/x86_64:/usr/local/sbin:/usr/local/bin:/usr/sbin:/usr/bin:/sbin:/bin:/usr/games:/usr/local/games:/snap/bin:/snap/bin:/share/b/grading/bin:/share/b/grading/sbin:/share/b/runas/x86_64:/share/b/bin:/home/ff/ee106a/venvs/all:/usr/local/sbin:/usr/local/bin:/usr/sbin:/usr/bin:/sbin:/bin:/share/b/grading/bin:/share/b/grading/sbin:/share/b/runas/x86_64:/share/b/bin:/home/ff/ee106a/venvs/all'), ('SESSION_MANAGER', 'local/c105-6:@/tmp/.ICE-unix/765526,unix/c105-6:/tmp/.ICE-unix/765526'), ('OS', 'Linux'), ('XDG_RUNTIME_DIR', '/run/user/90081'), ('DISPLAY', ':1'), ('LANG', 'en_US.UTF-8'), ('XDG_CURRENT_DESKTOP', 'MATE'), ('XDG_DATA_HOME', '/home/cc/ee106a/fa25/class/ee106a-add/.local/share'), ('XDG_CONFIG_HOME', '/home/cc/ee106a/fa25/class/ee106a-add/.config'), ('XMODIFIERS', '@im=ibus'), ('XDG_SESSION_DESKTOP', 'mate'), ('XAUTHORITY', '/run/user/90081/gdm/Xauthority'), ('SSH_AUTH_SOCK', '/run/user/90081/keyring/ssh'), ('ROS_DOMAIN_ID', '26'), ('AMENT_PREFIX_PATH', '/home/cc/ee106a/fa25/class/ee106a-add/106A-CATCH/CATCH/install/ros2_aruco_interfaces:/home/cc/ee106a/fa25/class/ee106a-add/106A-CATCH/CATCH/install/ros2_aruco:/home/cc/ee106a/fa25/class/ee106a-add/106A-CATCH/CATCH/install/planning:/home/cc/ee106a/fa25/class/ee106a-add/106A-CATCH/CATCH/install/perception:/home/cc/ee106a/fa25/class/ee106a-add/106A-CATCH/CATCH/install/catch_custom_msgs:/home/ff/ee106a/robot_workspaces/ur/install/ur7e_utils:/opt/ros/humble'), ('SHELL', '/usr/bin/bash'), ('QT_ACCESSIBILITY', '1'), ('EE106_UR_ROBOT_NAME', 'baymax'), ('GDMSESSION', 'mate'), ('RUNAS', '/share/b/runas/x86_64'), ('GPG_AGENT_INFO', '/run/user/90081/gnupg/S.gpg-agent:0:1'), ('CONFIG_SHELL', '/usr/bin/ksh'), ('QT_IM_MODULE', 'ibus'), ('PWD', '/home/cc/ee106a/fa25/class/ee106a-add/106A-CATCH/CATCH/build/catch_custom_msgs'), ('EE106_ENV_SETUP', 'ur_ros2'), ('CONTAINER_ID', 'ros2'), ('LC_ALL', 'C.UTF-8'), ('XDG_CONFIG_DIRS', '/etc/xdg/xdg-mate:/etc/xdg'), ('CLUTTER_IM_MODULE', 'ibus'), ('XDG_DATA_DIRS', '/usr/share/mate:/usr/share/mate:/usr/share/gnome:/home/cc/ee106a/fa25/class/ee106a-add/.local/share/flatpak/exports/share:/var/lib/flatpak/exports/share:/usr/local/share/:/usr/share/:/var/lib/snapd/desktop:/usr/local/share:/usr/share'), ('PYTHONPATH', '/home/cc/ee106a/fa25/class/ee106a-add/106A-CATCH/CATCH/install/ros2_aruco_interfaces/local/lib/python3.10/dist-packages:/home/cc/ee106a/fa25/class/ee106a-add/106A-CATCH/CATCH/install/ros2_aruco/lib/python3.10/site-packages:/home/cc/ee106a/fa25/class/ee106a-add/106A-CATCH/CATCH/install/planning/lib/python3.10/site-packages:/home/cc/ee106a/fa25/class/ee106a-add/106A-CATCH/CATCH/install/perception/lib/python3.10/site-packages:/home/cc/ee106a/fa25/class/ee106a-add/106A-CATCH/CATCH/install/catch_custom_msgs/local/lib/python3.10/dist-packages:/home/ff/ee106a/robot_workspaces/ur/install/ur7e_utils/lib/python3.10/site-packages:/opt/ros/humble/lib/python3.10/site-packages:/opt/ros/humble/local/lib/python3.10/dist-packages'), ('MATE_DESKTOP_SESSION_ID', 'this-is-deprecated'), ('COLCON', '1'), ('MANPATH', '/usr/local/man:/usr/man:/usr/X11/man:/usr/local/man:/share/b/grading/man:/usr/local/man:/usr/man:/usr/X11/man:/usr/local/man:/share/b/grading/man:'), ('VTE_VERSION', '6800'), ('EDITOR', 'emacs'), ('CMAKE_PREFIX_PATH', '/home/cc/ee106a/fa25/class/ee106a-add/106A-CATCH/CATCH/install/ros2_aruco_interfaces:/home/cc/ee106a/fa25/class/ee106a-add/106A-CATCH/CATCH/install/catch_custom_msgs:/home/cc/ee106a/fa25/class/ee106a-add/106A-CATCH/CATCH/install/ros2_aruco:/home/cc/ee106a/fa25/class/ee106a-add/106A-CATCH/CATCH/install/planning:/home/cc/ee106a/fa25/class/ee106a-add/106A-CATCH/CATCH/install/perception:/home/ff/ee106a/robot_workspaces/ur/install/ur7e_utils:/opt/ros/humble'), ('QT_FONT_DPI', '122')]), 'shell': False}
[1.200231] (-) TimerEvent: {}
[1.201603] (catch_custom_msgs) StdoutLine: {'line': b'-- Install configuration: ""\n'}
[1.203133] (catch_custom_msgs) StdoutLine: {'line': b'-- Up-to-date: /home/cc/ee106a/fa25/class/ee106a-add/106A-CATCH/CATCH/install/catch_custom_msgs/share/ament_index/resource_index/rosidl_interfaces/catch_custom_msgs\n'}
[1.204718] (catch_custom_msgs) StdoutLine: {'line': b'-- Up-to-date: /home/cc/ee106a/fa25/class/ee106a-add/106A-CATCH/CATCH/install/catch_custom_msgs/include/catch_custom_msgs/catch_custom_msgs\n'}
[1.206297] (catch_custom_msgs) StdoutLine: {'line': b'-- Up-to-date: /home/cc/ee106a/fa25/class/ee106a-add/106A-CATCH/CATCH/install/catch_custom_msgs/include/catch_custom_msgs/catch_custom_msgs/msg\n'}
[1.207783] (catch_custom_msgs) StdoutLine: {'line': b'-- Up-to-date: /home/cc/ee106a/fa25/class/ee106a-add/106A-CATCH/CATCH/install/catch_custom_msgs/include/catch_custom_msgs/catch_custom_msgs/msg/point_vel.h\n'}
[1.208455] (catch_custom_msgs) StdoutLine: {'line': b'-- Up-to-date: /home/cc/ee106a/fa25/class/ee106a-add/106A-CATCH/CATCH/install/catch_custom_msgs/include/catch_custom_msgs/catch_custom_msgs/msg/rosidl_generator_c__visibility_control.h\n'}
[1.209408] (catch_custom_msgs) StdoutLine: {'line': b'-- Up-to-date: /home/cc/ee106a/fa25/class/ee106a-add/106A-CATCH/CATCH/install/catch_custom_msgs/include/catch_custom_msgs/catch_custom_msgs/msg/detail\n'}
[1.210768] (catch_custom_msgs) StdoutLine: {'line': b'-- Up-to-date: /home/cc/ee106a/fa25/class/ee106a-add/106A-CATCH/CATCH/install/catch_custom_msgs/include/catch_custom_msgs/catch_custom_msgs/msg/detail/point_vel__functions.c\n'}
[1.211752] (catch_custom_msgs) StdoutLine: {'line': b'-- Up-to-date: /home/cc/ee106a/fa25/class/ee106a-add/106A-CATCH/CATCH/install/catch_custom_msgs/include/catch_custom_msgs/catch_custom_msgs/msg/detail/point_vel__functions.h\n'}
[1.212805] (catch_custom_msgs) StdoutLine: {'line': b'-- Up-to-date: /home/cc/ee106a/fa25/class/ee106a-add/106A-CATCH/CATCH/install/catch_custom_msgs/include/catch_custom_msgs/catch_custom_msgs/msg/detail/point_vel__struct.h\n'}
[1.213605] (catch_custom_msgs) StdoutLine: {'line': b'-- Up-to-date: /home/cc/ee106a/fa25/class/ee106a-add/106A-CATCH/CATCH/install/catch_custom_msgs/include/catch_custom_msgs/catch_custom_msgs/msg/detail/point_vel__type_support.h\n'}
[1.215162] (catch_custom_msgs) StdoutLine: {'line': b'-- Up-to-date: /home/cc/ee106a/fa25/class/ee106a-add/106A-CATCH/CATCH/install/catch_custom_msgs/share/catch_custom_msgs/environment/library_path.sh\n'}
[1.217136] (catch_custom_msgs) StdoutLine: {'line': b'-- Up-to-date: /home/cc/ee106a/fa25/class/ee106a-add/106A-CATCH/CATCH/install/catch_custom_msgs/share/catch_custom_msgs/environment/library_path.dsv\n'}
[1.218463] (catch_custom_msgs) StdoutLine: {'line': b'-- Up-to-date: /home/cc/ee106a/fa25/class/ee106a-add/106A-CATCH/CATCH/install/catch_custom_msgs/lib/libcatch_custom_msgs__rosidl_generator_c.so\n'}
[1.220914] (catch_custom_msgs) StdoutLine: {'line': b'-- Up-to-date: /home/cc/ee106a/fa25/class/ee106a-add/106A-CATCH/CATCH/install/catch_custom_msgs/include/catch_custom_msgs/catch_custom_msgs\n'}
[1.222068] (catch_custom_msgs) StdoutLine: {'line': b'-- Up-to-date: /home/cc/ee106a/fa25/class/ee106a-add/106A-CATCH/CATCH/install/catch_custom_msgs/include/catch_custom_msgs/catch_custom_msgs/msg\n'}
[1.223432] (catch_custom_msgs) StdoutLine: {'line': b'-- Up-to-date: /home/cc/ee106a/fa25/class/ee106a-add/106A-CATCH/CATCH/install/catch_custom_msgs/include/catch_custom_msgs/catch_custom_msgs/msg/detail\n'}
[1.224705] (catch_custom_msgs) StdoutLine: {'line': b'-- Up-to-date: /home/cc/ee106a/fa25/class/ee106a-add/106A-CATCH/CATCH/install/catch_custom_msgs/include/catch_custom_msgs/catch_custom_msgs/msg/detail/point_vel__rosidl_typesupport_fastrtps_c.h\n'}
[1.225406] (catch_custom_msgs) StdoutLine: {'line': b'-- Up-to-date: /home/cc/ee106a/fa25/class/ee106a-add/106A-CATCH/CATCH/install/catch_custom_msgs/include/catch_custom_msgs/catch_custom_msgs/msg/rosidl_typesupport_fastrtps_c__visibility_control.h\n'}
[1.226696] (catch_custom_msgs) StdoutLine: {'line': b'-- Up-to-date: /home/cc/ee106a/fa25/class/ee106a-add/106A-CATCH/CATCH/install/catch_custom_msgs/lib/libcatch_custom_msgs__rosidl_typesupport_fastrtps_c.so\n'}
[1.229327] (catch_custom_msgs) StdoutLine: {'line': b'-- Up-to-date: /home/cc/ee106a/fa25/class/ee106a-add/106A-CATCH/CATCH/install/catch_custom_msgs/include/catch_custom_msgs/catch_custom_msgs\n'}
[1.230769] (catch_custom_msgs) StdoutLine: {'line': b'-- Up-to-date: /home/cc/ee106a/fa25/class/ee106a-add/106A-CATCH/CATCH/install/catch_custom_msgs/include/catch_custom_msgs/catch_custom_msgs/msg\n'}
[1.232269] (catch_custom_msgs) StdoutLine: {'line': b'-- Up-to-date: /home/cc/ee106a/fa25/class/ee106a-add/106A-CATCH/CATCH/install/catch_custom_msgs/include/catch_custom_msgs/catch_custom_msgs/msg/detail\n'}
[1.233760] (catch_custom_msgs) StdoutLine: {'line': b'-- Up-to-date: /home/cc/ee106a/fa25/class/ee106a-add/106A-CATCH/CATCH/install/catch_custom_msgs/include/catch_custom_msgs/catch_custom_msgs/msg/detail/point_vel__rosidl_typesupport_introspection_c.h\n'}
[1.234691] (catch_custom_msgs) StdoutLine: {'line': b'-- Up-to-date: /home/cc/ee106a/fa25/class/ee106a-add/106A-CATCH/CATCH/install/catch_custom_msgs/include/catch_custom_msgs/catch_custom_msgs/msg/detail/point_vel__type_support.c\n'}
[1.235511] (catch_custom_msgs) StdoutLine: {'line': b'-- Up-to-date: /home/cc/ee106a/fa25/class/ee106a-add/106A-CATCH/CATCH/install/catch_custom_msgs/include/catch_custom_msgs/catch_custom_msgs/msg/rosidl_typesupport_introspection_c__visibility_control.h\n'}
[1.237376] (catch_custom_msgs) StdoutLine: {'line': b'-- Up-to-date: /home/cc/ee106a/fa25/class/ee106a-add/106A-CATCH/CATCH/install/catch_custom_msgs/lib/libcatch_custom_msgs__rosidl_typesupport_introspection_c.so\n'}
[1.242080] (catch_custom_msgs) StdoutLine: {'line': b'-- Up-to-date: /home/cc/ee106a/fa25/class/ee106a-add/106A-CATCH/CATCH/install/catch_custom_msgs/lib/libcatch_custom_msgs__rosidl_typesupport_c.so\n'}
[1.244324] (catch_custom_msgs) StdoutLine: {'line': b'-- Up-to-date: /home/cc/ee106a/fa25/class/ee106a-add/106A-CATCH/CATCH/install/catch_custom_msgs/include/catch_custom_msgs/catch_custom_msgs\n'}
[1.245701] (catch_custom_msgs) StdoutLine: {'line': b'-- Up-to-date: /home/cc/ee106a/fa25/class/ee106a-add/106A-CATCH/CATCH/install/catch_custom_msgs/include/catch_custom_msgs/catch_custom_msgs/msg\n'}
[1.246930] (catch_custom_msgs) StdoutLine: {'line': b'-- Up-to-date: /home/cc/ee106a/fa25/class/ee106a-add/106A-CATCH/CATCH/install/catch_custom_msgs/include/catch_custom_msgs/catch_custom_msgs/msg/point_vel.hpp\n'}
[1.247675] (catch_custom_msgs) StdoutLine: {'line': b'-- Up-to-date: /home/cc/ee106a/fa25/class/ee106a-add/106A-CATCH/CATCH/install/catch_custom_msgs/include/catch_custom_msgs/catch_custom_msgs/msg/rosidl_generator_cpp__visibility_control.hpp\n'}
[1.248361] (catch_custom_msgs) StdoutLine: {'line': b'-- Up-to-date: /home/cc/ee106a/fa25/class/ee106a-add/106A-CATCH/CATCH/install/catch_custom_msgs/include/catch_custom_msgs/catch_custom_msgs/msg/detail\n'}
[1.249715] (catch_custom_msgs) StdoutLine: {'line': b'-- Up-to-date: /home/cc/ee106a/fa25/class/ee106a-add/106A-CATCH/CATCH/install/catch_custom_msgs/include/catch_custom_msgs/catch_custom_msgs/msg/detail/point_vel__builder.hpp\n'}
[1.250489] (catch_custom_msgs) StdoutLine: {'line': b'-- Up-to-date: /home/cc/ee106a/fa25/class/ee106a-add/106A-CATCH/CATCH/install/catch_custom_msgs/include/catch_custom_msgs/catch_custom_msgs/msg/detail/point_vel__struct.hpp\n'}
[1.251342] (catch_custom_msgs) StdoutLine: {'line': b'-- Up-to-date: /home/cc/ee106a/fa25/class/ee106a-add/106A-CATCH/CATCH/install/catch_custom_msgs/include/catch_custom_msgs/catch_custom_msgs/msg/detail/point_vel__traits.hpp\n'}
[1.252193] (catch_custom_msgs) StdoutLine: {'line': b'-- Up-to-date: /home/cc/ee106a/fa25/class/ee106a-add/106A-CATCH/CATCH/install/catch_custom_msgs/include/catch_custom_msgs/catch_custom_msgs/msg/detail/point_vel__type_support.hpp\n'}
[1.252744] (catch_custom_msgs) StdoutLine: {'line': b'-- Up-to-date: /home/cc/ee106a/fa25/class/ee106a-add/106A-CATCH/CATCH/install/catch_custom_msgs/include/catch_custom_msgs/catch_custom_msgs\n'}
[1.254166] (catch_custom_msgs) StdoutLine: {'line': b'-- Up-to-date: /home/cc/ee106a/fa25/class/ee106a-add/106A-CATCH/CATCH/install/catch_custom_msgs/include/catch_custom_msgs/catch_custom_msgs/msg\n'}
[1.255530] (catch_custom_msgs) StdoutLine: {'line': b'-- Up-to-date: /home/cc/ee106a/fa25/class/ee106a-add/106A-CATCH/CATCH/install/catch_custom_msgs/include/catch_custom_msgs/catch_custom_msgs/msg/detail\n'}
[1.256890] (catch_custom_msgs) StdoutLine: {'line': b'-- Up-to-date: /home/cc/ee106a/fa25/class/ee106a-add/106A-CATCH/CATCH/install/catch_custom_msgs/include/catch_custom_msgs/catch_custom_msgs/msg/detail/point_vel__rosidl_typesupport_fastrtps_cpp.hpp\n'}
[1.257720] (catch_custom_msgs) StdoutLine: {'line': b'-- Up-to-date: /home/cc/ee106a/fa25/class/ee106a-add/106A-CATCH/CATCH/install/catch_custom_msgs/include/catch_custom_msgs/catch_custom_msgs/msg/detail/dds_fastrtps\n'}
[1.258696] (catch_custom_msgs) StdoutLine: {'line': b'-- Up-to-date: /home/cc/ee106a/fa25/class/ee106a-add/106A-CATCH/CATCH/install/catch_custom_msgs/include/catch_custom_msgs/catch_custom_msgs/msg/rosidl_typesupport_fastrtps_cpp__visibility_control.h\n'}
[1.261877] (catch_custom_msgs) StdoutLine: {'line': b'-- Up-to-date: /home/cc/ee106a/fa25/class/ee106a-add/106A-CATCH/CATCH/install/catch_custom_msgs/lib/libcatch_custom_msgs__rosidl_typesupport_fastrtps_cpp.so\n'}
[1.266195] (catch_custom_msgs) StdoutLine: {'line': b'-- Up-to-date: /home/cc/ee106a/fa25/class/ee106a-add/106A-CATCH/CATCH/install/catch_custom_msgs/include/catch_custom_msgs/catch_custom_msgs\n'}
[1.268099] (catch_custom_msgs) StdoutLine: {'line': b'-- Up-to-date: /home/cc/ee106a/fa25/class/ee106a-add/106A-CATCH/CATCH/install/catch_custom_msgs/include/catch_custom_msgs/catch_custom_msgs/msg\n'}
[1.269717] (catch_custom_msgs) StdoutLine: {'line': b'-- Up-to-date: /home/cc/ee106a/fa25/class/ee106a-add/106A-CATCH/CATCH/install/catch_custom_msgs/include/catch_custom_msgs/catch_custom_msgs/msg/detail\n'}
[1.271197] (catch_custom_msgs) StdoutLine: {'line': b'-- Up-to-date: /home/cc/ee106a/fa25/class/ee106a-add/106A-CATCH/CATCH/install/catch_custom_msgs/include/catch_custom_msgs/catch_custom_msgs/msg/detail/point_vel__rosidl_typesupport_introspection_cpp.hpp\n'}
[1.271954] (catch_custom_msgs) StdoutLine: {'line': b'-- Up-to-date: /home/cc/ee106a/fa25/class/ee106a-add/106A-CATCH/CATCH/install/catch_custom_msgs/include/catch_custom_msgs/catch_custom_msgs/msg/detail/point_vel__type_support.cpp\n'}
[1.275810] (catch_custom_msgs) StdoutLine: {'line': b'-- Up-to-date: /home/cc/ee106a/fa25/class/ee106a-add/106A-CATCH/CATCH/install/catch_custom_msgs/lib/libcatch_custom_msgs__rosidl_typesupport_introspection_cpp.so\n'}
[1.282700] (catch_custom_msgs) StdoutLine: {'line': b'-- Up-to-date: /home/cc/ee106a/fa25/class/ee106a-add/106A-CATCH/CATCH/install/catch_custom_msgs/lib/libcatch_custom_msgs__rosidl_typesupport_cpp.so\n'}
[1.286768] (catch_custom_msgs) StdoutLine: {'line': b'-- Up-to-date: /home/cc/ee106a/fa25/class/ee106a-add/106A-CATCH/CATCH/install/catch_custom_msgs/share/catch_custom_msgs/environment/pythonpath.sh\n'}
[1.287451] (catch_custom_msgs) StdoutLine: {'line': b'-- Up-to-date: /home/cc/ee106a/fa25/class/ee106a-add/106A-CATCH/CATCH/install/catch_custom_msgs/share/catch_custom_msgs/environment/pythonpath.dsv\n'}
[1.288303] (catch_custom_msgs) StdoutLine: {'line': b'-- Up-to-date: /home/cc/ee106a/fa25/class/ee106a-add/106A-CATCH/CATCH/install/catch_custom_msgs/local/lib/python3.10/dist-packages/catch_custom_msgs-0.0.0-py3.10.egg-info\n'}
[1.289746] (catch_custom_msgs) StdoutLine: {'line': b'-- Installing: /home/cc/ee106a/fa25/class/ee106a-add/106A-CATCH/CATCH/install/catch_custom_msgs/local/lib/python3.10/dist-packages/catch_custom_msgs-0.0.0-py3.10.egg-info/PKG-INFO\n'}
[1.296778] (catch_custom_msgs) StdoutLine: {'line': b'-- Installing: /home/cc/ee106a/fa25/class/ee106a-add/106A-CATCH/CATCH/install/catch_custom_msgs/local/lib/python3.10/dist-packages/catch_custom_msgs-0.0.0-py3.10.egg-info/dependency_links.txt\n'}
[1.300296] (-) TimerEvent: {}
[1.304634] (catch_custom_msgs) StdoutLine: {'line': b'-- Installing: /home/cc/ee106a/fa25/class/ee106a-add/106A-CATCH/CATCH/install/catch_custom_msgs/local/lib/python3.10/dist-packages/catch_custom_msgs-0.0.0-py3.10.egg-info/top_level.txt\n'}
[1.305919] (ros2_aruco_interfaces) StdoutLine: {'line': b'[  3%] Built target ros2_aruco_interfaces__cpp\n'}
[1.321295] (catch_custom_msgs) StdoutLine: {'line': b'-- Installing: /home/cc/ee106a/fa25/class/ee106a-add/106A-CATCH/CATCH/install/catch_custom_msgs/local/lib/python3.10/dist-packages/catch_custom_msgs-0.0.0-py3.10.egg-info/SOURCES.txt\n'}
[1.325248] (ros2_aruco_interfaces) StdoutLine: {'line': b'[ 12%] Built target ros2_aruco_interfaces__rosidl_generator_c\n'}
[1.342607] (catch_custom_msgs) StdoutLine: {'line': b'-- Up-to-date: /home/cc/ee106a/fa25/class/ee106a-add/106A-CATCH/CATCH/install/catch_custom_msgs/local/lib/python3.10/dist-packages/catch_custom_msgs\n'}
[1.343913] (catch_custom_msgs) StdoutLine: {'line': b'-- Up-to-date: /home/cc/ee106a/fa25/class/ee106a-add/106A-CATCH/CATCH/install/catch_custom_msgs/local/lib/python3.10/dist-packages/catch_custom_msgs/__init__.py\n'}
[1.344645] (catch_custom_msgs) StdoutLine: {'line': b'-- Up-to-date: /home/cc/ee106a/fa25/class/ee106a-add/106A-CATCH/CATCH/install/catch_custom_msgs/local/lib/python3.10/dist-packages/catch_custom_msgs/msg\n'}
[1.346253] (catch_custom_msgs) StdoutLine: {'line': b'-- Up-to-date: /home/cc/ee106a/fa25/class/ee106a-add/106A-CATCH/CATCH/install/catch_custom_msgs/local/lib/python3.10/dist-packages/catch_custom_msgs/msg/_point_vel.py\n'}
[1.347237] (catch_custom_msgs) StdoutLine: {'line': b'-- Up-to-date: /home/cc/ee106a/fa25/class/ee106a-add/106A-CATCH/CATCH/install/catch_custom_msgs/local/lib/python3.10/dist-packages/catch_custom_msgs/msg/_point_vel_s.c\n'}
[1.347893] (catch_custom_msgs) StdoutLine: {'line': b'-- Up-to-date: /home/cc/ee106a/fa25/class/ee106a-add/106A-CATCH/CATCH/install/catch_custom_msgs/local/lib/python3.10/dist-packages/catch_custom_msgs/msg/__init__.py\n'}
[1.348734] (catch_custom_msgs) StdoutLine: {'line': b'-- Up-to-date: /home/cc/ee106a/fa25/class/ee106a-add/106A-CATCH/CATCH/install/catch_custom_msgs/local/lib/python3.10/dist-packages/catch_custom_msgs/_catch_custom_msgs_s.ep.rosidl_typesupport_fastrtps_c.c\n'}
[1.349500] (catch_custom_msgs) StdoutLine: {'line': b'-- Up-to-date: /home/cc/ee106a/fa25/class/ee106a-add/106A-CATCH/CATCH/install/catch_custom_msgs/local/lib/python3.10/dist-packages/catch_custom_msgs/_catch_custom_msgs_s.ep.rosidl_typesupport_introspection_c.c\n'}
[1.350212] (catch_custom_msgs) StdoutLine: {'line': b'-- Up-to-date: /home/cc/ee106a/fa25/class/ee106a-add/106A-CATCH/CATCH/install/catch_custom_msgs/local/lib/python3.10/dist-packages/catch_custom_msgs/_catch_custom_msgs_s.ep.rosidl_typesupport_c.c\n'}
[1.350901] (catch_custom_msgs) StdoutLine: {'line': b'-- Up-to-date: /home/cc/ee106a/fa25/class/ee106a-add/106A-CATCH/CATCH/install/catch_custom_msgs/local/lib/python3.10/dist-packages/catch_custom_msgs/libcatch_custom_msgs__rosidl_generator_py.so\n'}
[1.351680] (catch_custom_msgs) StdoutLine: {'line': b'-- Up-to-date: /home/cc/ee106a/fa25/class/ee106a-add/106A-CATCH/CATCH/install/catch_custom_msgs/local/lib/python3.10/dist-packages/catch_custom_msgs/catch_custom_msgs_s__rosidl_typesupport_c.cpython-310-x86_64-linux-gnu.so\n'}
[1.352450] (catch_custom_msgs) StdoutLine: {'line': b'-- Up-to-date: /home/cc/ee106a/fa25/class/ee106a-add/106A-CATCH/CATCH/install/catch_custom_msgs/local/lib/python3.10/dist-packages/catch_custom_msgs/catch_custom_msgs_s__rosidl_typesupport_fastrtps_c.cpython-310-x86_64-linux-gnu.so\n'}
[1.353343] (catch_custom_msgs) StdoutLine: {'line': b'-- Up-to-date: /home/cc/ee106a/fa25/class/ee106a-add/106A-CATCH/CATCH/install/catch_custom_msgs/local/lib/python3.10/dist-packages/catch_custom_msgs/catch_custom_msgs_s__rosidl_typesupport_introspection_c.cpython-310-x86_64-linux-gnu.so\n'}
[1.400418] (-) TimerEvent: {}
[1.417520] (ros2_aruco_interfaces) StdoutLine: {'line': b'[ 41%] Built target ros2_aruco_interfaces__rosidl_typesupport_cpp\n'}
[1.417709] (ros2_aruco_interfaces) StdoutLine: {'line': b'[ 41%] Built target ros2_aruco_interfaces__rosidl_typesupport_introspection_cpp\n'}
[1.417937] (ros2_aruco_interfaces) StdoutLine: {'line': b'[ 41%] Built target ros2_aruco_interfaces__rosidl_typesupport_fastrtps_cpp\n'}
[1.425926] (catch_custom_msgs) StdoutLine: {'line': b"Listing '/home/cc/ee106a/fa25/class/ee106a-add/106A-CATCH/CATCH/install/catch_custom_msgs/local/lib/python3.10/dist-packages/catch_custom_msgs'...\n"}
[1.426019] (catch_custom_msgs) StdoutLine: {'line': b"Listing '/home/cc/ee106a/fa25/class/ee106a-add/106A-CATCH/CATCH/install/catch_custom_msgs/local/lib/python3.10/dist-packages/catch_custom_msgs/msg'...\n"}
[1.433024] (catch_custom_msgs) StdoutLine: {'line': b'-- Up-to-date: /home/cc/ee106a/fa25/class/ee106a-add/106A-CATCH/CATCH/install/catch_custom_msgs/local/lib/python3.10/dist-packages/catch_custom_msgs/catch_custom_msgs_s__rosidl_typesupport_fastrtps_c.cpython-310-x86_64-linux-gnu.so\n'}
[1.435636] (ros2_aruco_interfaces) StdoutLine: {'line': b'[ 64%] Built target ros2_aruco_interfaces__rosidl_typesupport_introspection_c\n'}
[1.440649] (ros2_aruco_interfaces) StdoutLine: {'line': b'[ 70%] Built target ros2_aruco_interfaces__rosidl_typesupport_fastrtps_c\n'}
[1.440844] (ros2_aruco_interfaces) StdoutLine: {'line': b'[ 70%] Built target ros2_aruco_interfaces__rosidl_typesupport_c\n'}
[1.441507] (ros2_aruco_interfaces) StdoutLine: {'line': b'[ 70%] Built target ament_cmake_python_copy_ros2_aruco_interfaces\n'}
[1.443197] (catch_custom_msgs) StdoutLine: {'line': b'-- Up-to-date: /home/cc/ee106a/fa25/class/ee106a-add/106A-CATCH/CATCH/install/catch_custom_msgs/local/lib/python3.10/dist-packages/catch_custom_msgs/catch_custom_msgs_s__rosidl_typesupport_introspection_c.cpython-310-x86_64-linux-gnu.so\n'}
[1.448963] (catch_custom_msgs) StdoutLine: {'line': b'-- Up-to-date: /home/cc/ee106a/fa25/class/ee106a-add/106A-CATCH/CATCH/install/catch_custom_msgs/local/lib/python3.10/dist-packages/catch_custom_msgs/catch_custom_msgs_s__rosidl_typesupport_c.cpython-310-x86_64-linux-gnu.so\n'}
[1.453009] (catch_custom_msgs) StdoutLine: {'line': b'-- Up-to-date: /home/cc/ee106a/fa25/class/ee106a-add/106A-CATCH/CATCH/install/catch_custom_msgs/lib/libcatch_custom_msgs__rosidl_generator_py.so\n'}
[1.456394] (catch_custom_msgs) StdoutLine: {'line': b'-- Up-to-date: /home/cc/ee106a/fa25/class/ee106a-add/106A-CATCH/CATCH/install/catch_custom_msgs/share/catch_custom_msgs/msg/PointVel.idl\n'}
[1.456980] (catch_custom_msgs) StdoutLine: {'line': b'-- Up-to-date: /home/cc/ee106a/fa25/class/ee106a-add/106A-CATCH/CATCH/install/catch_custom_msgs/share/catch_custom_msgs/msg/PointVel.msg\n'}
[1.458135] (catch_custom_msgs) StdoutLine: {'line': b'-- Up-to-date: /home/cc/ee106a/fa25/class/ee106a-add/106A-CATCH/CATCH/install/catch_custom_msgs/share/ament_index/resource_index/package_run_dependencies/catch_custom_msgs\n'}
[1.459220] (catch_custom_msgs) StdoutLine: {'line': b'-- Up-to-date: /home/cc/ee106a/fa25/class/ee106a-add/106A-CATCH/CATCH/install/catch_custom_msgs/share/ament_index/resource_index/parent_prefix_path/catch_custom_msgs\n'}
[1.459830] (catch_custom_msgs) StdoutLine: {'line': b'-- Up-to-date: /home/cc/ee106a/fa25/class/ee106a-add/106A-CATCH/CATCH/install/catch_custom_msgs/share/catch_custom_msgs/environment/ament_prefix_path.sh\n'}
[1.461071] (catch_custom_msgs) StdoutLine: {'line': b'-- Up-to-date: /home/cc/ee106a/fa25/class/ee106a-add/106A-CATCH/CATCH/install/catch_custom_msgs/share/catch_custom_msgs/environment/ament_prefix_path.dsv\n'}
[1.461803] (catch_custom_msgs) StdoutLine: {'line': b'-- Up-to-date: /home/cc/ee106a/fa25/class/ee106a-add/106A-CATCH/CATCH/install/catch_custom_msgs/share/catch_custom_msgs/environment/path.sh\n'}
[1.463052] (catch_custom_msgs) StdoutLine: {'line': b'-- Up-to-date: /home/cc/ee106a/fa25/class/ee106a-add/106A-CATCH/CATCH/install/catch_custom_msgs/share/catch_custom_msgs/environment/path.dsv\n'}
[1.463673] (catch_custom_msgs) StdoutLine: {'line': b'-- Up-to-date: /home/cc/ee106a/fa25/class/ee106a-add/106A-CATCH/CATCH/install/catch_custom_msgs/share/catch_custom_msgs/local_setup.bash\n'}
[1.464517] (catch_custom_msgs) StdoutLine: {'line': b'-- Up-to-date: /home/cc/ee106a/fa25/class/ee106a-add/106A-CATCH/CATCH/install/catch_custom_msgs/share/catch_custom_msgs/local_setup.sh\n'}
[1.465239] (catch_custom_msgs) StdoutLine: {'line': b'-- Up-to-date: /home/cc/ee106a/fa25/class/ee106a-add/106A-CATCH/CATCH/install/catch_custom_msgs/share/catch_custom_msgs/local_setup.zsh\n'}
[1.466380] (catch_custom_msgs) StdoutLine: {'line': b'-- Up-to-date: /home/cc/ee106a/fa25/class/ee106a-add/106A-CATCH/CATCH/install/catch_custom_msgs/share/catch_custom_msgs/local_setup.dsv\n'}
[1.467771] (catch_custom_msgs) StdoutLine: {'line': b'-- Installing: /home/cc/ee106a/fa25/class/ee106a-add/106A-CATCH/CATCH/install/catch_custom_msgs/share/catch_custom_msgs/package.dsv\n'}
[1.474574] (catch_custom_msgs) StdoutLine: {'line': b'-- Up-to-date: /home/cc/ee106a/fa25/class/ee106a-add/106A-CATCH/CATCH/install/catch_custom_msgs/share/ament_index/resource_index/packages/catch_custom_msgs\n'}
[1.478830] (catch_custom_msgs) StdoutLine: {'line': b'-- Up-to-date: /home/cc/ee106a/fa25/class/ee106a-add/106A-CATCH/CATCH/install/catch_custom_msgs/share/catch_custom_msgs/cmake/export_catch_custom_msgs__rosidl_generator_cExport.cmake\n'}
[1.479779] (catch_custom_msgs) StdoutLine: {'line': b'-- Up-to-date: /home/cc/ee106a/fa25/class/ee106a-add/106A-CATCH/CATCH/install/catch_custom_msgs/share/catch_custom_msgs/cmake/export_catch_custom_msgs__rosidl_generator_cExport-noconfig.cmake\n'}
[1.482860] (catch_custom_msgs) StdoutLine: {'line': b'-- Up-to-date: /home/cc/ee106a/fa25/class/ee106a-add/106A-CATCH/CATCH/install/catch_custom_msgs/share/catch_custom_msgs/cmake/export_catch_custom_msgs__rosidl_typesupport_fastrtps_cExport.cmake\n'}
[1.484096] (catch_custom_msgs) StdoutLine: {'line': b'-- Up-to-date: /home/cc/ee106a/fa25/class/ee106a-add/106A-CATCH/CATCH/install/catch_custom_msgs/share/catch_custom_msgs/cmake/export_catch_custom_msgs__rosidl_typesupport_fastrtps_cExport-noconfig.cmake\n'}
[1.487429] (catch_custom_msgs) StdoutLine: {'line': b'-- Up-to-date: /home/cc/ee106a/fa25/class/ee106a-add/106A-CATCH/CATCH/install/catch_custom_msgs/share/catch_custom_msgs/cmake/catch_custom_msgs__rosidl_typesupport_introspection_cExport.cmake\n'}
[1.488404] (catch_custom_msgs) StdoutLine: {'line': b'-- Up-to-date: /home/cc/ee106a/fa25/class/ee106a-add/106A-CATCH/CATCH/install/catch_custom_msgs/share/catch_custom_msgs/cmake/catch_custom_msgs__rosidl_typesupport_introspection_cExport-noconfig.cmake\n'}
[1.491851] (catch_custom_msgs) StdoutLine: {'line': b'-- Up-to-date: /home/cc/ee106a/fa25/class/ee106a-add/106A-CATCH/CATCH/install/catch_custom_msgs/share/catch_custom_msgs/cmake/catch_custom_msgs__rosidl_typesupport_cExport.cmake\n'}
[1.492779] (catch_custom_msgs) StdoutLine: {'line': b'-- Up-to-date: /home/cc/ee106a/fa25/class/ee106a-add/106A-CATCH/CATCH/install/catch_custom_msgs/share/catch_custom_msgs/cmake/catch_custom_msgs__rosidl_typesupport_cExport-noconfig.cmake\n'}
[1.493983] (ros2_aruco_interfaces) StdoutLine: {'line': b'[ 70%] Built target ros2_aruco_interfaces\n'}
[1.495803] (catch_custom_msgs) StdoutLine: {'line': b'-- Up-to-date: /home/cc/ee106a/fa25/class/ee106a-add/106A-CATCH/CATCH/install/catch_custom_msgs/share/catch_custom_msgs/cmake/export_catch_custom_msgs__rosidl_generator_cppExport.cmake\n'}
[1.499191] (catch_custom_msgs) StdoutLine: {'line': b'-- Up-to-date: /home/cc/ee106a/fa25/class/ee106a-add/106A-CATCH/CATCH/install/catch_custom_msgs/share/catch_custom_msgs/cmake/export_catch_custom_msgs__rosidl_typesupport_fastrtps_cppExport.cmake\n'}
[1.500166] (catch_custom_msgs) StdoutLine: {'line': b'-- Up-to-date: /home/cc/ee106a/fa25/class/ee106a-add/106A-CATCH/CATCH/install/catch_custom_msgs/share/catch_custom_msgs/cmake/export_catch_custom_msgs__rosidl_typesupport_fastrtps_cppExport-noconfig.cmake\n'}
[1.500416] (-) TimerEvent: {}
[1.503390] (catch_custom_msgs) StdoutLine: {'line': b'-- Up-to-date: /home/cc/ee106a/fa25/class/ee106a-add/106A-CATCH/CATCH/install/catch_custom_msgs/share/catch_custom_msgs/cmake/catch_custom_msgs__rosidl_typesupport_introspection_cppExport.cmake\n'}
[1.504346] (catch_custom_msgs) StdoutLine: {'line': b'-- Up-to-date: /home/cc/ee106a/fa25/class/ee106a-add/106A-CATCH/CATCH/install/catch_custom_msgs/share/catch_custom_msgs/cmake/catch_custom_msgs__rosidl_typesupport_introspection_cppExport-noconfig.cmake\n'}
[1.507437] (catch_custom_msgs) StdoutLine: {'line': b'-- Up-to-date: /home/cc/ee106a/fa25/class/ee106a-add/106A-CATCH/CATCH/install/catch_custom_msgs/share/catch_custom_msgs/cmake/catch_custom_msgs__rosidl_typesupport_cppExport.cmake\n'}
[1.508481] (catch_custom_msgs) StdoutLine: {'line': b'-- Up-to-date: /home/cc/ee106a/fa25/class/ee106a-add/106A-CATCH/CATCH/install/catch_custom_msgs/share/catch_custom_msgs/cmake/catch_custom_msgs__rosidl_typesupport_cppExport-noconfig.cmake\n'}
[1.511582] (catch_custom_msgs) StdoutLine: {'line': b'-- Up-to-date: /home/cc/ee106a/fa25/class/ee106a-add/106A-CATCH/CATCH/install/catch_custom_msgs/share/catch_custom_msgs/cmake/export_catch_custom_msgs__rosidl_generator_pyExport.cmake\n'}
[1.512607] (catch_custom_msgs) StdoutLine: {'line': b'-- Up-to-date: /home/cc/ee106a/fa25/class/ee106a-add/106A-CATCH/CATCH/install/catch_custom_msgs/share/catch_custom_msgs/cmake/export_catch_custom_msgs__rosidl_generator_pyExport-noconfig.cmake\n'}
[1.513231] (catch_custom_msgs) StdoutLine: {'line': b'-- Up-to-date: /home/cc/ee106a/fa25/class/ee106a-add/106A-CATCH/CATCH/install/catch_custom_msgs/share/catch_custom_msgs/cmake/rosidl_cmake-extras.cmake\n'}
[1.513972] (catch_custom_msgs) StdoutLine: {'line': b'-- Up-to-date: /home/cc/ee106a/fa25/class/ee106a-add/106A-CATCH/CATCH/install/catch_custom_msgs/share/catch_custom_msgs/cmake/ament_cmake_export_dependencies-extras.cmake\n'}
[1.515013] (catch_custom_msgs) StdoutLine: {'line': b'-- Up-to-date: /home/cc/ee106a/fa25/class/ee106a-add/106A-CATCH/CATCH/install/catch_custom_msgs/share/catch_custom_msgs/cmake/ament_cmake_export_include_directories-extras.cmake\n'}
[1.515831] (catch_custom_msgs) StdoutLine: {'line': b'-- Up-to-date: /home/cc/ee106a/fa25/class/ee106a-add/106A-CATCH/CATCH/install/catch_custom_msgs/share/catch_custom_msgs/cmake/ament_cmake_export_libraries-extras.cmake\n'}
[1.516786] (catch_custom_msgs) StdoutLine: {'line': b'-- Up-to-date: /home/cc/ee106a/fa25/class/ee106a-add/106A-CATCH/CATCH/install/catch_custom_msgs/share/catch_custom_msgs/cmake/ament_cmake_export_targets-extras.cmake\n'}
[1.517753] (catch_custom_msgs) StdoutLine: {'line': b'-- Up-to-date: /home/cc/ee106a/fa25/class/ee106a-add/106A-CATCH/CATCH/install/catch_custom_msgs/share/catch_custom_msgs/cmake/rosidl_cmake_export_typesupport_targets-extras.cmake\n'}
[1.518547] (catch_custom_msgs) StdoutLine: {'line': b'-- Up-to-date: /home/cc/ee106a/fa25/class/ee106a-add/106A-CATCH/CATCH/install/catch_custom_msgs/share/catch_custom_msgs/cmake/rosidl_cmake_export_typesupport_libraries-extras.cmake\n'}
[1.519142] (catch_custom_msgs) StdoutLine: {'line': b'-- Up-to-date: /home/cc/ee106a/fa25/class/ee106a-add/106A-CATCH/CATCH/install/catch_custom_msgs/share/catch_custom_msgs/cmake/catch_custom_msgsConfig.cmake\n'}
[1.519878] (catch_custom_msgs) StdoutLine: {'line': b'-- Up-to-date: /home/cc/ee106a/fa25/class/ee106a-add/106A-CATCH/CATCH/install/catch_custom_msgs/share/catch_custom_msgs/cmake/catch_custom_msgsConfig-version.cmake\n'}
[1.520962] (catch_custom_msgs) StdoutLine: {'line': b'-- Up-to-date: /home/cc/ee106a/fa25/class/ee106a-add/106A-CATCH/CATCH/install/catch_custom_msgs/share/catch_custom_msgs/package.xml\n'}
[1.527058] (catch_custom_msgs) CommandEnded: {'returncode': 0}
[1.543502] (ros2_aruco_interfaces) StdoutLine: {'line': b'[ 74%] Built target ros2_aruco_interfaces__py\n'}
[1.600500] (-) TimerEvent: {}
[1.605949] (ros2_aruco_interfaces) StdoutLine: {'line': b'[ 80%] Built target ros2_aruco_interfaces__rosidl_generator_py\n'}
[1.615396] (catch_custom_msgs) JobEnded: {'identifier': 'catch_custom_msgs', 'rc': 0}
[1.696559] (ros2_aruco_interfaces) StdoutLine: {'line': b'[ 93%] Built target ros2_aruco_interfaces__rosidl_typesupport_fastrtps_c__pyext\n'}
[1.696790] (ros2_aruco_interfaces) StdoutLine: {'line': b'[ 93%] Built target ros2_aruco_interfaces__rosidl_typesupport_introspection_c__pyext\n'}
[1.700589] (-) TimerEvent: {}
[1.705198] (ros2_aruco_interfaces) StdoutLine: {'line': b'[100%] Built target ros2_aruco_interfaces__rosidl_typesupport_c__pyext\n'}
[1.800681] (-) TimerEvent: {}
[1.811784] (perception) Command: {'cmd': ['/usr/bin/python3', '-W', 'ignore:setup.py install is deprecated', '-W', 'ignore:easy_install command is deprecated', 'setup.py', 'egg_info', '--egg-base', '../../build/perception', 'build', '--build-base', '/home/cc/ee106a/fa25/class/ee106a-add/106A-CATCH/CATCH/build/perception/build', 'install', '--record', '/home/cc/ee106a/fa25/class/ee106a-add/106A-CATCH/CATCH/build/perception/install.log', '--single-version-externally-managed', 'install_data'], 'cwd': '/home/cc/ee106a/fa25/class/ee106a-add/106A-CATCH/CATCH/src/perception', 'env': {'ARCH': 'x86_64', 'QT_SCALE_FACTOR': '1', 'USER': 'ee106a-add', 'HOSTNAME': 'ros2', 'XDG_SESSION_TYPE': 'x11', 'MASTERDIR': '/home/ff/ee106a', 'COMPIZ_CONFIG_PROFILE': 'mate', 'XDG_CACHE_HOME': '/home/cc/ee106a/fa25/class/ee106a-add/.cache', 'SHLVL': '2', 'LD_LIBRARY_PATH': '/home/cc/ee106a/fa25/class/ee106a-add/106A-CATCH/CATCH/install/ros2_aruco_interfaces/lib:/home/cc/ee106a/fa25/class/ee106a-add/106A-CATCH/CATCH/install/catch_custom_msgs/lib:/home/ff/ee106a/librealsense/build/Release:/usr/lib/x86_64-linux-gnu/gazebo-11/plugins:/opt/ros/humble/opt/rviz_ogre_vendor/lib:/opt/ros/humble/lib/x86_64-linux-gnu:/opt/ros/humble/lib', 'HOME': '/home/cc/ee106a/fa25/class/ee106a-add', 'OLDPWD': '/home/cc/ee106a/fa25/class/ee106a-add', 'DESKTOP_SESSION': 'mate', 'ROS_PYTHON_VERSION': '3', 'GTK_MODULES': 'gail:atk-bridge:appmenu-gtk-module:gail:atk-bridge:canberra-gtk-module', 'EE106_UR_ROBOT_IP': '192.168.1.100', 'DISTROBOX_ENTER_PATH': '/usr/local/bin/distrobox-enter', 'SYSTEMD_EXEC_PID': '765458', 'NNTPSERVER': 'news.csua.berkeley.edu', 'VISUAL': 'emacs', 'XDG_STATE_HOME': '/home/cc/ee106a/fa25/class/ee106a-add/.local/state', 'DBUS_SESSION_BUS_ADDRESS': 'unix:path=/run/user/90081/bus', 'COLORTERM': 'truecolor', 'container': 'podman', 'UBUNTU_MENUPROXY': '1', 'QT_QPA_PLATFORMTHEME': 'gtk2', 'COLCON_PREFIX_PATH': '/home/cc/ee106a/fa25/class/ee106a-add/106A-CATCH/CATCH/install:/home/ff/ee106a/robot_workspaces/ur/install', 'ROS_DISTRO': 'humble', 'GTK_IM_MODULE': 'ibus', 'LOGNAME': 'ee106a-add', 'MASTER': 'ee106a', 'WINDOWID': '39846495', 'ROS_VERSION': '2', 'XDG_SESSION_CLASS': 'user', 'TERMINFO_DIRS': '/usr/share/terminfo:/run/host/usr/share/terminfo', 'USERNAME': 'ee106a-add', 'TERM': 'xterm-256color', 'GTK_OVERLAY_SCROLLING': '0', 'XDG_SESSION_ID': '7300', 'ROS_LOCALHOST_ONLY': '0', 'WINDOWPATH': '2', 'PATH': '/opt/ros/humble/bin:/share/b/grading/bin:/home/ff/ee106a/bin:/home/ff/ee106a/bin/arch/x86_64:/share/b/grading/bin:/home/ff/ee106a/bin:/home/ff/ee106a/bin/arch/x86_64:/usr/local/sbin:/usr/local/bin:/usr/sbin:/usr/bin:/sbin:/bin:/usr/games:/usr/local/games:/snap/bin:/snap/bin:/share/b/grading/bin:/share/b/grading/sbin:/share/b/runas/x86_64:/share/b/bin:/home/ff/ee106a/venvs/all:/usr/local/sbin:/usr/local/bin:/usr/sbin:/usr/bin:/sbin:/bin:/share/b/grading/bin:/share/b/grading/sbin:/share/b/runas/x86_64:/share/b/bin:/home/ff/ee106a/venvs/all', 'SESSION_MANAGER': 'local/c105-6:@/tmp/.ICE-unix/765526,unix/c105-6:/tmp/.ICE-unix/765526', 'OS': 'Linux', 'XDG_RUNTIME_DIR': '/run/user/90081', 'DISPLAY': ':1', 'LANG': 'en_US.UTF-8', 'XDG_CURRENT_DESKTOP': 'MATE', 'XDG_DATA_HOME': '/home/cc/ee106a/fa25/class/ee106a-add/.local/share', 'XDG_CONFIG_HOME': '/home/cc/ee106a/fa25/class/ee106a-add/.config', 'XMODIFIERS': '@im=ibus', 'XDG_SESSION_DESKTOP': 'mate', 'XAUTHORITY': '/run/user/90081/gdm/Xauthority', 'SSH_AUTH_SOCK': '/run/user/90081/keyring/ssh', 'ROS_DOMAIN_ID': '26', 'AMENT_PREFIX_PATH': '/home/cc/ee106a/fa25/class/ee106a-add/106A-CATCH/CATCH/install/ros2_aruco_interfaces:/home/cc/ee106a/fa25/class/ee106a-add/106A-CATCH/CATCH/install/ros2_aruco:/home/cc/ee106a/fa25/class/ee106a-add/106A-CATCH/CATCH/install/planning:/home/cc/ee106a/fa25/class/ee106a-add/106A-CATCH/CATCH/install/perception:/home/cc/ee106a/fa25/class/ee106a-add/106A-CATCH/CATCH/install/catch_custom_msgs:/home/ff/ee106a/robot_workspaces/ur/install/ur7e_utils:/opt/ros/humble', 'SHELL': '/usr/bin/bash', 'QT_ACCESSIBILITY': '1', 'EE106_UR_ROBOT_NAME': 'baymax', 'GDMSESSION': 'mate', 'RUNAS': '/share/b/runas/x86_64', 'GPG_AGENT_INFO': '/run/user/90081/gnupg/S.gpg-agent:0:1', 'CONFIG_SHELL': '/usr/bin/ksh', 'QT_IM_MODULE': 'ibus', 'PWD': '/home/cc/ee106a/fa25/class/ee106a-add/106A-CATCH/CATCH/build/perception', 'EE106_ENV_SETUP': 'ur_ros2', 'CONTAINER_ID': 'ros2', 'LC_ALL': 'C.UTF-8', 'XDG_CONFIG_DIRS': '/etc/xdg/xdg-mate:/etc/xdg', 'CLUTTER_IM_MODULE': 'ibus', 'XDG_DATA_DIRS': '/usr/share/mate:/usr/share/mate:/usr/share/gnome:/home/cc/ee106a/fa25/class/ee106a-add/.local/share/flatpak/exports/share:/var/lib/flatpak/exports/share:/usr/local/share/:/usr/share/:/var/lib/snapd/desktop:/usr/local/share:/usr/share', 'PYTHONPATH': '/home/cc/ee106a/fa25/class/ee106a-add/106A-CATCH/CATCH/build/perception/prefix_override:/usr/lib/python3/dist-packages/colcon_core/task/python/colcon_distutils_commands:/home/cc/ee106a/fa25/class/ee106a-add/106A-CATCH/CATCH/install/perception/lib/python3.10/site-packages:/home/cc/ee106a/fa25/class/ee106a-add/106A-CATCH/CATCH/install/ros2_aruco_interfaces/local/lib/python3.10/dist-packages:/home/cc/ee106a/fa25/class/ee106a-add/106A-CATCH/CATCH/install/ros2_aruco/lib/python3.10/site-packages:/home/cc/ee106a/fa25/class/ee106a-add/106A-CATCH/CATCH/install/planning/lib/python3.10/site-packages:/home/cc/ee106a/fa25/class/ee106a-add/106A-CATCH/CATCH/install/perception/lib/python3.10/site-packages:/home/cc/ee106a/fa25/class/ee106a-add/106A-CATCH/CATCH/install/catch_custom_msgs/local/lib/python3.10/dist-packages:/home/ff/ee106a/robot_workspaces/ur/install/ur7e_utils/lib/python3.10/site-packages:/opt/ros/humble/lib/python3.10/site-packages:/opt/ros/humble/local/lib/python3.10/dist-packages', 'MATE_DESKTOP_SESSION_ID': 'this-is-deprecated', 'COLCON': '1', 'MANPATH': '/usr/local/man:/usr/man:/usr/X11/man:/usr/local/man:/share/b/grading/man:/usr/local/man:/usr/man:/usr/X11/man:/usr/local/man:/share/b/grading/man:', 'VTE_VERSION': '6800', 'EDITOR': 'emacs', 'CMAKE_PREFIX_PATH': '/home/cc/ee106a/fa25/class/ee106a-add/106A-CATCH/CATCH/install/ros2_aruco_interfaces:/home/cc/ee106a/fa25/class/ee106a-add/106A-CATCH/CATCH/install/catch_custom_msgs', 'QT_FONT_DPI': '122'}, 'shell': False}
[1.818965] (ros2_aruco) Command: {'cmd': ['/usr/bin/python3', '-W', 'ignore:setup.py install is deprecated', '-W', 'ignore:easy_install command is deprecated', 'setup.py', 'egg_info', '--egg-base', '../../../build/ros2_aruco', 'build', '--build-base', '/home/cc/ee106a/fa25/class/ee106a-add/106A-CATCH/CATCH/build/ros2_aruco/build', 'install', '--record', '/home/cc/ee106a/fa25/class/ee106a-add/106A-CATCH/CATCH/build/ros2_aruco/install.log', '--single-version-externally-managed', 'install_data'], 'cwd': '/home/cc/ee106a/fa25/class/ee106a-add/106A-CATCH/CATCH/src/ros2_aruco/ros2_aruco', 'env': {'ARCH': 'x86_64', 'QT_SCALE_FACTOR': '1', 'USER': 'ee106a-add', 'HOSTNAME': 'ros2', 'XDG_SESSION_TYPE': 'x11', 'MASTERDIR': '/home/ff/ee106a', 'COMPIZ_CONFIG_PROFILE': 'mate', 'XDG_CACHE_HOME': '/home/cc/ee106a/fa25/class/ee106a-add/.cache', 'SHLVL': '2', 'LD_LIBRARY_PATH': '/home/cc/ee106a/fa25/class/ee106a-add/106A-CATCH/CATCH/install/ros2_aruco_interfaces/lib:/home/cc/ee106a/fa25/class/ee106a-add/106A-CATCH/CATCH/install/catch_custom_msgs/lib:/home/ff/ee106a/librealsense/build/Release:/usr/lib/x86_64-linux-gnu/gazebo-11/plugins:/opt/ros/humble/opt/rviz_ogre_vendor/lib:/opt/ros/humble/lib/x86_64-linux-gnu:/opt/ros/humble/lib', 'HOME': '/home/cc/ee106a/fa25/class/ee106a-add', 'OLDPWD': '/home/cc/ee106a/fa25/class/ee106a-add', 'DESKTOP_SESSION': 'mate', 'ROS_PYTHON_VERSION': '3', 'GTK_MODULES': 'gail:atk-bridge:appmenu-gtk-module:gail:atk-bridge:canberra-gtk-module', 'EE106_UR_ROBOT_IP': '192.168.1.100', 'DISTROBOX_ENTER_PATH': '/usr/local/bin/distrobox-enter', 'SYSTEMD_EXEC_PID': '765458', 'NNTPSERVER': 'news.csua.berkeley.edu', 'VISUAL': 'emacs', 'XDG_STATE_HOME': '/home/cc/ee106a/fa25/class/ee106a-add/.local/state', 'DBUS_SESSION_BUS_ADDRESS': 'unix:path=/run/user/90081/bus', 'COLORTERM': 'truecolor', 'container': 'podman', 'UBUNTU_MENUPROXY': '1', 'QT_QPA_PLATFORMTHEME': 'gtk2', 'COLCON_PREFIX_PATH': '/home/cc/ee106a/fa25/class/ee106a-add/106A-CATCH/CATCH/install:/home/ff/ee106a/robot_workspaces/ur/install', 'ROS_DISTRO': 'humble', 'GTK_IM_MODULE': 'ibus', 'LOGNAME': 'ee106a-add', 'MASTER': 'ee106a', 'WINDOWID': '39846495', 'ROS_VERSION': '2', 'XDG_SESSION_CLASS': 'user', 'TERMINFO_DIRS': '/usr/share/terminfo:/run/host/usr/share/terminfo', 'USERNAME': 'ee106a-add', 'TERM': 'xterm-256color', 'GTK_OVERLAY_SCROLLING': '0', 'XDG_SESSION_ID': '7300', 'ROS_LOCALHOST_ONLY': '0', 'WINDOWPATH': '2', 'PATH': '/opt/ros/humble/bin:/share/b/grading/bin:/home/ff/ee106a/bin:/home/ff/ee106a/bin/arch/x86_64:/share/b/grading/bin:/home/ff/ee106a/bin:/home/ff/ee106a/bin/arch/x86_64:/usr/local/sbin:/usr/local/bin:/usr/sbin:/usr/bin:/sbin:/bin:/usr/games:/usr/local/games:/snap/bin:/snap/bin:/share/b/grading/bin:/share/b/grading/sbin:/share/b/runas/x86_64:/share/b/bin:/home/ff/ee106a/venvs/all:/usr/local/sbin:/usr/local/bin:/usr/sbin:/usr/bin:/sbin:/bin:/share/b/grading/bin:/share/b/grading/sbin:/share/b/runas/x86_64:/share/b/bin:/home/ff/ee106a/venvs/all', 'SESSION_MANAGER': 'local/c105-6:@/tmp/.ICE-unix/765526,unix/c105-6:/tmp/.ICE-unix/765526', 'OS': 'Linux', 'XDG_RUNTIME_DIR': '/run/user/90081', 'DISPLAY': ':1', 'LANG': 'en_US.UTF-8', 'XDG_CURRENT_DESKTOP': 'MATE', 'XDG_DATA_HOME': '/home/cc/ee106a/fa25/class/ee106a-add/.local/share', 'XDG_CONFIG_HOME': '/home/cc/ee106a/fa25/class/ee106a-add/.config', 'XMODIFIERS': '@im=ibus', 'XDG_SESSION_DESKTOP': 'mate', 'XAUTHORITY': '/run/user/90081/gdm/Xauthority', 'SSH_AUTH_SOCK': '/run/user/90081/keyring/ssh', 'ROS_DOMAIN_ID': '26', 'AMENT_PREFIX_PATH': '/home/cc/ee106a/fa25/class/ee106a-add/106A-CATCH/CATCH/install/ros2_aruco_interfaces:/home/cc/ee106a/fa25/class/ee106a-add/106A-CATCH/CATCH/install/ros2_aruco:/home/cc/ee106a/fa25/class/ee106a-add/106A-CATCH/CATCH/install/planning:/home/cc/ee106a/fa25/class/ee106a-add/106A-CATCH/CATCH/install/perception:/home/cc/ee106a/fa25/class/ee106a-add/106A-CATCH/CATCH/install/catch_custom_msgs:/home/ff/ee106a/robot_workspaces/ur/install/ur7e_utils:/opt/ros/humble', 'SHELL': '/usr/bin/bash', 'QT_ACCESSIBILITY': '1', 'EE106_UR_ROBOT_NAME': 'baymax', 'GDMSESSION': 'mate', 'RUNAS': '/share/b/runas/x86_64', 'GPG_AGENT_INFO': '/run/user/90081/gnupg/S.gpg-agent:0:1', 'CONFIG_SHELL': '/usr/bin/ksh', 'QT_IM_MODULE': 'ibus', 'PWD': '/home/cc/ee106a/fa25/class/ee106a-add/106A-CATCH/CATCH/build/ros2_aruco', 'EE106_ENV_SETUP': 'ur_ros2', 'CONTAINER_ID': 'ros2', 'LC_ALL': 'C.UTF-8', 'XDG_CONFIG_DIRS': '/etc/xdg/xdg-mate:/etc/xdg', 'CLUTTER_IM_MODULE': 'ibus', 'XDG_DATA_DIRS': '/usr/share/mate:/usr/share/mate:/usr/share/gnome:/home/cc/ee106a/fa25/class/ee106a-add/.local/share/flatpak/exports/share:/var/lib/flatpak/exports/share:/usr/local/share/:/usr/share/:/var/lib/snapd/desktop:/usr/local/share:/usr/share', 'PYTHONPATH': '/home/cc/ee106a/fa25/class/ee106a-add/106A-CATCH/CATCH/build/ros2_aruco/prefix_override:/usr/lib/python3/dist-packages/colcon_core/task/python/colcon_distutils_commands:/home/cc/ee106a/fa25/class/ee106a-add/106A-CATCH/CATCH/install/ros2_aruco/lib/python3.10/site-packages:/home/cc/ee106a/fa25/class/ee106a-add/106A-CATCH/CATCH/install/ros2_aruco_interfaces/local/lib/python3.10/dist-packages:/home/cc/ee106a/fa25/class/ee106a-add/106A-CATCH/CATCH/install/ros2_aruco/lib/python3.10/site-packages:/home/cc/ee106a/fa25/class/ee106a-add/106A-CATCH/CATCH/install/planning/lib/python3.10/site-packages:/home/cc/ee106a/fa25/class/ee106a-add/106A-CATCH/CATCH/install/perception/lib/python3.10/site-packages:/home/cc/ee106a/fa25/class/ee106a-add/106A-CATCH/CATCH/install/catch_custom_msgs/local/lib/python3.10/dist-packages:/home/ff/ee106a/robot_workspaces/ur/install/ur7e_utils/lib/python3.10/site-packages:/opt/ros/humble/lib/python3.10/site-packages:/opt/ros/humble/local/lib/python3.10/dist-packages', 'MATE_DESKTOP_SESSION_ID': 'this-is-deprecated', 'COLCON': '1', 'MANPATH': '/usr/local/man:/usr/man:/usr/X11/man:/usr/local/man:/share/b/grading/man:/usr/local/man:/usr/man:/usr/X11/man:/usr/local/man:/share/b/grading/man:', 'VTE_VERSION': '6800', 'EDITOR': 'emacs', 'CMAKE_PREFIX_PATH': '/home/cc/ee106a/fa25/class/ee106a-add/106A-CATCH/CATCH/install/ros2_aruco_interfaces:/home/cc/ee106a/fa25/class/ee106a-add/106A-CATCH/CATCH/install/catch_custom_msgs', 'QT_FONT_DPI': '122'}, 'shell': False}
[1.825731] (planning) Command: {'cmd': ['/usr/bin/python3', '-W', 'ignore:setup.py install is deprecated', '-W', 'ignore:easy_install command is deprecated', 'setup.py', 'egg_info', '--egg-base', '../../build/planning', 'build', '--build-base', '/home/cc/ee106a/fa25/class/ee106a-add/106A-CATCH/CATCH/build/planning/build', 'install', '--record', '/home/cc/ee106a/fa25/class/ee106a-add/106A-CATCH/CATCH/build/planning/install.log', '--single-version-externally-managed', 'install_data'], 'cwd': '/home/cc/ee106a/fa25/class/ee106a-add/106A-CATCH/CATCH/src/planning', 'env': {'ARCH': 'x86_64', 'QT_SCALE_FACTOR': '1', 'USER': 'ee106a-add', 'HOSTNAME': 'ros2', 'XDG_SESSION_TYPE': 'x11', 'MASTERDIR': '/home/ff/ee106a', 'COMPIZ_CONFIG_PROFILE': 'mate', 'XDG_CACHE_HOME': '/home/cc/ee106a/fa25/class/ee106a-add/.cache', 'SHLVL': '2', 'LD_LIBRARY_PATH': '/home/cc/ee106a/fa25/class/ee106a-add/106A-CATCH/CATCH/install/ros2_aruco_interfaces/lib:/home/cc/ee106a/fa25/class/ee106a-add/106A-CATCH/CATCH/install/catch_custom_msgs/lib:/home/ff/ee106a/librealsense/build/Release:/usr/lib/x86_64-linux-gnu/gazebo-11/plugins:/opt/ros/humble/opt/rviz_ogre_vendor/lib:/opt/ros/humble/lib/x86_64-linux-gnu:/opt/ros/humble/lib', 'HOME': '/home/cc/ee106a/fa25/class/ee106a-add', 'OLDPWD': '/home/cc/ee106a/fa25/class/ee106a-add', 'DESKTOP_SESSION': 'mate', 'ROS_PYTHON_VERSION': '3', 'GTK_MODULES': 'gail:atk-bridge:appmenu-gtk-module:gail:atk-bridge:canberra-gtk-module', 'EE106_UR_ROBOT_IP': '192.168.1.100', 'DISTROBOX_ENTER_PATH': '/usr/local/bin/distrobox-enter', 'SYSTEMD_EXEC_PID': '765458', 'NNTPSERVER': 'news.csua.berkeley.edu', 'VISUAL': 'emacs', 'XDG_STATE_HOME': '/home/cc/ee106a/fa25/class/ee106a-add/.local/state', 'DBUS_SESSION_BUS_ADDRESS': 'unix:path=/run/user/90081/bus', 'COLORTERM': 'truecolor', 'container': 'podman', 'UBUNTU_MENUPROXY': '1', 'QT_QPA_PLATFORMTHEME': 'gtk2', 'COLCON_PREFIX_PATH': '/home/cc/ee106a/fa25/class/ee106a-add/106A-CATCH/CATCH/install:/home/ff/ee106a/robot_workspaces/ur/install', 'ROS_DISTRO': 'humble', 'GTK_IM_MODULE': 'ibus', 'LOGNAME': 'ee106a-add', 'MASTER': 'ee106a', 'WINDOWID': '39846495', 'ROS_VERSION': '2', 'XDG_SESSION_CLASS': 'user', 'TERMINFO_DIRS': '/usr/share/terminfo:/run/host/usr/share/terminfo', 'USERNAME': 'ee106a-add', 'TERM': 'xterm-256color', 'GTK_OVERLAY_SCROLLING': '0', 'XDG_SESSION_ID': '7300', 'ROS_LOCALHOST_ONLY': '0', 'WINDOWPATH': '2', 'PATH': '/opt/ros/humble/bin:/share/b/grading/bin:/home/ff/ee106a/bin:/home/ff/ee106a/bin/arch/x86_64:/share/b/grading/bin:/home/ff/ee106a/bin:/home/ff/ee106a/bin/arch/x86_64:/usr/local/sbin:/usr/local/bin:/usr/sbin:/usr/bin:/sbin:/bin:/usr/games:/usr/local/games:/snap/bin:/snap/bin:/share/b/grading/bin:/share/b/grading/sbin:/share/b/runas/x86_64:/share/b/bin:/home/ff/ee106a/venvs/all:/usr/local/sbin:/usr/local/bin:/usr/sbin:/usr/bin:/sbin:/bin:/share/b/grading/bin:/share/b/grading/sbin:/share/b/runas/x86_64:/share/b/bin:/home/ff/ee106a/venvs/all', 'SESSION_MANAGER': 'local/c105-6:@/tmp/.ICE-unix/765526,unix/c105-6:/tmp/.ICE-unix/765526', 'OS': 'Linux', 'XDG_RUNTIME_DIR': '/run/user/90081', 'DISPLAY': ':1', 'LANG': 'en_US.UTF-8', 'XDG_CURRENT_DESKTOP': 'MATE', 'XDG_DATA_HOME': '/home/cc/ee106a/fa25/class/ee106a-add/.local/share', 'XDG_CONFIG_HOME': '/home/cc/ee106a/fa25/class/ee106a-add/.config', 'XMODIFIERS': '@im=ibus', 'XDG_SESSION_DESKTOP': 'mate', 'XAUTHORITY': '/run/user/90081/gdm/Xauthority', 'SSH_AUTH_SOCK': '/run/user/90081/keyring/ssh', 'ROS_DOMAIN_ID': '26', 'AMENT_PREFIX_PATH': '/home/cc/ee106a/fa25/class/ee106a-add/106A-CATCH/CATCH/install/ros2_aruco_interfaces:/home/cc/ee106a/fa25/class/ee106a-add/106A-CATCH/CATCH/install/ros2_aruco:/home/cc/ee106a/fa25/class/ee106a-add/106A-CATCH/CATCH/install/planning:/home/cc/ee106a/fa25/class/ee106a-add/106A-CATCH/CATCH/install/perception:/home/cc/ee106a/fa25/class/ee106a-add/106A-CATCH/CATCH/install/catch_custom_msgs:/home/ff/ee106a/robot_workspaces/ur/install/ur7e_utils:/opt/ros/humble', 'SHELL': '/usr/bin/bash', 'QT_ACCESSIBILITY': '1', 'EE106_UR_ROBOT_NAME': 'baymax', 'GDMSESSION': 'mate', 'RUNAS': '/share/b/runas/x86_64', 'GPG_AGENT_INFO': '/run/user/90081/gnupg/S.gpg-agent:0:1', 'CONFIG_SHELL': '/usr/bin/ksh', 'QT_IM_MODULE': 'ibus', 'PWD': '/home/cc/ee106a/fa25/class/ee106a-add/106A-CATCH/CATCH/build/planning', 'EE106_ENV_SETUP': 'ur_ros2', 'CONTAINER_ID': 'ros2', 'LC_ALL': 'C.UTF-8', 'XDG_CONFIG_DIRS': '/etc/xdg/xdg-mate:/etc/xdg', 'CLUTTER_IM_MODULE': 'ibus', 'XDG_DATA_DIRS': '/usr/share/mate:/usr/share/mate:/usr/share/gnome:/home/cc/ee106a/fa25/class/ee106a-add/.local/share/flatpak/exports/share:/var/lib/flatpak/exports/share:/usr/local/share/:/usr/share/:/var/lib/snapd/desktop:/usr/local/share:/usr/share', 'PYTHONPATH': '/home/cc/ee106a/fa25/class/ee106a-add/106A-CATCH/CATCH/build/planning/prefix_override:/usr/lib/python3/dist-packages/colcon_core/task/python/colcon_distutils_commands:/home/cc/ee106a/fa25/class/ee106a-add/106A-CATCH/CATCH/install/planning/lib/python3.10/site-packages:/home/cc/ee106a/fa25/class/ee106a-add/106A-CATCH/CATCH/install/ros2_aruco_interfaces/local/lib/python3.10/dist-packages:/home/cc/ee106a/fa25/class/ee106a-add/106A-CATCH/CATCH/install/ros2_aruco/lib/python3.10/site-packages:/home/cc/ee106a/fa25/class/ee106a-add/106A-CATCH/CATCH/install/planning/lib/python3.10/site-packages:/home/cc/ee106a/fa25/class/ee106a-add/106A-CATCH/CATCH/install/perception/lib/python3.10/site-packages:/home/cc/ee106a/fa25/class/ee106a-add/106A-CATCH/CATCH/install/catch_custom_msgs/local/lib/python3.10/dist-packages:/home/ff/ee106a/robot_workspaces/ur/install/ur7e_utils/lib/python3.10/site-packages:/opt/ros/humble/lib/python3.10/site-packages:/opt/ros/humble/local/lib/python3.10/dist-packages', 'MATE_DESKTOP_SESSION_ID': 'this-is-deprecated', 'COLCON': '1', 'MANPATH': '/usr/local/man:/usr/man:/usr/X11/man:/usr/local/man:/share/b/grading/man:/usr/local/man:/usr/man:/usr/X11/man:/usr/local/man:/share/b/grading/man:', 'VTE_VERSION': '6800', 'EDITOR': 'emacs', 'CMAKE_PREFIX_PATH': '/home/cc/ee106a/fa25/class/ee106a-add/106A-CATCH/CATCH/install/ros2_aruco_interfaces:/home/cc/ee106a/fa25/class/ee106a-add/106A-CATCH/CATCH/install/catch_custom_msgs', 'QT_FONT_DPI': '122'}, 'shell': False}
[1.840608] (ros2_aruco_interfaces) StdoutLine: {'line': b'running egg_info\n'}
[1.841971] (ros2_aruco_interfaces) StdoutLine: {'line': b'writing ros2_aruco_interfaces.egg-info/PKG-INFO\n'}
[1.844887] (ros2_aruco_interfaces) StdoutLine: {'line': b'writing dependency_links to ros2_aruco_interfaces.egg-info/dependency_links.txt\n'}
[1.848513] (ros2_aruco_interfaces) StdoutLine: {'line': b'writing top-level names to ros2_aruco_interfaces.egg-info/top_level.txt\n'}
[1.854945] (ros2_aruco_interfaces) StdoutLine: {'line': b"reading manifest file 'ros2_aruco_interfaces.egg-info/SOURCES.txt'\n"}
[1.858982] (ros2_aruco_interfaces) StdoutLine: {'line': b"writing manifest file 'ros2_aruco_interfaces.egg-info/SOURCES.txt'\n"}
[1.889380] (ros2_aruco_interfaces) StdoutLine: {'line': b'[100%] Built target ament_cmake_python_build_ros2_aruco_interfaces_egg\n'}
[1.900767] (-) TimerEvent: {}
[1.927404] (ros2_aruco_interfaces) CommandEnded: {'returncode': 0}
[1.931147] (ros2_aruco_interfaces) JobProgress: {'identifier': 'ros2_aruco_interfaces', 'progress': 'install'}
[1.932914] (ros2_aruco_interfaces) Command: {'cmd': ['/usr/bin/cmake', '--install', '/home/cc/ee106a/fa25/class/ee106a-add/106A-CATCH/CATCH/build/ros2_aruco_interfaces'], 'cwd': '/home/cc/ee106a/fa25/class/ee106a-add/106A-CATCH/CATCH/build/ros2_aruco_interfaces', 'env': OrderedDict([('ARCH', 'x86_64'), ('QT_SCALE_FACTOR', '1'), ('USER', 'ee106a-add'), ('HOSTNAME', 'ros2'), ('XDG_SESSION_TYPE', 'x11'), ('MASTERDIR', '/home/ff/ee106a'), ('COMPIZ_CONFIG_PROFILE', 'mate'), ('XDG_CACHE_HOME', '/home/cc/ee106a/fa25/class/ee106a-add/.cache'), ('SHLVL', '2'), ('LD_LIBRARY_PATH', '/home/cc/ee106a/fa25/class/ee106a-add/106A-CATCH/CATCH/install/ros2_aruco_interfaces/lib:/home/cc/ee106a/fa25/class/ee106a-add/106A-CATCH/CATCH/install/catch_custom_msgs/lib:/home/ff/ee106a/librealsense/build/Release:/usr/lib/x86_64-linux-gnu/gazebo-11/plugins:/opt/ros/humble/opt/rviz_ogre_vendor/lib:/opt/ros/humble/lib/x86_64-linux-gnu:/opt/ros/humble/lib'), ('HOME', '/home/cc/ee106a/fa25/class/ee106a-add'), ('OLDPWD', '/home/cc/ee106a/fa25/class/ee106a-add'), ('DESKTOP_SESSION', 'mate'), ('ROS_PYTHON_VERSION', '3'), ('GTK_MODULES', 'gail:atk-bridge:appmenu-gtk-module:gail:atk-bridge:canberra-gtk-module'), ('EE106_UR_ROBOT_IP', '192.168.1.100'), ('DISTROBOX_ENTER_PATH', '/usr/local/bin/distrobox-enter'), ('SYSTEMD_EXEC_PID', '765458'), ('NNTPSERVER', 'news.csua.berkeley.edu'), ('VISUAL', 'emacs'), ('XDG_STATE_HOME', '/home/cc/ee106a/fa25/class/ee106a-add/.local/state'), ('DBUS_SESSION_BUS_ADDRESS', 'unix:path=/run/user/90081/bus'), ('COLORTERM', 'truecolor'), ('container', 'podman'), ('UBUNTU_MENUPROXY', '1'), ('QT_QPA_PLATFORMTHEME', 'gtk2'), ('COLCON_PREFIX_PATH', '/home/cc/ee106a/fa25/class/ee106a-add/106A-CATCH/CATCH/install:/home/ff/ee106a/robot_workspaces/ur/install'), ('ROS_DISTRO', 'humble'), ('GTK_IM_MODULE', 'ibus'), ('LOGNAME', 'ee106a-add'), ('MASTER', 'ee106a'), ('WINDOWID', '39846495'), ('ROS_VERSION', '2'), ('XDG_SESSION_CLASS', 'user'), ('TERMINFO_DIRS', '/usr/share/terminfo:/run/host/usr/share/terminfo'), ('USERNAME', 'ee106a-add'), ('TERM', 'xterm-256color'), ('GTK_OVERLAY_SCROLLING', '0'), ('XDG_SESSION_ID', '7300'), ('ROS_LOCALHOST_ONLY', '0'), ('WINDOWPATH', '2'), ('PATH', '/opt/ros/humble/bin:/share/b/grading/bin:/home/ff/ee106a/bin:/home/ff/ee106a/bin/arch/x86_64:/share/b/grading/bin:/home/ff/ee106a/bin:/home/ff/ee106a/bin/arch/x86_64:/usr/local/sbin:/usr/local/bin:/usr/sbin:/usr/bin:/sbin:/bin:/usr/games:/usr/local/games:/snap/bin:/snap/bin:/share/b/grading/bin:/share/b/grading/sbin:/share/b/runas/x86_64:/share/b/bin:/home/ff/ee106a/venvs/all:/usr/local/sbin:/usr/local/bin:/usr/sbin:/usr/bin:/sbin:/bin:/share/b/grading/bin:/share/b/grading/sbin:/share/b/runas/x86_64:/share/b/bin:/home/ff/ee106a/venvs/all'), ('SESSION_MANAGER', 'local/c105-6:@/tmp/.ICE-unix/765526,unix/c105-6:/tmp/.ICE-unix/765526'), ('OS', 'Linux'), ('XDG_RUNTIME_DIR', '/run/user/90081'), ('DISPLAY', ':1'), ('LANG', 'en_US.UTF-8'), ('XDG_CURRENT_DESKTOP', 'MATE'), ('XDG_DATA_HOME', '/home/cc/ee106a/fa25/class/ee106a-add/.local/share'), ('XDG_CONFIG_HOME', '/home/cc/ee106a/fa25/class/ee106a-add/.config'), ('XMODIFIERS', '@im=ibus'), ('XDG_SESSION_DESKTOP', 'mate'), ('XAUTHORITY', '/run/user/90081/gdm/Xauthority'), ('SSH_AUTH_SOCK', '/run/user/90081/keyring/ssh'), ('ROS_DOMAIN_ID', '26'), ('AMENT_PREFIX_PATH', '/home/cc/ee106a/fa25/class/ee106a-add/106A-CATCH/CATCH/install/ros2_aruco_interfaces:/home/cc/ee106a/fa25/class/ee106a-add/106A-CATCH/CATCH/install/ros2_aruco:/home/cc/ee106a/fa25/class/ee106a-add/106A-CATCH/CATCH/install/planning:/home/cc/ee106a/fa25/class/ee106a-add/106A-CATCH/CATCH/install/perception:/home/cc/ee106a/fa25/class/ee106a-add/106A-CATCH/CATCH/install/catch_custom_msgs:/home/ff/ee106a/robot_workspaces/ur/install/ur7e_utils:/opt/ros/humble'), ('SHELL', '/usr/bin/bash'), ('QT_ACCESSIBILITY', '1'), ('EE106_UR_ROBOT_NAME', 'baymax'), ('GDMSESSION', 'mate'), ('RUNAS', '/share/b/runas/x86_64'), ('GPG_AGENT_INFO', '/run/user/90081/gnupg/S.gpg-agent:0:1'), ('CONFIG_SHELL', '/usr/bin/ksh'), ('QT_IM_MODULE', 'ibus'), ('PWD', '/home/cc/ee106a/fa25/class/ee106a-add/106A-CATCH/CATCH/build/ros2_aruco_interfaces'), ('EE106_ENV_SETUP', 'ur_ros2'), ('CONTAINER_ID', 'ros2'), ('LC_ALL', 'C.UTF-8'), ('XDG_CONFIG_DIRS', '/etc/xdg/xdg-mate:/etc/xdg'), ('CLUTTER_IM_MODULE', 'ibus'), ('XDG_DATA_DIRS', '/usr/share/mate:/usr/share/mate:/usr/share/gnome:/home/cc/ee106a/fa25/class/ee106a-add/.local/share/flatpak/exports/share:/var/lib/flatpak/exports/share:/usr/local/share/:/usr/share/:/var/lib/snapd/desktop:/usr/local/share:/usr/share'), ('PYTHONPATH', '/home/cc/ee106a/fa25/class/ee106a-add/106A-CATCH/CATCH/install/ros2_aruco_interfaces/local/lib/python3.10/dist-packages:/home/cc/ee106a/fa25/class/ee106a-add/106A-CATCH/CATCH/install/ros2_aruco/lib/python3.10/site-packages:/home/cc/ee106a/fa25/class/ee106a-add/106A-CATCH/CATCH/install/planning/lib/python3.10/site-packages:/home/cc/ee106a/fa25/class/ee106a-add/106A-CATCH/CATCH/install/perception/lib/python3.10/site-packages:/home/cc/ee106a/fa25/class/ee106a-add/106A-CATCH/CATCH/install/catch_custom_msgs/local/lib/python3.10/dist-packages:/home/ff/ee106a/robot_workspaces/ur/install/ur7e_utils/lib/python3.10/site-packages:/opt/ros/humble/lib/python3.10/site-packages:/opt/ros/humble/local/lib/python3.10/dist-packages'), ('MATE_DESKTOP_SESSION_ID', 'this-is-deprecated'), ('COLCON', '1'), ('MANPATH', '/usr/local/man:/usr/man:/usr/X11/man:/usr/local/man:/share/b/grading/man:/usr/local/man:/usr/man:/usr/X11/man:/usr/local/man:/share/b/grading/man:'), ('VTE_VERSION', '6800'), ('EDITOR', 'emacs'), ('CMAKE_PREFIX_PATH', '/home/cc/ee106a/fa25/class/ee106a-add/106A-CATCH/CATCH/install/ros2_aruco_interfaces:/home/cc/ee106a/fa25/class/ee106a-add/106A-CATCH/CATCH/install/catch_custom_msgs:/home/cc/ee106a/fa25/class/ee106a-add/106A-CATCH/CATCH/install/ros2_aruco:/home/cc/ee106a/fa25/class/ee106a-add/106A-CATCH/CATCH/install/planning:/home/cc/ee106a/fa25/class/ee106a-add/106A-CATCH/CATCH/install/perception:/home/ff/ee106a/robot_workspaces/ur/install/ur7e_utils:/opt/ros/humble'), ('QT_FONT_DPI', '122')]), 'shell': False}
[1.946756] (ros2_aruco_interfaces) StdoutLine: {'line': b'-- Install configuration: ""\n'}
[1.947389] (ros2_aruco_interfaces) StdoutLine: {'line': b'-- Up-to-date: /home/cc/ee106a/fa25/class/ee106a-add/106A-CATCH/CATCH/install/ros2_aruco_interfaces/share/ament_index/resource_index/rosidl_interfaces/ros2_aruco_interfaces\n'}
[1.948769] (ros2_aruco_interfaces) StdoutLine: {'line': b'-- Up-to-date: /home/cc/ee106a/fa25/class/ee106a-add/106A-CATCH/CATCH/install/ros2_aruco_interfaces/include/ros2_aruco_interfaces/ros2_aruco_interfaces\n'}
[1.950080] (ros2_aruco_interfaces) StdoutLine: {'line': b'-- Up-to-date: /home/cc/ee106a/fa25/class/ee106a-add/106A-CATCH/CATCH/install/ros2_aruco_interfaces/include/ros2_aruco_interfaces/ros2_aruco_interfaces/msg\n'}
[1.951298] (ros2_aruco_interfaces) StdoutLine: {'line': b'-- Up-to-date: /home/cc/ee106a/fa25/class/ee106a-add/106A-CATCH/CATCH/install/ros2_aruco_interfaces/include/ros2_aruco_interfaces/ros2_aruco_interfaces/msg/aruco_markers.h\n'}
[1.952316] (ros2_aruco_interfaces) StdoutLine: {'line': b'-- Up-to-date: /home/cc/ee106a/fa25/class/ee106a-add/106A-CATCH/CATCH/install/ros2_aruco_interfaces/include/ros2_aruco_interfaces/ros2_aruco_interfaces/msg/rosidl_generator_c__visibility_control.h\n'}
[1.953183] (ros2_aruco_interfaces) StdoutLine: {'line': b'-- Up-to-date: /home/cc/ee106a/fa25/class/ee106a-add/106A-CATCH/CATCH/install/ros2_aruco_interfaces/include/ros2_aruco_interfaces/ros2_aruco_interfaces/msg/detail\n'}
[1.954480] (ros2_aruco_interfaces) StdoutLine: {'line': b'-- Up-to-date: /home/cc/ee106a/fa25/class/ee106a-add/106A-CATCH/CATCH/install/ros2_aruco_interfaces/include/ros2_aruco_interfaces/ros2_aruco_interfaces/msg/detail/aruco_markers__functions.c\n'}
[1.955110] (ros2_aruco_interfaces) StdoutLine: {'line': b'-- Up-to-date: /home/cc/ee106a/fa25/class/ee106a-add/106A-CATCH/CATCH/install/ros2_aruco_interfaces/include/ros2_aruco_interfaces/ros2_aruco_interfaces/msg/detail/aruco_markers__functions.h\n'}
[1.955989] (ros2_aruco_interfaces) StdoutLine: {'line': b'-- Up-to-date: /home/cc/ee106a/fa25/class/ee106a-add/106A-CATCH/CATCH/install/ros2_aruco_interfaces/include/ros2_aruco_interfaces/ros2_aruco_interfaces/msg/detail/aruco_markers__struct.h\n'}
[1.956619] (ros2_aruco_interfaces) StdoutLine: {'line': b'-- Up-to-date: /home/cc/ee106a/fa25/class/ee106a-add/106A-CATCH/CATCH/install/ros2_aruco_interfaces/include/ros2_aruco_interfaces/ros2_aruco_interfaces/msg/detail/aruco_markers__type_support.h\n'}
[1.958107] (ros2_aruco_interfaces) StdoutLine: {'line': b'-- Up-to-date: /home/cc/ee106a/fa25/class/ee106a-add/106A-CATCH/CATCH/install/ros2_aruco_interfaces/share/ros2_aruco_interfaces/environment/library_path.sh\n'}
[1.959063] (ros2_aruco_interfaces) StdoutLine: {'line': b'-- Up-to-date: /home/cc/ee106a/fa25/class/ee106a-add/106A-CATCH/CATCH/install/ros2_aruco_interfaces/share/ros2_aruco_interfaces/environment/library_path.dsv\n'}
[1.961951] (ros2_aruco_interfaces) StdoutLine: {'line': b'-- Up-to-date: /home/cc/ee106a/fa25/class/ee106a-add/106A-CATCH/CATCH/install/ros2_aruco_interfaces/lib/libros2_aruco_interfaces__rosidl_generator_c.so\n'}
[1.964636] (ros2_aruco_interfaces) StdoutLine: {'line': b'-- Up-to-date: /home/cc/ee106a/fa25/class/ee106a-add/106A-CATCH/CATCH/install/ros2_aruco_interfaces/include/ros2_aruco_interfaces/ros2_aruco_interfaces\n'}
[1.965853] (ros2_aruco_interfaces) StdoutLine: {'line': b'-- Up-to-date: /home/cc/ee106a/fa25/class/ee106a-add/106A-CATCH/CATCH/install/ros2_aruco_interfaces/include/ros2_aruco_interfaces/ros2_aruco_interfaces/msg\n'}
[1.967285] (ros2_aruco_interfaces) StdoutLine: {'line': b'-- Up-to-date: /home/cc/ee106a/fa25/class/ee106a-add/106A-CATCH/CATCH/install/ros2_aruco_interfaces/include/ros2_aruco_interfaces/ros2_aruco_interfaces/msg/detail\n'}
[1.968599] (ros2_aruco_interfaces) StdoutLine: {'line': b'-- Up-to-date: /home/cc/ee106a/fa25/class/ee106a-add/106A-CATCH/CATCH/install/ros2_aruco_interfaces/include/ros2_aruco_interfaces/ros2_aruco_interfaces/msg/detail/aruco_markers__rosidl_typesupport_fastrtps_c.h\n'}
[1.969328] (ros2_aruco_interfaces) StdoutLine: {'line': b'-- Up-to-date: /home/cc/ee106a/fa25/class/ee106a-add/106A-CATCH/CATCH/install/ros2_aruco_interfaces/include/ros2_aruco_interfaces/ros2_aruco_interfaces/msg/rosidl_typesupport_fastrtps_c__visibility_control.h\n'}
[1.972520] (ros2_aruco_interfaces) StdoutLine: {'line': b'-- Up-to-date: /home/cc/ee106a/fa25/class/ee106a-add/106A-CATCH/CATCH/install/ros2_aruco_interfaces/lib/libros2_aruco_interfaces__rosidl_typesupport_fastrtps_c.so\n'}
[1.975729] (ros2_aruco_interfaces) StdoutLine: {'line': b'-- Up-to-date: /home/cc/ee106a/fa25/class/ee106a-add/106A-CATCH/CATCH/install/ros2_aruco_interfaces/include/ros2_aruco_interfaces/ros2_aruco_interfaces\n'}
[1.977091] (ros2_aruco_interfaces) StdoutLine: {'line': b'-- Up-to-date: /home/cc/ee106a/fa25/class/ee106a-add/106A-CATCH/CATCH/install/ros2_aruco_interfaces/include/ros2_aruco_interfaces/ros2_aruco_interfaces/msg\n'}
[1.978388] (ros2_aruco_interfaces) StdoutLine: {'line': b'-- Up-to-date: /home/cc/ee106a/fa25/class/ee106a-add/106A-CATCH/CATCH/install/ros2_aruco_interfaces/include/ros2_aruco_interfaces/ros2_aruco_interfaces/msg/aruco_markers.hpp\n'}
[1.979322] (ros2_aruco_interfaces) StdoutLine: {'line': b'-- Up-to-date: /home/cc/ee106a/fa25/class/ee106a-add/106A-CATCH/CATCH/install/ros2_aruco_interfaces/include/ros2_aruco_interfaces/ros2_aruco_interfaces/msg/rosidl_generator_cpp__visibility_control.hpp\n'}
[1.980165] (ros2_aruco_interfaces) StdoutLine: {'line': b'-- Up-to-date: /home/cc/ee106a/fa25/class/ee106a-add/106A-CATCH/CATCH/install/ros2_aruco_interfaces/include/ros2_aruco_interfaces/ros2_aruco_interfaces/msg/detail\n'}
[1.981465] (ros2_aruco_interfaces) StdoutLine: {'line': b'-- Up-to-date: /home/cc/ee106a/fa25/class/ee106a-add/106A-CATCH/CATCH/install/ros2_aruco_interfaces/include/ros2_aruco_interfaces/ros2_aruco_interfaces/msg/detail/aruco_markers__builder.hpp\n'}
[1.982343] (ros2_aruco_interfaces) StdoutLine: {'line': b'-- Up-to-date: /home/cc/ee106a/fa25/class/ee106a-add/106A-CATCH/CATCH/install/ros2_aruco_interfaces/include/ros2_aruco_interfaces/ros2_aruco_interfaces/msg/detail/aruco_markers__struct.hpp\n'}
[1.983086] (ros2_aruco_interfaces) StdoutLine: {'line': b'-- Up-to-date: /home/cc/ee106a/fa25/class/ee106a-add/106A-CATCH/CATCH/install/ros2_aruco_interfaces/include/ros2_aruco_interfaces/ros2_aruco_interfaces/msg/detail/aruco_markers__traits.hpp\n'}
[1.983871] (ros2_aruco_interfaces) StdoutLine: {'line': b'-- Up-to-date: /home/cc/ee106a/fa25/class/ee106a-add/106A-CATCH/CATCH/install/ros2_aruco_interfaces/include/ros2_aruco_interfaces/ros2_aruco_interfaces/msg/detail/aruco_markers__type_support.hpp\n'}
[1.984312] (ros2_aruco_interfaces) StdoutLine: {'line': b'-- Up-to-date: /home/cc/ee106a/fa25/class/ee106a-add/106A-CATCH/CATCH/install/ros2_aruco_interfaces/include/ros2_aruco_interfaces/ros2_aruco_interfaces\n'}
[1.986027] (ros2_aruco_interfaces) StdoutLine: {'line': b'-- Up-to-date: /home/cc/ee106a/fa25/class/ee106a-add/106A-CATCH/CATCH/install/ros2_aruco_interfaces/include/ros2_aruco_interfaces/ros2_aruco_interfaces/msg\n'}
[1.987334] (ros2_aruco_interfaces) StdoutLine: {'line': b'-- Up-to-date: /home/cc/ee106a/fa25/class/ee106a-add/106A-CATCH/CATCH/install/ros2_aruco_interfaces/include/ros2_aruco_interfaces/ros2_aruco_interfaces/msg/detail\n'}
[1.988582] (ros2_aruco_interfaces) StdoutLine: {'line': b'-- Up-to-date: /home/cc/ee106a/fa25/class/ee106a-add/106A-CATCH/CATCH/install/ros2_aruco_interfaces/include/ros2_aruco_interfaces/ros2_aruco_interfaces/msg/detail/aruco_markers__rosidl_typesupport_fastrtps_cpp.hpp\n'}
[1.989287] (ros2_aruco_interfaces) StdoutLine: {'line': b'-- Up-to-date: /home/cc/ee106a/fa25/class/ee106a-add/106A-CATCH/CATCH/install/ros2_aruco_interfaces/include/ros2_aruco_interfaces/ros2_aruco_interfaces/msg/detail/dds_fastrtps\n'}
[1.990540] (ros2_aruco_interfaces) StdoutLine: {'line': b'-- Up-to-date: /home/cc/ee106a/fa25/class/ee106a-add/106A-CATCH/CATCH/install/ros2_aruco_interfaces/include/ros2_aruco_interfaces/ros2_aruco_interfaces/msg/rosidl_typesupport_fastrtps_cpp__visibility_control.h\n'}
[1.994211] (ros2_aruco_interfaces) StdoutLine: {'line': b'-- Up-to-date: /home/cc/ee106a/fa25/class/ee106a-add/106A-CATCH/CATCH/install/ros2_aruco_interfaces/lib/libros2_aruco_interfaces__rosidl_typesupport_fastrtps_cpp.so\n'}
[1.997807] (ros2_aruco_interfaces) StdoutLine: {'line': b'-- Up-to-date: /home/cc/ee106a/fa25/class/ee106a-add/106A-CATCH/CATCH/install/ros2_aruco_interfaces/include/ros2_aruco_interfaces/ros2_aruco_interfaces\n'}
[1.999202] (ros2_aruco_interfaces) StdoutLine: {'line': b'-- Up-to-date: /home/cc/ee106a/fa25/class/ee106a-add/106A-CATCH/CATCH/install/ros2_aruco_interfaces/include/ros2_aruco_interfaces/ros2_aruco_interfaces/msg\n'}
[2.000438] (ros2_aruco_interfaces) StdoutLine: {'line': b'-- Up-to-date: /home/cc/ee106a/fa25/class/ee106a-add/106A-CATCH/CATCH/install/ros2_aruco_interfaces/include/ros2_aruco_interfaces/ros2_aruco_interfaces/msg/detail\n'}
[2.000820] (-) TimerEvent: {}
[2.002054] (ros2_aruco_interfaces) StdoutLine: {'line': b'-- Up-to-date: /home/cc/ee106a/fa25/class/ee106a-add/106A-CATCH/CATCH/install/ros2_aruco_interfaces/include/ros2_aruco_interfaces/ros2_aruco_interfaces/msg/detail/aruco_markers__rosidl_typesupport_introspection_c.h\n'}
[2.002749] (ros2_aruco_interfaces) StdoutLine: {'line': b'-- Up-to-date: /home/cc/ee106a/fa25/class/ee106a-add/106A-CATCH/CATCH/install/ros2_aruco_interfaces/include/ros2_aruco_interfaces/ros2_aruco_interfaces/msg/detail/aruco_markers__type_support.c\n'}
[2.003499] (ros2_aruco_interfaces) StdoutLine: {'line': b'-- Up-to-date: /home/cc/ee106a/fa25/class/ee106a-add/106A-CATCH/CATCH/install/ros2_aruco_interfaces/include/ros2_aruco_interfaces/ros2_aruco_interfaces/msg/rosidl_typesupport_introspection_c__visibility_control.h\n'}
[2.006588] (ros2_aruco_interfaces) StdoutLine: {'line': b'-- Up-to-date: /home/cc/ee106a/fa25/class/ee106a-add/106A-CATCH/CATCH/install/ros2_aruco_interfaces/lib/libros2_aruco_interfaces__rosidl_typesupport_introspection_c.so\n'}
[2.012021] (ros2_aruco_interfaces) StdoutLine: {'line': b'-- Up-to-date: /home/cc/ee106a/fa25/class/ee106a-add/106A-CATCH/CATCH/install/ros2_aruco_interfaces/lib/libros2_aruco_interfaces__rosidl_typesupport_c.so\n'}
[2.014600] (ros2_aruco_interfaces) StdoutLine: {'line': b'-- Up-to-date: /home/cc/ee106a/fa25/class/ee106a-add/106A-CATCH/CATCH/install/ros2_aruco_interfaces/include/ros2_aruco_interfaces/ros2_aruco_interfaces\n'}
[2.015730] (ros2_aruco_interfaces) StdoutLine: {'line': b'-- Up-to-date: /home/cc/ee106a/fa25/class/ee106a-add/106A-CATCH/CATCH/install/ros2_aruco_interfaces/include/ros2_aruco_interfaces/ros2_aruco_interfaces/msg\n'}
[2.016975] (ros2_aruco_interfaces) StdoutLine: {'line': b'-- Up-to-date: /home/cc/ee106a/fa25/class/ee106a-add/106A-CATCH/CATCH/install/ros2_aruco_interfaces/include/ros2_aruco_interfaces/ros2_aruco_interfaces/msg/detail\n'}
[2.018479] (ros2_aruco_interfaces) StdoutLine: {'line': b'-- Up-to-date: /home/cc/ee106a/fa25/class/ee106a-add/106A-CATCH/CATCH/install/ros2_aruco_interfaces/include/ros2_aruco_interfaces/ros2_aruco_interfaces/msg/detail/aruco_markers__rosidl_typesupport_introspection_cpp.hpp\n'}
[2.019194] (ros2_aruco_interfaces) StdoutLine: {'line': b'-- Up-to-date: /home/cc/ee106a/fa25/class/ee106a-add/106A-CATCH/CATCH/install/ros2_aruco_interfaces/include/ros2_aruco_interfaces/ros2_aruco_interfaces/msg/detail/aruco_markers__type_support.cpp\n'}
[2.022906] (ros2_aruco_interfaces) StdoutLine: {'line': b'-- Up-to-date: /home/cc/ee106a/fa25/class/ee106a-add/106A-CATCH/CATCH/install/ros2_aruco_interfaces/lib/libros2_aruco_interfaces__rosidl_typesupport_introspection_cpp.so\n'}
[2.027986] (ros2_aruco_interfaces) StdoutLine: {'line': b'-- Up-to-date: /home/cc/ee106a/fa25/class/ee106a-add/106A-CATCH/CATCH/install/ros2_aruco_interfaces/lib/libros2_aruco_interfaces__rosidl_typesupport_cpp.so\n'}
[2.030892] (ros2_aruco_interfaces) StdoutLine: {'line': b'-- Up-to-date: /home/cc/ee106a/fa25/class/ee106a-add/106A-CATCH/CATCH/install/ros2_aruco_interfaces/share/ros2_aruco_interfaces/environment/pythonpath.sh\n'}
[2.031884] (ros2_aruco_interfaces) StdoutLine: {'line': b'-- Up-to-date: /home/cc/ee106a/fa25/class/ee106a-add/106A-CATCH/CATCH/install/ros2_aruco_interfaces/share/ros2_aruco_interfaces/environment/pythonpath.dsv\n'}
[2.032628] (ros2_aruco_interfaces) StdoutLine: {'line': b'-- Up-to-date: /home/cc/ee106a/fa25/class/ee106a-add/106A-CATCH/CATCH/install/ros2_aruco_interfaces/local/lib/python3.10/dist-packages/ros2_aruco_interfaces-0.1.0-py3.10.egg-info\n'}
[2.033874] (ros2_aruco_interfaces) StdoutLine: {'line': b'-- Installing: /home/cc/ee106a/fa25/class/ee106a-add/106A-CATCH/CATCH/install/ros2_aruco_interfaces/local/lib/python3.10/dist-packages/ros2_aruco_interfaces-0.1.0-py3.10.egg-info/PKG-INFO\n'}
[2.040538] (ros2_aruco_interfaces) StdoutLine: {'line': b'-- Installing: /home/cc/ee106a/fa25/class/ee106a-add/106A-CATCH/CATCH/install/ros2_aruco_interfaces/local/lib/python3.10/dist-packages/ros2_aruco_interfaces-0.1.0-py3.10.egg-info/dependency_links.txt\n'}
[2.046842] (ros2_aruco_interfaces) StdoutLine: {'line': b'-- Installing: /home/cc/ee106a/fa25/class/ee106a-add/106A-CATCH/CATCH/install/ros2_aruco_interfaces/local/lib/python3.10/dist-packages/ros2_aruco_interfaces-0.1.0-py3.10.egg-info/top_level.txt\n'}
[2.053107] (ros2_aruco_interfaces) StdoutLine: {'line': b'-- Installing: /home/cc/ee106a/fa25/class/ee106a-add/106A-CATCH/CATCH/install/ros2_aruco_interfaces/local/lib/python3.10/dist-packages/ros2_aruco_interfaces-0.1.0-py3.10.egg-info/SOURCES.txt\n'}
[2.058993] (ros2_aruco_interfaces) StdoutLine: {'line': b'-- Up-to-date: /home/cc/ee106a/fa25/class/ee106a-add/106A-CATCH/CATCH/install/ros2_aruco_interfaces/local/lib/python3.10/dist-packages/ros2_aruco_interfaces\n'}
[2.060199] (ros2_aruco_interfaces) StdoutLine: {'line': b'-- Up-to-date: /home/cc/ee106a/fa25/class/ee106a-add/106A-CATCH/CATCH/install/ros2_aruco_interfaces/local/lib/python3.10/dist-packages/ros2_aruco_interfaces/__init__.py\n'}
[2.061040] (ros2_aruco_interfaces) StdoutLine: {'line': b'-- Up-to-date: /home/cc/ee106a/fa25/class/ee106a-add/106A-CATCH/CATCH/install/ros2_aruco_interfaces/local/lib/python3.10/dist-packages/ros2_aruco_interfaces/msg\n'}
[2.062533] (ros2_aruco_interfaces) StdoutLine: {'line': b'-- Up-to-date: /home/cc/ee106a/fa25/class/ee106a-add/106A-CATCH/CATCH/install/ros2_aruco_interfaces/local/lib/python3.10/dist-packages/ros2_aruco_interfaces/msg/_aruco_markers.py\n'}
[2.063390] (ros2_aruco_interfaces) StdoutLine: {'line': b'-- Up-to-date: /home/cc/ee106a/fa25/class/ee106a-add/106A-CATCH/CATCH/install/ros2_aruco_interfaces/local/lib/python3.10/dist-packages/ros2_aruco_interfaces/msg/_aruco_markers_s.c\n'}
[2.064127] (ros2_aruco_interfaces) StdoutLine: {'line': b'-- Up-to-date: /home/cc/ee106a/fa25/class/ee106a-add/106A-CATCH/CATCH/install/ros2_aruco_interfaces/local/lib/python3.10/dist-packages/ros2_aruco_interfaces/msg/__init__.py\n'}
[2.064822] (ros2_aruco_interfaces) StdoutLine: {'line': b'-- Up-to-date: /home/cc/ee106a/fa25/class/ee106a-add/106A-CATCH/CATCH/install/ros2_aruco_interfaces/local/lib/python3.10/dist-packages/ros2_aruco_interfaces/_ros2_aruco_interfaces_s.ep.rosidl_typesupport_fastrtps_c.c\n'}
[2.065497] (ros2_aruco_interfaces) StdoutLine: {'line': b'-- Up-to-date: /home/cc/ee106a/fa25/class/ee106a-add/106A-CATCH/CATCH/install/ros2_aruco_interfaces/local/lib/python3.10/dist-packages/ros2_aruco_interfaces/_ros2_aruco_interfaces_s.ep.rosidl_typesupport_introspection_c.c\n'}
[2.066273] (ros2_aruco_interfaces) StdoutLine: {'line': b'-- Up-to-date: /home/cc/ee106a/fa25/class/ee106a-add/106A-CATCH/CATCH/install/ros2_aruco_interfaces/local/lib/python3.10/dist-packages/ros2_aruco_interfaces/_ros2_aruco_interfaces_s.ep.rosidl_typesupport_c.c\n'}
[2.066942] (ros2_aruco_interfaces) StdoutLine: {'line': b'-- Up-to-date: /home/cc/ee106a/fa25/class/ee106a-add/106A-CATCH/CATCH/install/ros2_aruco_interfaces/local/lib/python3.10/dist-packages/ros2_aruco_interfaces/libros2_aruco_interfaces__rosidl_generator_py.so\n'}
[2.067701] (ros2_aruco_interfaces) StdoutLine: {'line': b'-- Up-to-date: /home/cc/ee106a/fa25/class/ee106a-add/106A-CATCH/CATCH/install/ros2_aruco_interfaces/local/lib/python3.10/dist-packages/ros2_aruco_interfaces/ros2_aruco_interfaces_s__rosidl_typesupport_c.cpython-310-x86_64-linux-gnu.so\n'}
[2.068550] (ros2_aruco_interfaces) StdoutLine: {'line': b'-- Up-to-date: /home/cc/ee106a/fa25/class/ee106a-add/106A-CATCH/CATCH/install/ros2_aruco_interfaces/local/lib/python3.10/dist-packages/ros2_aruco_interfaces/ros2_aruco_interfaces_s__rosidl_typesupport_fastrtps_c.cpython-310-x86_64-linux-gnu.so\n'}
[2.069539] (ros2_aruco_interfaces) StdoutLine: {'line': b'-- Up-to-date: /home/cc/ee106a/fa25/class/ee106a-add/106A-CATCH/CATCH/install/ros2_aruco_interfaces/local/lib/python3.10/dist-packages/ros2_aruco_interfaces/ros2_aruco_interfaces_s__rosidl_typesupport_introspection_c.cpython-310-x86_64-linux-gnu.so\n'}
[2.100935] (-) TimerEvent: {}
[2.117217] (ros2_aruco) StdoutLine: {'line': b'running egg_info\n'}
[2.118355] (ros2_aruco) StdoutLine: {'line': b'writing ../../../build/ros2_aruco/ros2_aruco.egg-info/PKG-INFO\n'}
[2.121183] (ros2_aruco) StdoutLine: {'line': b'writing dependency_links to ../../../build/ros2_aruco/ros2_aruco.egg-info/dependency_links.txt\n'}
[2.122015] (perception) StdoutLine: {'line': b'running egg_info\n'}
[2.122869] (perception) StdoutLine: {'line': b'writing ../../build/perception/perception.egg-info/PKG-INFO\n'}
[2.123731] (ros2_aruco) StdoutLine: {'line': b'writing entry points to ../../../build/ros2_aruco/ros2_aruco.egg-info/entry_points.txt\n'}
[2.126460] (perception) StdoutLine: {'line': b'writing dependency_links to ../../build/perception/perception.egg-info/dependency_links.txt\n'}
[2.126582] (ros2_aruco) StdoutLine: {'line': b'writing requirements to ../../../build/ros2_aruco/ros2_aruco.egg-info/requires.txt\n'}
[2.126964] (planning) StdoutLine: {'line': b'running egg_info\n'}
[2.127783] (planning) StdoutLine: {'line': b'writing ../../build/planning/planning.egg-info/PKG-INFO\n'}
[2.128147] (ros2_aruco_interfaces) StdoutLine: {'line': b"Listing '/home/cc/ee106a/fa25/class/ee106a-add/106A-CATCH/CATCH/install/ros2_aruco_interfaces/local/lib/python3.10/dist-packages/ros2_aruco_interfaces'...\n"}
[2.128228] (ros2_aruco_interfaces) StdoutLine: {'line': b"Listing '/home/cc/ee106a/fa25/class/ee106a-add/106A-CATCH/CATCH/install/ros2_aruco_interfaces/local/lib/python3.10/dist-packages/ros2_aruco_interfaces/msg'...\n"}
[2.129325] (ros2_aruco) StdoutLine: {'line': b'writing top-level names to ../../../build/ros2_aruco/ros2_aruco.egg-info/top_level.txt\n'}
[2.129788] (perception) StdoutLine: {'line': b'writing entry points to ../../build/perception/perception.egg-info/entry_points.txt\n'}
[2.131391] (planning) StdoutLine: {'line': b'writing dependency_links to ../../build/planning/planning.egg-info/dependency_links.txt\n'}
[2.132151] (perception) StdoutLine: {'line': b'writing requirements to ../../build/perception/perception.egg-info/requires.txt\n'}
[2.134420] (perception) StdoutLine: {'line': b'writing top-level names to ../../build/perception/perception.egg-info/top_level.txt\n'}
[2.134531] (ros2_aruco_interfaces) StdoutLine: {'line': b'-- Up-to-date: /home/cc/ee106a/fa25/class/ee106a-add/106A-CATCH/CATCH/install/ros2_aruco_interfaces/local/lib/python3.10/dist-packages/ros2_aruco_interfaces/ros2_aruco_interfaces_s__rosidl_typesupport_fastrtps_c.cpython-310-x86_64-linux-gnu.so\n'}
[2.134834] (planning) StdoutLine: {'line': b'writing entry points to ../../build/planning/planning.egg-info/entry_points.txt\n'}
[2.137759] (planning) StdoutLine: {'line': b'writing requirements to ../../build/planning/planning.egg-info/requires.txt\n'}
[2.138712] (ros2_aruco) StdoutLine: {'line': b"reading manifest file '../../../build/ros2_aruco/ros2_aruco.egg-info/SOURCES.txt'\n"}
[2.140277] (planning) StdoutLine: {'line': b'writing top-level names to ../../build/planning/planning.egg-info/top_level.txt\n'}
[2.141124] (ros2_aruco_interfaces) StdoutLine: {'line': b'-- Up-to-date: /home/cc/ee106a/fa25/class/ee106a-add/106A-CATCH/CATCH/install/ros2_aruco_interfaces/local/lib/python3.10/dist-packages/ros2_aruco_interfaces/ros2_aruco_interfaces_s__rosidl_typesupport_introspection_c.cpython-310-x86_64-linux-gnu.so\n'}
[2.141551] (ros2_aruco) StdoutLine: {'line': b"writing manifest file '../../../build/ros2_aruco/ros2_aruco.egg-info/SOURCES.txt'\n"}
[2.143357] (ros2_aruco) StdoutLine: {'line': b'running build\n'}
[2.143453] (ros2_aruco) StdoutLine: {'line': b'running build_py\n'}
[2.144085] (perception) StdoutLine: {'line': b"reading manifest file '../../build/perception/perception.egg-info/SOURCES.txt'\n"}
[2.146291] (ros2_aruco) StdoutLine: {'line': b'running install\n'}
[2.146487] (perception) StdoutLine: {'line': b"writing manifest file '../../build/perception/perception.egg-info/SOURCES.txt'\n"}
[2.146620] (ros2_aruco) StdoutLine: {'line': b'running install_lib\n'}
[2.146794] (ros2_aruco_interfaces) StdoutLine: {'line': b'-- Up-to-date: /home/cc/ee106a/fa25/class/ee106a-add/106A-CATCH/CATCH/install/ros2_aruco_interfaces/local/lib/python3.10/dist-packages/ros2_aruco_interfaces/ros2_aruco_interfaces_s__rosidl_typesupport_c.cpython-310-x86_64-linux-gnu.so\n'}
[2.148285] (perception) StdoutLine: {'line': b'running build\n'}
[2.148346] (perception) StdoutLine: {'line': b'running build_py\n'}
[2.148670] (planning) StdoutLine: {'line': b"reading manifest file '../../build/planning/planning.egg-info/SOURCES.txt'\n"}
[2.151631] (planning) StdoutLine: {'line': b"writing manifest file '../../build/planning/planning.egg-info/SOURCES.txt'\n"}
[2.152355] (ros2_aruco) StdoutLine: {'line': b'running install_data\n'}
[2.152788] (perception) StdoutLine: {'line': b'copying perception/ball_trajectory_estimator.py -> /home/cc/ee106a/fa25/class/ee106a-add/106A-CATCH/CATCH/build/perception/build/lib/perception\n'}
[2.153551] (ros2_aruco_interfaces) StdoutLine: {'line': b'-- Up-to-date: /home/cc/ee106a/fa25/class/ee106a-add/106A-CATCH/CATCH/install/ros2_aruco_interfaces/lib/libros2_aruco_interfaces__rosidl_generator_py.so\n'}
[2.154297] (planning) StdoutLine: {'line': b'running build\n'}
[2.154882] (planning) StdoutLine: {'line': b'running build_py\n'}
[2.154973] (ros2_aruco) StdoutLine: {'line': b'running install_egg_info\n'}
[2.156382] (ros2_aruco) StdoutLine: {'line': b"removing '/home/cc/ee106a/fa25/class/ee106a-add/106A-CATCH/CATCH/install/ros2_aruco/lib/python3.10/site-packages/ros2_aruco-0.1.0-py3.10.egg-info' (and everything under it)\n"}
[2.157872] (planning) StdoutLine: {'line': b'running install\n'}
[2.158235] (planning) StdoutLine: {'line': b'running install_lib\n'}
[2.158529] (ros2_aruco_interfaces) StdoutLine: {'line': b'-- Up-to-date: /home/cc/ee106a/fa25/class/ee106a-add/106A-CATCH/CATCH/install/ros2_aruco_interfaces/share/ros2_aruco_interfaces/msg/ArucoMarkers.idl\n'}
[2.158943] (perception) StdoutLine: {'line': b'running install\n'}
[2.159065] (perception) StdoutLine: {'line': b'running install_lib\n'}
[2.159552] (ros2_aruco_interfaces) StdoutLine: {'line': b'-- Up-to-date: /home/cc/ee106a/fa25/class/ee106a-add/106A-CATCH/CATCH/install/ros2_aruco_interfaces/share/ros2_aruco_interfaces/msg/ArucoMarkers.msg\n'}
[2.160228] (ros2_aruco_interfaces) StdoutLine: {'line': b'-- Up-to-date: /home/cc/ee106a/fa25/class/ee106a-add/106A-CATCH/CATCH/install/ros2_aruco_interfaces/share/ament_index/resource_index/package_run_dependencies/ros2_aruco_interfaces\n'}
[2.161345] (ros2_aruco_interfaces) StdoutLine: {'line': b'-- Up-to-date: /home/cc/ee106a/fa25/class/ee106a-add/106A-CATCH/CATCH/install/ros2_aruco_interfaces/share/ament_index/resource_index/parent_prefix_path/ros2_aruco_interfaces\n'}
[2.161646] (perception) StdoutLine: {'line': b'copying /home/cc/ee106a/fa25/class/ee106a-add/106A-CATCH/CATCH/build/perception/build/lib/perception/ball_trajectory_estimator.py -> /home/cc/ee106a/fa25/class/ee106a-add/106A-CATCH/CATCH/install/perception/lib/python3.10/site-packages/perception\n'}
[2.161976] (ros2_aruco_interfaces) StdoutLine: {'line': b'-- Up-to-date: /home/cc/ee106a/fa25/class/ee106a-add/106A-CATCH/CATCH/install/ros2_aruco_interfaces/share/ros2_aruco_interfaces/environment/ament_prefix_path.sh\n'}
[2.162478] (ros2_aruco) StdoutLine: {'line': b'Copying ../../../build/ros2_aruco/ros2_aruco.egg-info to /home/cc/ee106a/fa25/class/ee106a-add/106A-CATCH/CATCH/install/ros2_aruco/lib/python3.10/site-packages/ros2_aruco-0.1.0-py3.10.egg-info\n'}
[2.162930] (planning) StdoutLine: {'line': b'running install_data\n'}
[2.163345] (ros2_aruco_interfaces) StdoutLine: {'line': b'-- Up-to-date: /home/cc/ee106a/fa25/class/ee106a-add/106A-CATCH/CATCH/install/ros2_aruco_interfaces/share/ros2_aruco_interfaces/environment/ament_prefix_path.dsv\n'}
[2.163915] (planning) StdoutLine: {'line': b'running install_egg_info\n'}
[2.164311] (ros2_aruco_interfaces) StdoutLine: {'line': b'-- Up-to-date: /home/cc/ee106a/fa25/class/ee106a-add/106A-CATCH/CATCH/install/ros2_aruco_interfaces/share/ros2_aruco_interfaces/environment/path.sh\n'}
[2.165268] (ros2_aruco_interfaces) StdoutLine: {'line': b'-- Up-to-date: /home/cc/ee106a/fa25/class/ee106a-add/106A-CATCH/CATCH/install/ros2_aruco_interfaces/share/ros2_aruco_interfaces/environment/path.dsv\n'}
[2.165955] (ros2_aruco_interfaces) StdoutLine: {'line': b'-- Up-to-date: /home/cc/ee106a/fa25/class/ee106a-add/106A-CATCH/CATCH/install/ros2_aruco_interfaces/share/ros2_aruco_interfaces/local_setup.bash\n'}
[2.166684] (ros2_aruco_interfaces) StdoutLine: {'line': b'-- Up-to-date: /home/cc/ee106a/fa25/class/ee106a-add/106A-CATCH/CATCH/install/ros2_aruco_interfaces/share/ros2_aruco_interfaces/local_setup.sh\n'}
[2.167212] (planning) StdoutLine: {'line': b"removing '/home/cc/ee106a/fa25/class/ee106a-add/106A-CATCH/CATCH/install/planning/lib/python3.10/site-packages/planning-0.0.0-py3.10.egg-info' (and everything under it)\n"}
[2.167540] (ros2_aruco_interfaces) StdoutLine: {'line': b'-- Up-to-date: /home/cc/ee106a/fa25/class/ee106a-add/106A-CATCH/CATCH/install/ros2_aruco_interfaces/share/ros2_aruco_interfaces/local_setup.zsh\n'}
[2.168779] (ros2_aruco_interfaces) StdoutLine: {'line': b'-- Up-to-date: /home/cc/ee106a/fa25/class/ee106a-add/106A-CATCH/CATCH/install/ros2_aruco_interfaces/share/ros2_aruco_interfaces/local_setup.dsv\n'}
[2.169195] (perception) StdoutLine: {'line': b'byte-compiling /home/cc/ee106a/fa25/class/ee106a-add/106A-CATCH/CATCH/install/perception/lib/python3.10/site-packages/perception/ball_trajectory_estimator.py to ball_trajectory_estimator.cpython-310.pyc\n'}
[2.170045] (ros2_aruco_interfaces) StdoutLine: {'line': b'-- Installing: /home/cc/ee106a/fa25/class/ee106a-add/106A-CATCH/CATCH/install/ros2_aruco_interfaces/share/ros2_aruco_interfaces/package.dsv\n'}
[2.173739] (planning) StdoutLine: {'line': b'Copying ../../build/planning/planning.egg-info to /home/cc/ee106a/fa25/class/ee106a-add/106A-CATCH/CATCH/install/planning/lib/python3.10/site-packages/planning-0.0.0-py3.10.egg-info\n'}
[2.178521] (perception) StdoutLine: {'line': b'running install_data\n'}
[2.179304] (perception) StdoutLine: {'line': b'running install_egg_info\n'}
[2.180183] (ros2_aruco_interfaces) StdoutLine: {'line': b'-- Up-to-date: /home/cc/ee106a/fa25/class/ee106a-add/106A-CATCH/CATCH/install/ros2_aruco_interfaces/share/ament_index/resource_index/packages/ros2_aruco_interfaces\n'}
[2.183063] (perception) StdoutLine: {'line': b"removing '/home/cc/ee106a/fa25/class/ee106a-add/106A-CATCH/CATCH/install/perception/lib/python3.10/site-packages/perception-0.0.0-py3.10.egg-info' (and everything under it)\n"}
[2.186428] (ros2_aruco_interfaces) StdoutLine: {'line': b'-- Up-to-date: /home/cc/ee106a/fa25/class/ee106a-add/106A-CATCH/CATCH/install/ros2_aruco_interfaces/share/ros2_aruco_interfaces/cmake/export_ros2_aruco_interfaces__rosidl_generator_cExport.cmake\n'}
[2.187731] (ros2_aruco_interfaces) StdoutLine: {'line': b'-- Up-to-date: /home/cc/ee106a/fa25/class/ee106a-add/106A-CATCH/CATCH/install/ros2_aruco_interfaces/share/ros2_aruco_interfaces/cmake/export_ros2_aruco_interfaces__rosidl_generator_cExport-noconfig.cmake\n'}
[2.189365] (perception) StdoutLine: {'line': b'Copying ../../build/perception/perception.egg-info to /home/cc/ee106a/fa25/class/ee106a-add/106A-CATCH/CATCH/install/perception/lib/python3.10/site-packages/perception-0.0.0-py3.10.egg-info\n'}
[2.191805] (ros2_aruco_interfaces) StdoutLine: {'line': b'-- Up-to-date: /home/cc/ee106a/fa25/class/ee106a-add/106A-CATCH/CATCH/install/ros2_aruco_interfaces/share/ros2_aruco_interfaces/cmake/export_ros2_aruco_interfaces__rosidl_typesupport_fastrtps_cExport.cmake\n'}
[2.193042] (ros2_aruco_interfaces) StdoutLine: {'line': b'-- Up-to-date: /home/cc/ee106a/fa25/class/ee106a-add/106A-CATCH/CATCH/install/ros2_aruco_interfaces/share/ros2_aruco_interfaces/cmake/export_ros2_aruco_interfaces__rosidl_typesupport_fastrtps_cExport-noconfig.cmake\n'}
[2.198089] (ros2_aruco_interfaces) StdoutLine: {'line': b'-- Up-to-date: /home/cc/ee106a/fa25/class/ee106a-add/106A-CATCH/CATCH/install/ros2_aruco_interfaces/share/ros2_aruco_interfaces/cmake/export_ros2_aruco_interfaces__rosidl_generator_cppExport.cmake\n'}
[2.201001] (-) TimerEvent: {}
[2.203326] (ros2_aruco) StdoutLine: {'line': b'running install_scripts\n'}
[2.204020] (ros2_aruco_interfaces) StdoutLine: {'line': b'-- Up-to-date: /home/cc/ee106a/fa25/class/ee106a-add/106A-CATCH/CATCH/install/ros2_aruco_interfaces/share/ros2_aruco_interfaces/cmake/export_ros2_aruco_interfaces__rosidl_typesupport_fastrtps_cppExport.cmake\n'}
[2.205002] (ros2_aruco_interfaces) StdoutLine: {'line': b'-- Up-to-date: /home/cc/ee106a/fa25/class/ee106a-add/106A-CATCH/CATCH/install/ros2_aruco_interfaces/share/ros2_aruco_interfaces/cmake/export_ros2_aruco_interfaces__rosidl_typesupport_fastrtps_cppExport-noconfig.cmake\n'}
[2.210868] (ros2_aruco_interfaces) StdoutLine: {'line': b'-- Up-to-date: /home/cc/ee106a/fa25/class/ee106a-add/106A-CATCH/CATCH/install/ros2_aruco_interfaces/share/ros2_aruco_interfaces/cmake/ros2_aruco_interfaces__rosidl_typesupport_introspection_cExport.cmake\n'}
[2.211994] (ros2_aruco_interfaces) StdoutLine: {'line': b'-- Up-to-date: /home/cc/ee106a/fa25/class/ee106a-add/106A-CATCH/CATCH/install/ros2_aruco_interfaces/share/ros2_aruco_interfaces/cmake/ros2_aruco_interfaces__rosidl_typesupport_introspection_cExport-noconfig.cmake\n'}
[2.217328] (planning) StdoutLine: {'line': b'running install_scripts\n'}
[2.217673] (ros2_aruco_interfaces) StdoutLine: {'line': b'-- Up-to-date: /home/cc/ee106a/fa25/class/ee106a-add/106A-CATCH/CATCH/install/ros2_aruco_interfaces/share/ros2_aruco_interfaces/cmake/ros2_aruco_interfaces__rosidl_typesupport_cExport.cmake\n'}
[2.219104] (ros2_aruco_interfaces) StdoutLine: {'line': b'-- Up-to-date: /home/cc/ee106a/fa25/class/ee106a-add/106A-CATCH/CATCH/install/ros2_aruco_interfaces/share/ros2_aruco_interfaces/cmake/ros2_aruco_interfaces__rosidl_typesupport_cExport-noconfig.cmake\n'}
[2.223051] (ros2_aruco_interfaces) StdoutLine: {'line': b'-- Up-to-date: /home/cc/ee106a/fa25/class/ee106a-add/106A-CATCH/CATCH/install/ros2_aruco_interfaces/share/ros2_aruco_interfaces/cmake/ros2_aruco_interfaces__rosidl_typesupport_introspection_cppExport.cmake\n'}
[2.224104] (ros2_aruco_interfaces) StdoutLine: {'line': b'-- Up-to-date: /home/cc/ee106a/fa25/class/ee106a-add/106A-CATCH/CATCH/install/ros2_aruco_interfaces/share/ros2_aruco_interfaces/cmake/ros2_aruco_interfaces__rosidl_typesupport_introspection_cppExport-noconfig.cmake\n'}
[2.228080] (ros2_aruco_interfaces) StdoutLine: {'line': b'-- Up-to-date: /home/cc/ee106a/fa25/class/ee106a-add/106A-CATCH/CATCH/install/ros2_aruco_interfaces/share/ros2_aruco_interfaces/cmake/ros2_aruco_interfaces__rosidl_typesupport_cppExport.cmake\n'}
[2.228406] (ros2_aruco) StdoutLine: {'line': b'Installing aruco_generate_marker script to /home/cc/ee106a/fa25/class/ee106a-add/106A-CATCH/CATCH/install/ros2_aruco/lib/ros2_aruco\n'}
[2.229354] (ros2_aruco_interfaces) StdoutLine: {'line': b'-- Up-to-date: /home/cc/ee106a/fa25/class/ee106a-add/106A-CATCH/CATCH/install/ros2_aruco_interfaces/share/ros2_aruco_interfaces/cmake/ros2_aruco_interfaces__rosidl_typesupport_cppExport-noconfig.cmake\n'}
[2.230190] (perception) StdoutLine: {'line': b'running install_scripts\n'}
[2.230650] (ros2_aruco) StdoutLine: {'line': b'Installing aruco_node script to /home/cc/ee106a/fa25/class/ee106a-add/106A-CATCH/CATCH/install/ros2_aruco/lib/ros2_aruco\n'}
[2.232580] (ros2_aruco_interfaces) StdoutLine: {'line': b'-- Up-to-date: /home/cc/ee106a/fa25/class/ee106a-add/106A-CATCH/CATCH/install/ros2_aruco_interfaces/share/ros2_aruco_interfaces/cmake/export_ros2_aruco_interfaces__rosidl_generator_pyExport.cmake\n'}
[2.233698] (ros2_aruco_interfaces) StdoutLine: {'line': b'-- Up-to-date: /home/cc/ee106a/fa25/class/ee106a-add/106A-CATCH/CATCH/install/ros2_aruco_interfaces/share/ros2_aruco_interfaces/cmake/export_ros2_aruco_interfaces__rosidl_generator_pyExport-noconfig.cmake\n'}
[2.234074] (ros2_aruco) StdoutLine: {'line': b"writing list of installed files to '/home/cc/ee106a/fa25/class/ee106a-add/106A-CATCH/CATCH/build/ros2_aruco/install.log'\n"}
[2.234432] (ros2_aruco_interfaces) StdoutLine: {'line': b'-- Up-to-date: /home/cc/ee106a/fa25/class/ee106a-add/106A-CATCH/CATCH/install/ros2_aruco_interfaces/share/ros2_aruco_interfaces/cmake/rosidl_cmake-extras.cmake\n'}
[2.235159] (ros2_aruco_interfaces) StdoutLine: {'line': b'-- Up-to-date: /home/cc/ee106a/fa25/class/ee106a-add/106A-CATCH/CATCH/install/ros2_aruco_interfaces/share/ros2_aruco_interfaces/cmake/ament_cmake_export_dependencies-extras.cmake\n'}
[2.235826] (ros2_aruco_interfaces) StdoutLine: {'line': b'-- Up-to-date: /home/cc/ee106a/fa25/class/ee106a-add/106A-CATCH/CATCH/install/ros2_aruco_interfaces/share/ros2_aruco_interfaces/cmake/ament_cmake_export_include_directories-extras.cmake\n'}
[2.236560] (ros2_aruco_interfaces) StdoutLine: {'line': b'-- Up-to-date: /home/cc/ee106a/fa25/class/ee106a-add/106A-CATCH/CATCH/install/ros2_aruco_interfaces/share/ros2_aruco_interfaces/cmake/ament_cmake_export_libraries-extras.cmake\n'}
[2.237127] (planning) StdoutLine: {'line': b'Installing main script to /home/cc/ee106a/fa25/class/ee106a-add/106A-CATCH/CATCH/install/planning/lib/planning\n'}
[2.237411] (ros2_aruco_interfaces) StdoutLine: {'line': b'-- Up-to-date: /home/cc/ee106a/fa25/class/ee106a-add/106A-CATCH/CATCH/install/ros2_aruco_interfaces/share/ros2_aruco_interfaces/cmake/ament_cmake_export_targets-extras.cmake\n'}
[2.238228] (ros2_aruco_interfaces) StdoutLine: {'line': b'-- Up-to-date: /home/cc/ee106a/fa25/class/ee106a-add/106A-CATCH/CATCH/install/ros2_aruco_interfaces/share/ros2_aruco_interfaces/cmake/rosidl_cmake_export_typesupport_targets-extras.cmake\n'}
[2.238928] (ros2_aruco_interfaces) StdoutLine: {'line': b'-- Up-to-date: /home/cc/ee106a/fa25/class/ee106a-add/106A-CATCH/CATCH/install/ros2_aruco_interfaces/share/ros2_aruco_interfaces/cmake/rosidl_cmake_export_typesupport_libraries-extras.cmake\n'}
[2.239550] (planning) StdoutLine: {'line': b'Installing tf script to /home/cc/ee106a/fa25/class/ee106a-add/106A-CATCH/CATCH/install/planning/lib/planning\n'}
[2.239619] (ros2_aruco_interfaces) StdoutLine: {'line': b'-- Up-to-date: /home/cc/ee106a/fa25/class/ee106a-add/106A-CATCH/CATCH/install/ros2_aruco_interfaces/share/ros2_aruco_interfaces/cmake/ros2_aruco_interfacesConfig.cmake\n'}
[2.240215] (ros2_aruco_interfaces) StdoutLine: {'line': b'-- Up-to-date: /home/cc/ee106a/fa25/class/ee106a-add/106A-CATCH/CATCH/install/ros2_aruco_interfaces/share/ros2_aruco_interfaces/cmake/ros2_aruco_interfacesConfig-version.cmake\n'}
[2.241297] (ros2_aruco_interfaces) StdoutLine: {'line': b'-- Up-to-date: /home/cc/ee106a/fa25/class/ee106a-add/106A-CATCH/CATCH/install/ros2_aruco_interfaces/share/ros2_aruco_interfaces/package.xml\n'}
[2.242491] (planning) StdoutLine: {'line': b"writing list of installed files to '/home/cc/ee106a/fa25/class/ee106a-add/106A-CATCH/CATCH/build/planning/install.log'\n"}
[2.249843] (ros2_aruco_interfaces) CommandEnded: {'returncode': 0}
[2.252644] (perception) StdoutLine: {'line': b'Installing ball_trajectory_estimator script to /home/cc/ee106a/fa25/class/ee106a-add/106A-CATCH/CATCH/install/perception/lib/perception\n'}
[2.255049] (perception) StdoutLine: {'line': b'Installing blob_detector script to /home/cc/ee106a/fa25/class/ee106a-add/106A-CATCH/CATCH/install/perception/lib/perception\n'}
[2.257460] (perception) StdoutLine: {'line': b'Installing color_identifier script to /home/cc/ee106a/fa25/class/ee106a-add/106A-CATCH/CATCH/install/perception/lib/perception\n'}
[2.260049] (perception) StdoutLine: {'line': b'Installing display_plane script to /home/cc/ee106a/fa25/class/ee106a-add/106A-CATCH/CATCH/install/perception/lib/perception\n'}
[2.262554] (perception) StdoutLine: {'line': b'Installing process_depth_image script to /home/cc/ee106a/fa25/class/ee106a-add/106A-CATCH/CATCH/install/perception/lib/perception\n'}
[2.265144] (perception) StdoutLine: {'line': b'Installing zxLS script to /home/cc/ee106a/fa25/class/ee106a-add/106A-CATCH/CATCH/install/perception/lib/perception\n'}
[2.268404] (perception) StdoutLine: {'line': b"writing list of installed files to '/home/cc/ee106a/fa25/class/ee106a-add/106A-CATCH/CATCH/build/perception/install.log'\n"}
[2.301093] (-) TimerEvent: {}
[2.328149] (ros2_aruco_interfaces) JobEnded: {'identifier': 'ros2_aruco_interfaces', 'rc': 0}
[2.332190] (ros2_aruco) CommandEnded: {'returncode': 0}
[2.362646] (ros2_aruco) JobEnded: {'identifier': 'ros2_aruco', 'rc': 0}
[2.366466] (planning) CommandEnded: {'returncode': 0}
[2.395070] (planning) JobEnded: {'identifier': 'planning', 'rc': 0}
[2.398611] (perception) CommandEnded: {'returncode': 0}
[2.401156] (-) TimerEvent: {}
[2.430454] (perception) JobEnded: {'identifier': 'perception', 'rc': 0}
[2.434026] (-) EventReactorShutdown: {}
