[0.000000] (-) TimerEvent: {}
[0.000161] (catch_custom_msgs) JobQueued: {'identifier': 'catch_custom_msgs', 'dependencies': OrderedDict()}
[0.000469] (perception) JobQueued: {'identifier': 'perception', 'dependencies': OrderedDict()}
[0.000492] (planning) JobQueued: {'identifier': 'planning', 'dependencies': OrderedDict()}
[0.000507] (ros2_aruco) JobQueued: {'identifier': 'ros2_aruco', 'dependencies': OrderedDict()}
[0.000519] (ros2_aruco_interfaces) JobQueued: {'identifier': 'ros2_aruco_interfaces', 'dependencies': OrderedDict()}
[0.001018] (catch_custom_msgs) JobStarted: {'identifier': 'catch_custom_msgs'}
[0.050127] (perception) JobStarted: {'identifier': 'perception'}
[0.077430] (planning) JobStarted: {'identifier': 'planning'}
[0.098680] (ros2_aruco) JobStarted: {'identifier': 'ros2_aruco'}
[0.099125] (-) TimerEvent: {}
[0.123884] (ros2_aruco_interfaces) JobStarted: {'identifier': 'ros2_aruco_interfaces'}
[0.145713] (catch_custom_msgs) JobProgress: {'identifier': 'catch_custom_msgs', 'progress': 'cmake'}
[0.150252] (catch_custom_msgs) JobProgress: {'identifier': 'catch_custom_msgs', 'progress': 'build'}
[0.151278] (catch_custom_msgs) Command: {'cmd': ['/usr/bin/cmake', '--build', '/home/cc/ee106a/fa25/class/ee106a-add/106A-CATCH/CATCH/build/catch_custom_msgs', '--', '-j32', '-l32'], 'cwd': '/home/cc/ee106a/fa25/class/ee106a-add/106A-CATCH/CATCH/build/catch_custom_msgs', 'env': OrderedDict([('ARCH', 'x86_64'), ('QT_SCALE_FACTOR', '1'), ('USER', 'ee106a-add'), ('HOSTNAME', 'ros2'), ('XDG_SESSION_TYPE', 'x11'), ('MASTERDIR', '/home/ff/ee106a'), ('COMPIZ_CONFIG_PROFILE', 'mate'), ('XDG_CACHE_HOME', '/home/cc/ee106a/fa25/class/ee106a-add/.cache'), ('SHLVL', '2'), ('LD_LIBRARY_PATH', '/home/cc/ee106a/fa25/class/ee106a-add/106A-CATCH/CATCH/install/ros2_aruco_interfaces/lib:/home/cc/ee106a/fa25/class/ee106a-add/106A-CATCH/CATCH/install/catch_custom_msgs/lib:/home/ff/ee106a/librealsense/build/Release:/usr/lib/x86_64-linux-gnu/gazebo-11/plugins:/opt/ros/humble/opt/rviz_ogre_vendor/lib:/opt/ros/humble/lib/x86_64-linux-gnu:/opt/ros/humble/lib'), ('HOME', '/home/cc/ee106a/fa25/class/ee106a-add'), ('OLDPWD', '/home/cc/ee106a/fa25/class/ee106a-add'), ('DESKTOP_SESSION', 'mate'), ('ROS_PYTHON_VERSION', '3'), ('GTK_MODULES', 'gail:atk-bridge:appmenu-gtk-module:gail:atk-bridge:canberra-gtk-module'), ('EE106_UR_ROBOT_IP', '192.168.1.100'), ('DISTROBOX_ENTER_PATH', '/usr/local/bin/distrobox-enter'), ('SYSTEMD_EXEC_PID', '765458'), ('NNTPSERVER', 'news.csua.berkeley.edu'), ('VISUAL', 'emacs'), ('XDG_STATE_HOME', '/home/cc/ee106a/fa25/class/ee106a-add/.local/state'), ('DBUS_SESSION_BUS_ADDRESS', 'unix:path=/run/user/90081/bus'), ('COLORTERM', 'truecolor'), ('container', 'podman'), ('UBUNTU_MENUPROXY', '1'), ('QT_QPA_PLATFORMTHEME', 'gtk2'), ('COLCON_PREFIX_PATH', '/home/cc/ee106a/fa25/class/ee106a-add/106A-CATCH/CATCH/install:/home/ff/ee106a/robot_workspaces/ur/install'), ('ROS_DISTRO', 'humble'), ('GTK_IM_MODULE', 'ibus'), ('LOGNAME', 'ee106a-add'), ('MASTER', 'ee106a'), ('WINDOWID', '39846495'), ('ROS_VERSION', '2'), ('XDG_SESSION_CLASS', 'user'), ('TERMINFO_DIRS', '/usr/share/terminfo:/run/host/usr/share/terminfo'), ('USERNAME', 'ee106a-add'), ('TERM', 'xterm-256color'), ('GTK_OVERLAY_SCROLLING', '0'), ('XDG_SESSION_ID', '7300'), ('ROS_LOCALHOST_ONLY', '0'), ('WINDOWPATH', '2'), ('PATH', '/opt/ros/humble/bin:/share/b/grading/bin:/home/ff/ee106a/bin:/home/ff/ee106a/bin/arch/x86_64:/share/b/grading/bin:/home/ff/ee106a/bin:/home/ff/ee106a/bin/arch/x86_64:/usr/local/sbin:/usr/local/bin:/usr/sbin:/usr/bin:/sbin:/bin:/usr/games:/usr/local/games:/snap/bin:/snap/bin:/share/b/grading/bin:/share/b/grading/sbin:/share/b/runas/x86_64:/share/b/bin:/home/ff/ee106a/venvs/all:/usr/local/sbin:/usr/local/bin:/usr/sbin:/usr/bin:/sbin:/bin:/share/b/grading/bin:/share/b/grading/sbin:/share/b/runas/x86_64:/share/b/bin:/home/ff/ee106a/venvs/all'), ('SESSION_MANAGER', 'local/c105-6:@/tmp/.ICE-unix/765526,unix/c105-6:/tmp/.ICE-unix/765526'), ('OS', 'Linux'), ('XDG_RUNTIME_DIR', '/run/user/90081'), ('DISPLAY', ':1'), ('LANG', 'en_US.UTF-8'), ('XDG_CURRENT_DESKTOP', 'MATE'), ('XDG_DATA_HOME', '/home/cc/ee106a/fa25/class/ee106a-add/.local/share'), ('XDG_CONFIG_HOME', '/home/cc/ee106a/fa25/class/ee106a-add/.config'), ('XMODIFIERS', '@im=ibus'), ('XDG_SESSION_DESKTOP', 'mate'), ('XAUTHORITY', '/run/user/90081/gdm/Xauthority'), ('SSH_AUTH_SOCK', '/run/user/90081/keyring/ssh'), ('ROS_DOMAIN_ID', '26'), ('AMENT_PREFIX_PATH', '/home/cc/ee106a/fa25/class/ee106a-add/106A-CATCH/CATCH/install/ros2_aruco_interfaces:/home/cc/ee106a/fa25/class/ee106a-add/106A-CATCH/CATCH/install/ros2_aruco:/home/cc/ee106a/fa25/class/ee106a-add/106A-CATCH/CATCH/install/planning:/home/cc/ee106a/fa25/class/ee106a-add/106A-CATCH/CATCH/install/perception:/home/cc/ee106a/fa25/class/ee106a-add/106A-CATCH/CATCH/install/catch_custom_msgs:/home/ff/ee106a/robot_workspaces/ur/install/ur7e_utils:/opt/ros/humble'), ('SHELL', '/usr/bin/bash'), ('QT_ACCESSIBILITY', '1'), ('EE106_UR_ROBOT_NAME', 'baymax'), ('GDMSESSION', 'mate'), ('RUNAS', '/share/b/runas/x86_64'), ('GPG_AGENT_INFO', '/run/user/90081/gnupg/S.gpg-agent:0:1'), ('CONFIG_SHELL', '/usr/bin/ksh'), ('QT_IM_MODULE', 'ibus'), ('PWD', '/home/cc/ee106a/fa25/class/ee106a-add/106A-CATCH/CATCH/build/catch_custom_msgs'), ('EE106_ENV_SETUP', 'ur_ros2'), ('CONTAINER_ID', 'ros2'), ('LC_ALL', 'C.UTF-8'), ('XDG_CONFIG_DIRS', '/etc/xdg/xdg-mate:/etc/xdg'), ('CLUTTER_IM_MODULE', 'ibus'), ('XDG_DATA_DIRS', '/usr/share/mate:/usr/share/mate:/usr/share/gnome:/home/cc/ee106a/fa25/class/ee106a-add/.local/share/flatpak/exports/share:/var/lib/flatpak/exports/share:/usr/local/share/:/usr/share/:/var/lib/snapd/desktop:/usr/local/share:/usr/share'), ('PYTHONPATH', '/home/cc/ee106a/fa25/class/ee106a-add/106A-CATCH/CATCH/install/ros2_aruco_interfaces/local/lib/python3.10/dist-packages:/home/cc/ee106a/fa25/class/ee106a-add/106A-CATCH/CATCH/install/ros2_aruco/lib/python3.10/site-packages:/home/cc/ee106a/fa25/class/ee106a-add/106A-CATCH/CATCH/install/planning/lib/python3.10/site-packages:/home/cc/ee106a/fa25/class/ee106a-add/106A-CATCH/CATCH/install/perception/lib/python3.10/site-packages:/home/cc/ee106a/fa25/class/ee106a-add/106A-CATCH/CATCH/install/catch_custom_msgs/local/lib/python3.10/dist-packages:/home/ff/ee106a/robot_workspaces/ur/install/ur7e_utils/lib/python3.10/site-packages:/opt/ros/humble/lib/python3.10/site-packages:/opt/ros/humble/local/lib/python3.10/dist-packages'), ('MATE_DESKTOP_SESSION_ID', 'this-is-deprecated'), ('COLCON', '1'), ('MANPATH', '/usr/local/man:/usr/man:/usr/X11/man:/usr/local/man:/share/b/grading/man:/usr/local/man:/usr/man:/usr/X11/man:/usr/local/man:/share/b/grading/man:'), ('VTE_VERSION', '6800'), ('EDITOR', 'emacs'), ('CMAKE_PREFIX_PATH', '/home/cc/ee106a/fa25/class/ee106a-add/106A-CATCH/CATCH/install/ros2_aruco_interfaces:/home/cc/ee106a/fa25/class/ee106a-add/106A-CATCH/CATCH/install/catch_custom_msgs:/home/cc/ee106a/fa25/class/ee106a-add/106A-CATCH/CATCH/install/ros2_aruco:/home/cc/ee106a/fa25/class/ee106a-add/106A-CATCH/CATCH/install/planning:/home/cc/ee106a/fa25/class/ee106a-add/106A-CATCH/CATCH/install/perception:/home/ff/ee106a/robot_workspaces/ur/install/ur7e_utils:/opt/ros/humble'), ('QT_FONT_DPI', '122')]), 'shell': False}
[0.199218] (-) TimerEvent: {}
[0.299498] (-) TimerEvent: {}
[0.399774] (-) TimerEvent: {}
[0.500070] (-) TimerEvent: {}
[0.600550] (-) TimerEvent: {}
[0.700953] (-) TimerEvent: {}
[0.801232] (-) TimerEvent: {}
[0.901630] (-) TimerEvent: {}
[1.001911] (-) TimerEvent: {}
[1.102176] (-) TimerEvent: {}
[1.202419] (-) TimerEvent: {}
[1.202964] (catch_custom_msgs) StdoutLine: {'line': b'[  6%] Built target catch_custom_msgs__cpp\n'}
[1.203197] (catch_custom_msgs) StdoutLine: {'line': b'[ 12%] Built target catch_custom_msgs__rosidl_generator_c\n'}
[1.204047] (catch_custom_msgs) StdoutLine: {'line': b'[ 22%] Built target catch_custom_msgs__rosidl_typesupport_cpp\n'}
[1.204501] (catch_custom_msgs) StdoutLine: {'line': b'[ 38%] Built target catch_custom_msgs__rosidl_typesupport_fastrtps_cpp\n'}
[1.204541] (catch_custom_msgs) StdoutLine: {'line': b'[ 48%] Built target catch_custom_msgs__rosidl_typesupport_introspection_cpp\n'}
[1.204874] (catch_custom_msgs) StdoutLine: {'line': b'[ 70%] Built target catch_custom_msgs__rosidl_typesupport_fastrtps_c\n'}
[1.204917] (catch_custom_msgs) StdoutLine: {'line': b'[ 70%] Built target catch_custom_msgs__rosidl_typesupport_introspection_c\n'}
[1.205823] (catch_custom_msgs) StdoutLine: {'line': b'[ 70%] Built target catch_custom_msgs__rosidl_typesupport_c\n'}
[1.206205] (catch_custom_msgs) StdoutLine: {'line': b'[ 70%] Built target ament_cmake_python_copy_catch_custom_msgs\n'}
[1.206600] (catch_custom_msgs) StdoutLine: {'line': b'[ 70%] Built target catch_custom_msgs\n'}
[1.206641] (catch_custom_msgs) StdoutLine: {'line': b'[ 74%] Built target catch_custom_msgs__py\n'}
[1.207088] (catch_custom_msgs) StdoutLine: {'line': b'[ 80%] Built target catch_custom_msgs__rosidl_generator_py\n'}
[1.208090] (catch_custom_msgs) StdoutLine: {'line': b'[100%] Built target catch_custom_msgs__rosidl_typesupport_c__pyext\n'}
[1.208570] (catch_custom_msgs) StdoutLine: {'line': b'[100%] Built target catch_custom_msgs__rosidl_typesupport_fastrtps_c__pyext\n'}
[1.208610] (catch_custom_msgs) StdoutLine: {'line': b'[100%] Built target catch_custom_msgs__rosidl_typesupport_introspection_c__pyext\n'}
[1.209012] (catch_custom_msgs) StdoutLine: {'line': b'running egg_info\n'}
[1.209461] (catch_custom_msgs) StdoutLine: {'line': b'writing catch_custom_msgs.egg-info/PKG-INFO\n'}
[1.209847] (catch_custom_msgs) StdoutLine: {'line': b'writing dependency_links to catch_custom_msgs.egg-info/dependency_links.txt\n'}
[1.210245] (catch_custom_msgs) StdoutLine: {'line': b'writing top-level names to catch_custom_msgs.egg-info/top_level.txt\n'}
[1.210281] (catch_custom_msgs) StdoutLine: {'line': b"reading manifest file 'catch_custom_msgs.egg-info/SOURCES.txt'\n"}
[1.211070] (catch_custom_msgs) StdoutLine: {'line': b"writing manifest file 'catch_custom_msgs.egg-info/SOURCES.txt'\n"}
[1.213678] (catch_custom_msgs) StdoutLine: {'line': b'[100%] Built target ament_cmake_python_build_catch_custom_msgs_egg\n'}
[1.213872] (ros2_aruco_interfaces) JobProgress: {'identifier': 'ros2_aruco_interfaces', 'progress': 'cmake'}
[1.214205] (ros2_aruco_interfaces) JobProgress: {'identifier': 'ros2_aruco_interfaces', 'progress': 'build'}
[1.214219] (ros2_aruco_interfaces) Command: {'cmd': ['/usr/bin/cmake', '--build', '/home/cc/ee106a/fa25/class/ee106a-add/106A-CATCH/CATCH/build/ros2_aruco_interfaces', '--', '-j32', '-l32'], 'cwd': '/home/cc/ee106a/fa25/class/ee106a-add/106A-CATCH/CATCH/build/ros2_aruco_interfaces', 'env': OrderedDict([('ARCH', 'x86_64'), ('QT_SCALE_FACTOR', '1'), ('USER', 'ee106a-add'), ('HOSTNAME', 'ros2'), ('XDG_SESSION_TYPE', 'x11'), ('MASTERDIR', '/home/ff/ee106a'), ('COMPIZ_CONFIG_PROFILE', 'mate'), ('XDG_CACHE_HOME', '/home/cc/ee106a/fa25/class/ee106a-add/.cache'), ('SHLVL', '2'), ('LD_LIBRARY_PATH', '/home/cc/ee106a/fa25/class/ee106a-add/106A-CATCH/CATCH/install/ros2_aruco_interfaces/lib:/home/cc/ee106a/fa25/class/ee106a-add/106A-CATCH/CATCH/install/catch_custom_msgs/lib:/home/ff/ee106a/librealsense/build/Release:/usr/lib/x86_64-linux-gnu/gazebo-11/plugins:/opt/ros/humble/opt/rviz_ogre_vendor/lib:/opt/ros/humble/lib/x86_64-linux-gnu:/opt/ros/humble/lib'), ('HOME', '/home/cc/ee106a/fa25/class/ee106a-add'), ('OLDPWD', '/home/cc/ee106a/fa25/class/ee106a-add'), ('DESKTOP_SESSION', 'mate'), ('ROS_PYTHON_VERSION', '3'), ('GTK_MODULES', 'gail:atk-bridge:appmenu-gtk-module:gail:atk-bridge:canberra-gtk-module'), ('EE106_UR_ROBOT_IP', '192.168.1.100'), ('DISTROBOX_ENTER_PATH', '/usr/local/bin/distrobox-enter'), ('SYSTEMD_EXEC_PID', '765458'), ('NNTPSERVER', 'news.csua.berkeley.edu'), ('VISUAL', 'emacs'), ('XDG_STATE_HOME', '/home/cc/ee106a/fa25/class/ee106a-add/.local/state'), ('DBUS_SESSION_BUS_ADDRESS', 'unix:path=/run/user/90081/bus'), ('COLORTERM', 'truecolor'), ('container', 'podman'), ('UBUNTU_MENUPROXY', '1'), ('QT_QPA_PLATFORMTHEME', 'gtk2'), ('COLCON_PREFIX_PATH', '/home/cc/ee106a/fa25/class/ee106a-add/106A-CATCH/CATCH/install:/home/ff/ee106a/robot_workspaces/ur/install'), ('ROS_DISTRO', 'humble'), ('GTK_IM_MODULE', 'ibus'), ('LOGNAME', 'ee106a-add'), ('MASTER', 'ee106a'), ('WINDOWID', '39846495'), ('ROS_VERSION', '2'), ('XDG_SESSION_CLASS', 'user'), ('TERMINFO_DIRS', '/usr/share/terminfo:/run/host/usr/share/terminfo'), ('USERNAME', 'ee106a-add'), ('TERM', 'xterm-256color'), ('GTK_OVERLAY_SCROLLING', '0'), ('XDG_SESSION_ID', '7300'), ('ROS_LOCALHOST_ONLY', '0'), ('WINDOWPATH', '2'), ('PATH', '/opt/ros/humble/bin:/share/b/grading/bin:/home/ff/ee106a/bin:/home/ff/ee106a/bin/arch/x86_64:/share/b/grading/bin:/home/ff/ee106a/bin:/home/ff/ee106a/bin/arch/x86_64:/usr/local/sbin:/usr/local/bin:/usr/sbin:/usr/bin:/sbin:/bin:/usr/games:/usr/local/games:/snap/bin:/snap/bin:/share/b/grading/bin:/share/b/grading/sbin:/share/b/runas/x86_64:/share/b/bin:/home/ff/ee106a/venvs/all:/usr/local/sbin:/usr/local/bin:/usr/sbin:/usr/bin:/sbin:/bin:/share/b/grading/bin:/share/b/grading/sbin:/share/b/runas/x86_64:/share/b/bin:/home/ff/ee106a/venvs/all'), ('SESSION_MANAGER', 'local/c105-6:@/tmp/.ICE-unix/765526,unix/c105-6:/tmp/.ICE-unix/765526'), ('OS', 'Linux'), ('XDG_RUNTIME_DIR', '/run/user/90081'), ('DISPLAY', ':1'), ('LANG', 'en_US.UTF-8'), ('XDG_CURRENT_DESKTOP', 'MATE'), ('XDG_DATA_HOME', '/home/cc/ee106a/fa25/class/ee106a-add/.local/share'), ('XDG_CONFIG_HOME', '/home/cc/ee106a/fa25/class/ee106a-add/.config'), ('XMODIFIERS', '@im=ibus'), ('XDG_SESSION_DESKTOP', 'mate'), ('XAUTHORITY', '/run/user/90081/gdm/Xauthority'), ('SSH_AUTH_SOCK', '/run/user/90081/keyring/ssh'), ('ROS_DOMAIN_ID', '26'), ('AMENT_PREFIX_PATH', '/home/cc/ee106a/fa25/class/ee106a-add/106A-CATCH/CATCH/install/ros2_aruco_interfaces:/home/cc/ee106a/fa25/class/ee106a-add/106A-CATCH/CATCH/install/ros2_aruco:/home/cc/ee106a/fa25/class/ee106a-add/106A-CATCH/CATCH/install/planning:/home/cc/ee106a/fa25/class/ee106a-add/106A-CATCH/CATCH/install/perception:/home/cc/ee106a/fa25/class/ee106a-add/106A-CATCH/CATCH/install/catch_custom_msgs:/home/ff/ee106a/robot_workspaces/ur/install/ur7e_utils:/opt/ros/humble'), ('SHELL', '/usr/bin/bash'), ('QT_ACCESSIBILITY', '1'), ('EE106_UR_ROBOT_NAME', 'baymax'), ('GDMSESSION', 'mate'), ('RUNAS', '/share/b/runas/x86_64'), ('GPG_AGENT_INFO', '/run/user/90081/gnupg/S.gpg-agent:0:1'), ('CONFIG_SHELL', '/usr/bin/ksh'), ('QT_IM_MODULE', 'ibus'), ('PWD', '/home/cc/ee106a/fa25/class/ee106a-add/106A-CATCH/CATCH/build/ros2_aruco_interfaces'), ('EE106_ENV_SETUP', 'ur_ros2'), ('CONTAINER_ID', 'ros2'), ('LC_ALL', 'C.UTF-8'), ('XDG_CONFIG_DIRS', '/etc/xdg/xdg-mate:/etc/xdg'), ('CLUTTER_IM_MODULE', 'ibus'), ('XDG_DATA_DIRS', '/usr/share/mate:/usr/share/mate:/usr/share/gnome:/home/cc/ee106a/fa25/class/ee106a-add/.local/share/flatpak/exports/share:/var/lib/flatpak/exports/share:/usr/local/share/:/usr/share/:/var/lib/snapd/desktop:/usr/local/share:/usr/share'), ('PYTHONPATH', '/home/cc/ee106a/fa25/class/ee106a-add/106A-CATCH/CATCH/install/ros2_aruco_interfaces/local/lib/python3.10/dist-packages:/home/cc/ee106a/fa25/class/ee106a-add/106A-CATCH/CATCH/install/ros2_aruco/lib/python3.10/site-packages:/home/cc/ee106a/fa25/class/ee106a-add/106A-CATCH/CATCH/install/planning/lib/python3.10/site-packages:/home/cc/ee106a/fa25/class/ee106a-add/106A-CATCH/CATCH/install/perception/lib/python3.10/site-packages:/home/cc/ee106a/fa25/class/ee106a-add/106A-CATCH/CATCH/install/catch_custom_msgs/local/lib/python3.10/dist-packages:/home/ff/ee106a/robot_workspaces/ur/install/ur7e_utils/lib/python3.10/site-packages:/opt/ros/humble/lib/python3.10/site-packages:/opt/ros/humble/local/lib/python3.10/dist-packages'), ('MATE_DESKTOP_SESSION_ID', 'this-is-deprecated'), ('COLCON', '1'), ('MANPATH', '/usr/local/man:/usr/man:/usr/X11/man:/usr/local/man:/share/b/grading/man:/usr/local/man:/usr/man:/usr/X11/man:/usr/local/man:/share/b/grading/man:'), ('VTE_VERSION', '6800'), ('EDITOR', 'emacs'), ('CMAKE_PREFIX_PATH', '/home/cc/ee106a/fa25/class/ee106a-add/106A-CATCH/CATCH/install/ros2_aruco_interfaces:/home/cc/ee106a/fa25/class/ee106a-add/106A-CATCH/CATCH/install/catch_custom_msgs:/home/cc/ee106a/fa25/class/ee106a-add/106A-CATCH/CATCH/install/ros2_aruco:/home/cc/ee106a/fa25/class/ee106a-add/106A-CATCH/CATCH/install/planning:/home/cc/ee106a/fa25/class/ee106a-add/106A-CATCH/CATCH/install/perception:/home/ff/ee106a/robot_workspaces/ur/install/ur7e_utils:/opt/ros/humble'), ('QT_FONT_DPI', '122')]), 'shell': False}
[1.220395] (catch_custom_msgs) CommandEnded: {'returncode': 0}
[1.220754] (catch_custom_msgs) JobProgress: {'identifier': 'catch_custom_msgs', 'progress': 'install'}
[1.238800] (catch_custom_msgs) Command: {'cmd': ['/usr/bin/cmake', '--install', '/home/cc/ee106a/fa25/class/ee106a-add/106A-CATCH/CATCH/build/catch_custom_msgs'], 'cwd': '/home/cc/ee106a/fa25/class/ee106a-add/106A-CATCH/CATCH/build/catch_custom_msgs', 'env': OrderedDict([('ARCH', 'x86_64'), ('QT_SCALE_FACTOR', '1'), ('USER', 'ee106a-add'), ('HOSTNAME', 'ros2'), ('XDG_SESSION_TYPE', 'x11'), ('MASTERDIR', '/home/ff/ee106a'), ('COMPIZ_CONFIG_PROFILE', 'mate'), ('XDG_CACHE_HOME', '/home/cc/ee106a/fa25/class/ee106a-add/.cache'), ('SHLVL', '2'), ('LD_LIBRARY_PATH', '/home/cc/ee106a/fa25/class/ee106a-add/106A-CATCH/CATCH/install/ros2_aruco_interfaces/lib:/home/cc/ee106a/fa25/class/ee106a-add/106A-CATCH/CATCH/install/catch_custom_msgs/lib:/home/ff/ee106a/librealsense/build/Release:/usr/lib/x86_64-linux-gnu/gazebo-11/plugins:/opt/ros/humble/opt/rviz_ogre_vendor/lib:/opt/ros/humble/lib/x86_64-linux-gnu:/opt/ros/humble/lib'), ('HOME', '/home/cc/ee106a/fa25/class/ee106a-add'), ('OLDPWD', '/home/cc/ee106a/fa25/class/ee106a-add'), ('DESKTOP_SESSION', 'mate'), ('ROS_PYTHON_VERSION', '3'), ('GTK_MODULES', 'gail:atk-bridge:appmenu-gtk-module:gail:atk-bridge:canberra-gtk-module'), ('EE106_UR_ROBOT_IP', '192.168.1.100'), ('DISTROBOX_ENTER_PATH', '/usr/local/bin/distrobox-enter'), ('SYSTEMD_EXEC_PID', '765458'), ('NNTPSERVER', 'news.csua.berkeley.edu'), ('VISUAL', 'emacs'), ('XDG_STATE_HOME', '/home/cc/ee106a/fa25/class/ee106a-add/.local/state'), ('DBUS_SESSION_BUS_ADDRESS', 'unix:path=/run/user/90081/bus'), ('COLORTERM', 'truecolor'), ('container', 'podman'), ('UBUNTU_MENUPROXY', '1'), ('QT_QPA_PLATFORMTHEME', 'gtk2'), ('COLCON_PREFIX_PATH', '/home/cc/ee106a/fa25/class/ee106a-add/106A-CATCH/CATCH/install:/home/ff/ee106a/robot_workspaces/ur/install'), ('ROS_DISTRO', 'humble'), ('GTK_IM_MODULE', 'ibus'), ('LOGNAME', 'ee106a-add'), ('MASTER', 'ee106a'), ('WINDOWID', '39846495'), ('ROS_VERSION', '2'), ('XDG_SESSION_CLASS', 'user'), ('TERMINFO_DIRS', '/usr/share/terminfo:/run/host/usr/share/terminfo'), ('USERNAME', 'ee106a-add'), ('TERM', 'xterm-256color'), ('GTK_OVERLAY_SCROLLING', '0'), ('XDG_SESSION_ID', '7300'), ('ROS_LOCALHOST_ONLY', '0'), ('WINDOWPATH', '2'), ('PATH', '/opt/ros/humble/bin:/share/b/grading/bin:/home/ff/ee106a/bin:/home/ff/ee106a/bin/arch/x86_64:/share/b/grading/bin:/home/ff/ee106a/bin:/home/ff/ee106a/bin/arch/x86_64:/usr/local/sbin:/usr/local/bin:/usr/sbin:/usr/bin:/sbin:/bin:/usr/games:/usr/local/games:/snap/bin:/snap/bin:/share/b/grading/bin:/share/b/grading/sbin:/share/b/runas/x86_64:/share/b/bin:/home/ff/ee106a/venvs/all:/usr/local/sbin:/usr/local/bin:/usr/sbin:/usr/bin:/sbin:/bin:/share/b/grading/bin:/share/b/grading/sbin:/share/b/runas/x86_64:/share/b/bin:/home/ff/ee106a/venvs/all'), ('SESSION_MANAGER', 'local/c105-6:@/tmp/.ICE-unix/765526,unix/c105-6:/tmp/.ICE-unix/765526'), ('OS', 'Linux'), ('XDG_RUNTIME_DIR', '/run/user/90081'), ('DISPLAY', ':1'), ('LANG', 'en_US.UTF-8'), ('XDG_CURRENT_DESKTOP', 'MATE'), ('XDG_DATA_HOME', '/home/cc/ee106a/fa25/class/ee106a-add/.local/share'), ('XDG_CONFIG_HOME', '/home/cc/ee106a/fa25/class/ee106a-add/.config'), ('XMODIFIERS', '@im=ibus'), ('XDG_SESSION_DESKTOP', 'mate'), ('XAUTHORITY', '/run/user/90081/gdm/Xauthority'), ('SSH_AUTH_SOCK', '/run/user/90081/keyring/ssh'), ('ROS_DOMAIN_ID', '26'), ('AMENT_PREFIX_PATH', '/home/cc/ee106a/fa25/class/ee106a-add/106A-CATCH/CATCH/install/ros2_aruco_interfaces:/home/cc/ee106a/fa25/class/ee106a-add/106A-CATCH/CATCH/install/ros2_aruco:/home/cc/ee106a/fa25/class/ee106a-add/106A-CATCH/CATCH/install/planning:/home/cc/ee106a/fa25/class/ee106a-add/106A-CATCH/CATCH/install/perception:/home/cc/ee106a/fa25/class/ee106a-add/106A-CATCH/CATCH/install/catch_custom_msgs:/home/ff/ee106a/robot_workspaces/ur/install/ur7e_utils:/opt/ros/humble'), ('SHELL', '/usr/bin/bash'), ('QT_ACCESSIBILITY', '1'), ('EE106_UR_ROBOT_NAME', 'baymax'), ('GDMSESSION', 'mate'), ('RUNAS', '/share/b/runas/x86_64'), ('GPG_AGENT_INFO', '/run/user/90081/gnupg/S.gpg-agent:0:1'), ('CONFIG_SHELL', '/usr/bin/ksh'), ('QT_IM_MODULE', 'ibus'), ('PWD', '/home/cc/ee106a/fa25/class/ee106a-add/106A-CATCH/CATCH/build/catch_custom_msgs'), ('EE106_ENV_SETUP', 'ur_ros2'), ('CONTAINER_ID', 'ros2'), ('LC_ALL', 'C.UTF-8'), ('XDG_CONFIG_DIRS', '/etc/xdg/xdg-mate:/etc/xdg'), ('CLUTTER_IM_MODULE', 'ibus'), ('XDG_DATA_DIRS', '/usr/share/mate:/usr/share/mate:/usr/share/gnome:/home/cc/ee106a/fa25/class/ee106a-add/.local/share/flatpak/exports/share:/var/lib/flatpak/exports/share:/usr/local/share/:/usr/share/:/var/lib/snapd/desktop:/usr/local/share:/usr/share'), ('PYTHONPATH', '/home/cc/ee106a/fa25/class/ee106a-add/106A-CATCH/CATCH/install/ros2_aruco_interfaces/local/lib/python3.10/dist-packages:/home/cc/ee106a/fa25/class/ee106a-add/106A-CATCH/CATCH/install/ros2_aruco/lib/python3.10/site-packages:/home/cc/ee106a/fa25/class/ee106a-add/106A-CATCH/CATCH/install/planning/lib/python3.10/site-packages:/home/cc/ee106a/fa25/class/ee106a-add/106A-CATCH/CATCH/install/perception/lib/python3.10/site-packages:/home/cc/ee106a/fa25/class/ee106a-add/106A-CATCH/CATCH/install/catch_custom_msgs/local/lib/python3.10/dist-packages:/home/ff/ee106a/robot_workspaces/ur/install/ur7e_utils/lib/python3.10/site-packages:/opt/ros/humble/lib/python3.10/site-packages:/opt/ros/humble/local/lib/python3.10/dist-packages'), ('MATE_DESKTOP_SESSION_ID', 'this-is-deprecated'), ('COLCON', '1'), ('MANPATH', '/usr/local/man:/usr/man:/usr/X11/man:/usr/local/man:/share/b/grading/man:/usr/local/man:/usr/man:/usr/X11/man:/usr/local/man:/share/b/grading/man:'), ('VTE_VERSION', '6800'), ('EDITOR', 'emacs'), ('CMAKE_PREFIX_PATH', '/home/cc/ee106a/fa25/class/ee106a-add/106A-CATCH/CATCH/install/ros2_aruco_interfaces:/home/cc/ee106a/fa25/class/ee106a-add/106A-CATCH/CATCH/install/catch_custom_msgs:/home/cc/ee106a/fa25/class/ee106a-add/106A-CATCH/CATCH/install/ros2_aruco:/home/cc/ee106a/fa25/class/ee106a-add/106A-CATCH/CATCH/install/planning:/home/cc/ee106a/fa25/class/ee106a-add/106A-CATCH/CATCH/install/perception:/home/ff/ee106a/robot_workspaces/ur/install/ur7e_utils:/opt/ros/humble'), ('QT_FONT_DPI', '122')]), 'shell': False}
[1.256490] (catch_custom_msgs) StdoutLine: {'line': b'-- Install configuration: ""\n'}
[1.257072] (catch_custom_msgs) StdoutLine: {'line': b'-- Up-to-date: /home/cc/ee106a/fa25/class/ee106a-add/106A-CATCH/CATCH/install/catch_custom_msgs/share/ament_index/resource_index/rosidl_interfaces/catch_custom_msgs\n'}
[1.257695] (catch_custom_msgs) StdoutLine: {'line': b'-- Up-to-date: /home/cc/ee106a/fa25/class/ee106a-add/106A-CATCH/CATCH/install/catch_custom_msgs/include/catch_custom_msgs/catch_custom_msgs\n'}
[1.258676] (catch_custom_msgs) StdoutLine: {'line': b'-- Up-to-date: /home/cc/ee106a/fa25/class/ee106a-add/106A-CATCH/CATCH/install/catch_custom_msgs/include/catch_custom_msgs/catch_custom_msgs/msg\n'}
[1.258796] (catch_custom_msgs) StdoutLine: {'line': b'-- Up-to-date: /home/cc/ee106a/fa25/class/ee106a-add/106A-CATCH/CATCH/install/catch_custom_msgs/include/catch_custom_msgs/catch_custom_msgs/msg/point_vel.h\n'}
[1.259822] (catch_custom_msgs) StdoutLine: {'line': b'-- Up-to-date: /home/cc/ee106a/fa25/class/ee106a-add/106A-CATCH/CATCH/install/catch_custom_msgs/include/catch_custom_msgs/catch_custom_msgs/msg/rosidl_generator_c__visibility_control.h\n'}
[1.260378] (catch_custom_msgs) StdoutLine: {'line': b'-- Up-to-date: /home/cc/ee106a/fa25/class/ee106a-add/106A-CATCH/CATCH/install/catch_custom_msgs/include/catch_custom_msgs/catch_custom_msgs/msg/detail\n'}
[1.261007] (catch_custom_msgs) StdoutLine: {'line': b'-- Up-to-date: /home/cc/ee106a/fa25/class/ee106a-add/106A-CATCH/CATCH/install/catch_custom_msgs/include/catch_custom_msgs/catch_custom_msgs/msg/detail/point_vel__functions.c\n'}
[1.261821] (catch_custom_msgs) StdoutLine: {'line': b'-- Up-to-date: /home/cc/ee106a/fa25/class/ee106a-add/106A-CATCH/CATCH/install/catch_custom_msgs/include/catch_custom_msgs/catch_custom_msgs/msg/detail/point_vel__functions.h\n'}
[1.262652] (catch_custom_msgs) StdoutLine: {'line': b'-- Up-to-date: /home/cc/ee106a/fa25/class/ee106a-add/106A-CATCH/CATCH/install/catch_custom_msgs/include/catch_custom_msgs/catch_custom_msgs/msg/detail/point_vel__struct.h\n'}
[1.264719] (catch_custom_msgs) StdoutLine: {'line': b'-- Up-to-date: /home/cc/ee106a/fa25/class/ee106a-add/106A-CATCH/CATCH/install/catch_custom_msgs/include/catch_custom_msgs/catch_custom_msgs/msg/detail/point_vel__type_support.h\n'}
[1.265327] (catch_custom_msgs) StdoutLine: {'line': b'-- Up-to-date: /home/cc/ee106a/fa25/class/ee106a-add/106A-CATCH/CATCH/install/catch_custom_msgs/share/catch_custom_msgs/environment/library_path.sh\n'}
[1.266013] (catch_custom_msgs) StdoutLine: {'line': b'-- Up-to-date: /home/cc/ee106a/fa25/class/ee106a-add/106A-CATCH/CATCH/install/catch_custom_msgs/share/catch_custom_msgs/environment/library_path.dsv\n'}
[1.267817] (catch_custom_msgs) StdoutLine: {'line': b'-- Up-to-date: /home/cc/ee106a/fa25/class/ee106a-add/106A-CATCH/CATCH/install/catch_custom_msgs/lib/libcatch_custom_msgs__rosidl_generator_c.so\n'}
[1.270379] (catch_custom_msgs) StdoutLine: {'line': b'-- Up-to-date: /home/cc/ee106a/fa25/class/ee106a-add/106A-CATCH/CATCH/install/catch_custom_msgs/include/catch_custom_msgs/catch_custom_msgs\n'}
[1.271741] (catch_custom_msgs) StdoutLine: {'line': b'-- Up-to-date: /home/cc/ee106a/fa25/class/ee106a-add/106A-CATCH/CATCH/install/catch_custom_msgs/include/catch_custom_msgs/catch_custom_msgs/msg\n'}
[1.273309] (catch_custom_msgs) StdoutLine: {'line': b'-- Up-to-date: /home/cc/ee106a/fa25/class/ee106a-add/106A-CATCH/CATCH/install/catch_custom_msgs/include/catch_custom_msgs/catch_custom_msgs/msg/detail\n'}
[1.274963] (catch_custom_msgs) StdoutLine: {'line': b'-- Up-to-date: /home/cc/ee106a/fa25/class/ee106a-add/106A-CATCH/CATCH/install/catch_custom_msgs/include/catch_custom_msgs/catch_custom_msgs/msg/detail/point_vel__rosidl_typesupport_fastrtps_c.h\n'}
[1.275657] (catch_custom_msgs) StdoutLine: {'line': b'-- Up-to-date: /home/cc/ee106a/fa25/class/ee106a-add/106A-CATCH/CATCH/install/catch_custom_msgs/include/catch_custom_msgs/catch_custom_msgs/msg/rosidl_typesupport_fastrtps_c__visibility_control.h\n'}
[1.277114] (catch_custom_msgs) StdoutLine: {'line': b'-- Up-to-date: /home/cc/ee106a/fa25/class/ee106a-add/106A-CATCH/CATCH/install/catch_custom_msgs/lib/libcatch_custom_msgs__rosidl_typesupport_fastrtps_c.so\n'}
[1.279791] (catch_custom_msgs) StdoutLine: {'line': b'-- Up-to-date: /home/cc/ee106a/fa25/class/ee106a-add/106A-CATCH/CATCH/install/catch_custom_msgs/include/catch_custom_msgs/catch_custom_msgs\n'}
[1.281076] (catch_custom_msgs) StdoutLine: {'line': b'-- Up-to-date: /home/cc/ee106a/fa25/class/ee106a-add/106A-CATCH/CATCH/install/catch_custom_msgs/include/catch_custom_msgs/catch_custom_msgs/msg\n'}
[1.282303] (catch_custom_msgs) StdoutLine: {'line': b'-- Up-to-date: /home/cc/ee106a/fa25/class/ee106a-add/106A-CATCH/CATCH/install/catch_custom_msgs/include/catch_custom_msgs/catch_custom_msgs/msg/detail\n'}
[1.283707] (catch_custom_msgs) StdoutLine: {'line': b'-- Up-to-date: /home/cc/ee106a/fa25/class/ee106a-add/106A-CATCH/CATCH/install/catch_custom_msgs/include/catch_custom_msgs/catch_custom_msgs/msg/detail/point_vel__rosidl_typesupport_introspection_c.h\n'}
[1.284497] (catch_custom_msgs) StdoutLine: {'line': b'-- Up-to-date: /home/cc/ee106a/fa25/class/ee106a-add/106A-CATCH/CATCH/install/catch_custom_msgs/include/catch_custom_msgs/catch_custom_msgs/msg/detail/point_vel__type_support.c\n'}
[1.285362] (catch_custom_msgs) StdoutLine: {'line': b'-- Up-to-date: /home/cc/ee106a/fa25/class/ee106a-add/106A-CATCH/CATCH/install/catch_custom_msgs/include/catch_custom_msgs/catch_custom_msgs/msg/rosidl_typesupport_introspection_c__visibility_control.h\n'}
[1.287276] (catch_custom_msgs) StdoutLine: {'line': b'-- Up-to-date: /home/cc/ee106a/fa25/class/ee106a-add/106A-CATCH/CATCH/install/catch_custom_msgs/lib/libcatch_custom_msgs__rosidl_typesupport_introspection_c.so\n'}
[1.292442] (catch_custom_msgs) StdoutLine: {'line': b'-- Up-to-date: /home/cc/ee106a/fa25/class/ee106a-add/106A-CATCH/CATCH/install/catch_custom_msgs/lib/libcatch_custom_msgs__rosidl_typesupport_c.so\n'}
[1.295230] (catch_custom_msgs) StdoutLine: {'line': b'-- Up-to-date: /home/cc/ee106a/fa25/class/ee106a-add/106A-CATCH/CATCH/install/catch_custom_msgs/include/catch_custom_msgs/catch_custom_msgs\n'}
[1.296837] (catch_custom_msgs) StdoutLine: {'line': b'-- Up-to-date: /home/cc/ee106a/fa25/class/ee106a-add/106A-CATCH/CATCH/install/catch_custom_msgs/include/catch_custom_msgs/catch_custom_msgs/msg\n'}
[1.298428] (catch_custom_msgs) StdoutLine: {'line': b'-- Up-to-date: /home/cc/ee106a/fa25/class/ee106a-add/106A-CATCH/CATCH/install/catch_custom_msgs/include/catch_custom_msgs/catch_custom_msgs/msg/point_vel.hpp\n'}
[1.299790] (catch_custom_msgs) StdoutLine: {'line': b'-- Up-to-date: /home/cc/ee106a/fa25/class/ee106a-add/106A-CATCH/CATCH/install/catch_custom_msgs/include/catch_custom_msgs/catch_custom_msgs/msg/rosidl_generator_cpp__visibility_control.hpp\n'}
[1.300594] (catch_custom_msgs) StdoutLine: {'line': b'-- Up-to-date: /home/cc/ee106a/fa25/class/ee106a-add/106A-CATCH/CATCH/install/catch_custom_msgs/include/catch_custom_msgs/catch_custom_msgs/msg/detail\n'}
[1.302086] (catch_custom_msgs) StdoutLine: {'line': b'-- Up-to-date: /home/cc/ee106a/fa25/class/ee106a-add/106A-CATCH/CATCH/install/catch_custom_msgs/include/catch_custom_msgs/catch_custom_msgs/msg/detail/point_vel__builder.hpp\n'}
[1.302475] (-) TimerEvent: {}
[1.303080] (catch_custom_msgs) StdoutLine: {'line': b'-- Up-to-date: /home/cc/ee106a/fa25/class/ee106a-add/106A-CATCH/CATCH/install/catch_custom_msgs/include/catch_custom_msgs/catch_custom_msgs/msg/detail/point_vel__struct.hpp\n'}
[1.303989] (catch_custom_msgs) StdoutLine: {'line': b'-- Up-to-date: /home/cc/ee106a/fa25/class/ee106a-add/106A-CATCH/CATCH/install/catch_custom_msgs/include/catch_custom_msgs/catch_custom_msgs/msg/detail/point_vel__traits.hpp\n'}
[1.304918] (catch_custom_msgs) StdoutLine: {'line': b'-- Up-to-date: /home/cc/ee106a/fa25/class/ee106a-add/106A-CATCH/CATCH/install/catch_custom_msgs/include/catch_custom_msgs/catch_custom_msgs/msg/detail/point_vel__type_support.hpp\n'}
[1.305469] (catch_custom_msgs) StdoutLine: {'line': b'-- Up-to-date: /home/cc/ee106a/fa25/class/ee106a-add/106A-CATCH/CATCH/install/catch_custom_msgs/include/catch_custom_msgs/catch_custom_msgs\n'}
[1.306802] (catch_custom_msgs) StdoutLine: {'line': b'-- Up-to-date: /home/cc/ee106a/fa25/class/ee106a-add/106A-CATCH/CATCH/install/catch_custom_msgs/include/catch_custom_msgs/catch_custom_msgs/msg\n'}
[1.308154] (catch_custom_msgs) StdoutLine: {'line': b'-- Up-to-date: /home/cc/ee106a/fa25/class/ee106a-add/106A-CATCH/CATCH/install/catch_custom_msgs/include/catch_custom_msgs/catch_custom_msgs/msg/detail\n'}
[1.309720] (catch_custom_msgs) StdoutLine: {'line': b'-- Up-to-date: /home/cc/ee106a/fa25/class/ee106a-add/106A-CATCH/CATCH/install/catch_custom_msgs/include/catch_custom_msgs/catch_custom_msgs/msg/detail/point_vel__rosidl_typesupport_fastrtps_cpp.hpp\n'}
[1.310529] (catch_custom_msgs) StdoutLine: {'line': b'-- Up-to-date: /home/cc/ee106a/fa25/class/ee106a-add/106A-CATCH/CATCH/install/catch_custom_msgs/include/catch_custom_msgs/catch_custom_msgs/msg/detail/dds_fastrtps\n'}
[1.311798] (catch_custom_msgs) StdoutLine: {'line': b'-- Up-to-date: /home/cc/ee106a/fa25/class/ee106a-add/106A-CATCH/CATCH/install/catch_custom_msgs/include/catch_custom_msgs/catch_custom_msgs/msg/rosidl_typesupport_fastrtps_cpp__visibility_control.h\n'}
[1.315847] (catch_custom_msgs) StdoutLine: {'line': b'-- Up-to-date: /home/cc/ee106a/fa25/class/ee106a-add/106A-CATCH/CATCH/install/catch_custom_msgs/lib/libcatch_custom_msgs__rosidl_typesupport_fastrtps_cpp.so\n'}
[1.319441] (catch_custom_msgs) StdoutLine: {'line': b'-- Up-to-date: /home/cc/ee106a/fa25/class/ee106a-add/106A-CATCH/CATCH/install/catch_custom_msgs/include/catch_custom_msgs/catch_custom_msgs\n'}
[1.320924] (catch_custom_msgs) StdoutLine: {'line': b'-- Up-to-date: /home/cc/ee106a/fa25/class/ee106a-add/106A-CATCH/CATCH/install/catch_custom_msgs/include/catch_custom_msgs/catch_custom_msgs/msg\n'}
[1.322361] (catch_custom_msgs) StdoutLine: {'line': b'-- Up-to-date: /home/cc/ee106a/fa25/class/ee106a-add/106A-CATCH/CATCH/install/catch_custom_msgs/include/catch_custom_msgs/catch_custom_msgs/msg/detail\n'}
[1.323813] (catch_custom_msgs) StdoutLine: {'line': b'-- Up-to-date: /home/cc/ee106a/fa25/class/ee106a-add/106A-CATCH/CATCH/install/catch_custom_msgs/include/catch_custom_msgs/catch_custom_msgs/msg/detail/point_vel__rosidl_typesupport_introspection_cpp.hpp\n'}
[1.324752] (catch_custom_msgs) StdoutLine: {'line': b'-- Up-to-date: /home/cc/ee106a/fa25/class/ee106a-add/106A-CATCH/CATCH/install/catch_custom_msgs/include/catch_custom_msgs/catch_custom_msgs/msg/detail/point_vel__type_support.cpp\n'}
[1.328040] (catch_custom_msgs) StdoutLine: {'line': b'-- Up-to-date: /home/cc/ee106a/fa25/class/ee106a-add/106A-CATCH/CATCH/install/catch_custom_msgs/lib/libcatch_custom_msgs__rosidl_typesupport_introspection_cpp.so\n'}
[1.335007] (catch_custom_msgs) StdoutLine: {'line': b'-- Up-to-date: /home/cc/ee106a/fa25/class/ee106a-add/106A-CATCH/CATCH/install/catch_custom_msgs/lib/libcatch_custom_msgs__rosidl_typesupport_cpp.so\n'}
[1.338109] (catch_custom_msgs) StdoutLine: {'line': b'-- Up-to-date: /home/cc/ee106a/fa25/class/ee106a-add/106A-CATCH/CATCH/install/catch_custom_msgs/share/catch_custom_msgs/environment/pythonpath.sh\n'}
[1.339128] (catch_custom_msgs) StdoutLine: {'line': b'-- Up-to-date: /home/cc/ee106a/fa25/class/ee106a-add/106A-CATCH/CATCH/install/catch_custom_msgs/share/catch_custom_msgs/environment/pythonpath.dsv\n'}
[1.340689] (catch_custom_msgs) StdoutLine: {'line': b'-- Up-to-date: /home/cc/ee106a/fa25/class/ee106a-add/106A-CATCH/CATCH/install/catch_custom_msgs/local/lib/python3.10/dist-packages/catch_custom_msgs-0.0.0-py3.10.egg-info\n'}
[1.341558] (catch_custom_msgs) StdoutLine: {'line': b'-- Installing: /home/cc/ee106a/fa25/class/ee106a-add/106A-CATCH/CATCH/install/catch_custom_msgs/local/lib/python3.10/dist-packages/catch_custom_msgs-0.0.0-py3.10.egg-info/PKG-INFO\n'}
[1.350561] (catch_custom_msgs) StdoutLine: {'line': b'-- Installing: /home/cc/ee106a/fa25/class/ee106a-add/106A-CATCH/CATCH/install/catch_custom_msgs/local/lib/python3.10/dist-packages/catch_custom_msgs-0.0.0-py3.10.egg-info/dependency_links.txt\n'}
[1.359298] (catch_custom_msgs) StdoutLine: {'line': b'-- Installing: /home/cc/ee106a/fa25/class/ee106a-add/106A-CATCH/CATCH/install/catch_custom_msgs/local/lib/python3.10/dist-packages/catch_custom_msgs-0.0.0-py3.10.egg-info/top_level.txt\n'}
[1.364133] (ros2_aruco_interfaces) StdoutLine: {'line': b'[  3%] Built target ros2_aruco_interfaces__cpp\n'}
[1.367658] (catch_custom_msgs) StdoutLine: {'line': b'-- Installing: /home/cc/ee106a/fa25/class/ee106a-add/106A-CATCH/CATCH/install/catch_custom_msgs/local/lib/python3.10/dist-packages/catch_custom_msgs-0.0.0-py3.10.egg-info/SOURCES.txt\n'}
[1.381482] (ros2_aruco_interfaces) StdoutLine: {'line': b'[ 12%] Built target ros2_aruco_interfaces__rosidl_generator_c\n'}
[1.386187] (catch_custom_msgs) StdoutLine: {'line': b'-- Up-to-date: /home/cc/ee106a/fa25/class/ee106a-add/106A-CATCH/CATCH/install/catch_custom_msgs/local/lib/python3.10/dist-packages/catch_custom_msgs\n'}
[1.387873] (catch_custom_msgs) StdoutLine: {'line': b'-- Up-to-date: /home/cc/ee106a/fa25/class/ee106a-add/106A-CATCH/CATCH/install/catch_custom_msgs/local/lib/python3.10/dist-packages/catch_custom_msgs/__init__.py\n'}
[1.388811] (catch_custom_msgs) StdoutLine: {'line': b'-- Up-to-date: /home/cc/ee106a/fa25/class/ee106a-add/106A-CATCH/CATCH/install/catch_custom_msgs/local/lib/python3.10/dist-packages/catch_custom_msgs/msg\n'}
[1.390672] (catch_custom_msgs) StdoutLine: {'line': b'-- Up-to-date: /home/cc/ee106a/fa25/class/ee106a-add/106A-CATCH/CATCH/install/catch_custom_msgs/local/lib/python3.10/dist-packages/catch_custom_msgs/msg/_point_vel.py\n'}
[1.391797] (catch_custom_msgs) StdoutLine: {'line': b'-- Up-to-date: /home/cc/ee106a/fa25/class/ee106a-add/106A-CATCH/CATCH/install/catch_custom_msgs/local/lib/python3.10/dist-packages/catch_custom_msgs/msg/_point_vel_s.c\n'}
[1.392594] (catch_custom_msgs) StdoutLine: {'line': b'-- Up-to-date: /home/cc/ee106a/fa25/class/ee106a-add/106A-CATCH/CATCH/install/catch_custom_msgs/local/lib/python3.10/dist-packages/catch_custom_msgs/msg/__init__.py\n'}
[1.393441] (catch_custom_msgs) StdoutLine: {'line': b'-- Up-to-date: /home/cc/ee106a/fa25/class/ee106a-add/106A-CATCH/CATCH/install/catch_custom_msgs/local/lib/python3.10/dist-packages/catch_custom_msgs/_catch_custom_msgs_s.ep.rosidl_typesupport_fastrtps_c.c\n'}
[1.394186] (catch_custom_msgs) StdoutLine: {'line': b'-- Up-to-date: /home/cc/ee106a/fa25/class/ee106a-add/106A-CATCH/CATCH/install/catch_custom_msgs/local/lib/python3.10/dist-packages/catch_custom_msgs/_catch_custom_msgs_s.ep.rosidl_typesupport_introspection_c.c\n'}
[1.395136] (catch_custom_msgs) StdoutLine: {'line': b'-- Up-to-date: /home/cc/ee106a/fa25/class/ee106a-add/106A-CATCH/CATCH/install/catch_custom_msgs/local/lib/python3.10/dist-packages/catch_custom_msgs/_catch_custom_msgs_s.ep.rosidl_typesupport_c.c\n'}
[1.396202] (catch_custom_msgs) StdoutLine: {'line': b'-- Up-to-date: /home/cc/ee106a/fa25/class/ee106a-add/106A-CATCH/CATCH/install/catch_custom_msgs/local/lib/python3.10/dist-packages/catch_custom_msgs/libcatch_custom_msgs__rosidl_generator_py.so\n'}
[1.397013] (catch_custom_msgs) StdoutLine: {'line': b'-- Up-to-date: /home/cc/ee106a/fa25/class/ee106a-add/106A-CATCH/CATCH/install/catch_custom_msgs/local/lib/python3.10/dist-packages/catch_custom_msgs/catch_custom_msgs_s__rosidl_typesupport_c.cpython-310-x86_64-linux-gnu.so\n'}
[1.397728] (catch_custom_msgs) StdoutLine: {'line': b'-- Up-to-date: /home/cc/ee106a/fa25/class/ee106a-add/106A-CATCH/CATCH/install/catch_custom_msgs/local/lib/python3.10/dist-packages/catch_custom_msgs/catch_custom_msgs_s__rosidl_typesupport_fastrtps_c.cpython-310-x86_64-linux-gnu.so\n'}
[1.398510] (catch_custom_msgs) StdoutLine: {'line': b'-- Up-to-date: /home/cc/ee106a/fa25/class/ee106a-add/106A-CATCH/CATCH/install/catch_custom_msgs/local/lib/python3.10/dist-packages/catch_custom_msgs/catch_custom_msgs_s__rosidl_typesupport_introspection_c.cpython-310-x86_64-linux-gnu.so\n'}
[1.402556] (-) TimerEvent: {}
[1.470681] (catch_custom_msgs) StdoutLine: {'line': b"Listing '/home/cc/ee106a/fa25/class/ee106a-add/106A-CATCH/CATCH/install/catch_custom_msgs/local/lib/python3.10/dist-packages/catch_custom_msgs'...\n"}
[1.470837] (catch_custom_msgs) StdoutLine: {'line': b"Listing '/home/cc/ee106a/fa25/class/ee106a-add/106A-CATCH/CATCH/install/catch_custom_msgs/local/lib/python3.10/dist-packages/catch_custom_msgs/msg'...\n"}
[1.478995] (catch_custom_msgs) StdoutLine: {'line': b'-- Up-to-date: /home/cc/ee106a/fa25/class/ee106a-add/106A-CATCH/CATCH/install/catch_custom_msgs/local/lib/python3.10/dist-packages/catch_custom_msgs/catch_custom_msgs_s__rosidl_typesupport_fastrtps_c.cpython-310-x86_64-linux-gnu.so\n'}
[1.481811] (ros2_aruco_interfaces) StdoutLine: {'line': b'[ 38%] Built target ros2_aruco_interfaces__rosidl_typesupport_fastrtps_cpp\n'}
[1.483577] (ros2_aruco_interfaces) StdoutLine: {'line': b'[ 41%] Built target ros2_aruco_interfaces__rosidl_typesupport_cpp\n'}
[1.486372] (catch_custom_msgs) StdoutLine: {'line': b'-- Up-to-date: /home/cc/ee106a/fa25/class/ee106a-add/106A-CATCH/CATCH/install/catch_custom_msgs/local/lib/python3.10/dist-packages/catch_custom_msgs/catch_custom_msgs_s__rosidl_typesupport_introspection_c.cpython-310-x86_64-linux-gnu.so\n'}
[1.488326] (ros2_aruco_interfaces) StdoutLine: {'line': b'[ 51%] Built target ros2_aruco_interfaces__rosidl_typesupport_introspection_cpp\n'}
[1.493611] (catch_custom_msgs) StdoutLine: {'line': b'-- Up-to-date: /home/cc/ee106a/fa25/class/ee106a-add/106A-CATCH/CATCH/install/catch_custom_msgs/local/lib/python3.10/dist-packages/catch_custom_msgs/catch_custom_msgs_s__rosidl_typesupport_c.cpython-310-x86_64-linux-gnu.so\n'}
[1.495669] (ros2_aruco_interfaces) StdoutLine: {'line': b'[ 70%] Built target ament_cmake_python_copy_ros2_aruco_interfaces\n'}
[1.495743] (ros2_aruco_interfaces) StdoutLine: {'line': b'[ 70%] Built target ros2_aruco_interfaces__rosidl_typesupport_introspection_c\n'}
[1.495796] (ros2_aruco_interfaces) StdoutLine: {'line': b'[ 70%] Built target ros2_aruco_interfaces__rosidl_typesupport_fastrtps_c\n'}
[1.496112] (ros2_aruco_interfaces) StdoutLine: {'line': b'[ 70%] Built target ros2_aruco_interfaces__rosidl_typesupport_c\n'}
[1.497891] (catch_custom_msgs) StdoutLine: {'line': b'-- Up-to-date: /home/cc/ee106a/fa25/class/ee106a-add/106A-CATCH/CATCH/install/catch_custom_msgs/lib/libcatch_custom_msgs__rosidl_generator_py.so\n'}
[1.501750] (catch_custom_msgs) StdoutLine: {'line': b'-- Up-to-date: /home/cc/ee106a/fa25/class/ee106a-add/106A-CATCH/CATCH/install/catch_custom_msgs/share/catch_custom_msgs/msg/PointVel.idl\n'}
[1.502541] (catch_custom_msgs) StdoutLine: {'line': b'-- Up-to-date: /home/cc/ee106a/fa25/class/ee106a-add/106A-CATCH/CATCH/install/catch_custom_msgs/share/catch_custom_msgs/msg/PointVel.msg\n'}
[1.502614] (-) TimerEvent: {}
[1.503758] (catch_custom_msgs) StdoutLine: {'line': b'-- Up-to-date: /home/cc/ee106a/fa25/class/ee106a-add/106A-CATCH/CATCH/install/catch_custom_msgs/share/ament_index/resource_index/package_run_dependencies/catch_custom_msgs\n'}
[1.504972] (catch_custom_msgs) StdoutLine: {'line': b'-- Up-to-date: /home/cc/ee106a/fa25/class/ee106a-add/106A-CATCH/CATCH/install/catch_custom_msgs/share/ament_index/resource_index/parent_prefix_path/catch_custom_msgs\n'}
[1.505725] (catch_custom_msgs) StdoutLine: {'line': b'-- Up-to-date: /home/cc/ee106a/fa25/class/ee106a-add/106A-CATCH/CATCH/install/catch_custom_msgs/share/catch_custom_msgs/environment/ament_prefix_path.sh\n'}
[1.507098] (catch_custom_msgs) StdoutLine: {'line': b'-- Up-to-date: /home/cc/ee106a/fa25/class/ee106a-add/106A-CATCH/CATCH/install/catch_custom_msgs/share/catch_custom_msgs/environment/ament_prefix_path.dsv\n'}
[1.508024] (catch_custom_msgs) StdoutLine: {'line': b'-- Up-to-date: /home/cc/ee106a/fa25/class/ee106a-add/106A-CATCH/CATCH/install/catch_custom_msgs/share/catch_custom_msgs/environment/path.sh\n'}
[1.509262] (catch_custom_msgs) StdoutLine: {'line': b'-- Up-to-date: /home/cc/ee106a/fa25/class/ee106a-add/106A-CATCH/CATCH/install/catch_custom_msgs/share/catch_custom_msgs/environment/path.dsv\n'}
[1.510140] (catch_custom_msgs) StdoutLine: {'line': b'-- Up-to-date: /home/cc/ee106a/fa25/class/ee106a-add/106A-CATCH/CATCH/install/catch_custom_msgs/share/catch_custom_msgs/local_setup.bash\n'}
[1.511121] (catch_custom_msgs) StdoutLine: {'line': b'-- Up-to-date: /home/cc/ee106a/fa25/class/ee106a-add/106A-CATCH/CATCH/install/catch_custom_msgs/share/catch_custom_msgs/local_setup.sh\n'}
[1.511700] (catch_custom_msgs) StdoutLine: {'line': b'-- Up-to-date: /home/cc/ee106a/fa25/class/ee106a-add/106A-CATCH/CATCH/install/catch_custom_msgs/share/catch_custom_msgs/local_setup.zsh\n'}
[1.512748] (catch_custom_msgs) StdoutLine: {'line': b'-- Up-to-date: /home/cc/ee106a/fa25/class/ee106a-add/106A-CATCH/CATCH/install/catch_custom_msgs/share/catch_custom_msgs/local_setup.dsv\n'}
[1.513794] (catch_custom_msgs) StdoutLine: {'line': b'-- Installing: /home/cc/ee106a/fa25/class/ee106a-add/106A-CATCH/CATCH/install/catch_custom_msgs/share/catch_custom_msgs/package.dsv\n'}
[1.520913] (catch_custom_msgs) StdoutLine: {'line': b'-- Up-to-date: /home/cc/ee106a/fa25/class/ee106a-add/106A-CATCH/CATCH/install/catch_custom_msgs/share/ament_index/resource_index/packages/catch_custom_msgs\n'}
[1.528705] (catch_custom_msgs) StdoutLine: {'line': b'-- Up-to-date: /home/cc/ee106a/fa25/class/ee106a-add/106A-CATCH/CATCH/install/catch_custom_msgs/share/catch_custom_msgs/cmake/export_catch_custom_msgs__rosidl_generator_cExport.cmake\n'}
[1.529573] (catch_custom_msgs) StdoutLine: {'line': b'-- Up-to-date: /home/cc/ee106a/fa25/class/ee106a-add/106A-CATCH/CATCH/install/catch_custom_msgs/share/catch_custom_msgs/cmake/export_catch_custom_msgs__rosidl_generator_cExport-noconfig.cmake\n'}
[1.536641] (catch_custom_msgs) StdoutLine: {'line': b'-- Up-to-date: /home/cc/ee106a/fa25/class/ee106a-add/106A-CATCH/CATCH/install/catch_custom_msgs/share/catch_custom_msgs/cmake/export_catch_custom_msgs__rosidl_typesupport_fastrtps_cExport.cmake\n'}
[1.537746] (catch_custom_msgs) StdoutLine: {'line': b'-- Up-to-date: /home/cc/ee106a/fa25/class/ee106a-add/106A-CATCH/CATCH/install/catch_custom_msgs/share/catch_custom_msgs/cmake/export_catch_custom_msgs__rosidl_typesupport_fastrtps_cExport-noconfig.cmake\n'}
[1.541342] (catch_custom_msgs) StdoutLine: {'line': b'-- Up-to-date: /home/cc/ee106a/fa25/class/ee106a-add/106A-CATCH/CATCH/install/catch_custom_msgs/share/catch_custom_msgs/cmake/catch_custom_msgs__rosidl_typesupport_introspection_cExport.cmake\n'}
[1.543179] (catch_custom_msgs) StdoutLine: {'line': b'-- Up-to-date: /home/cc/ee106a/fa25/class/ee106a-add/106A-CATCH/CATCH/install/catch_custom_msgs/share/catch_custom_msgs/cmake/catch_custom_msgs__rosidl_typesupport_introspection_cExport-noconfig.cmake\n'}
[1.548705] (catch_custom_msgs) StdoutLine: {'line': b'-- Up-to-date: /home/cc/ee106a/fa25/class/ee106a-add/106A-CATCH/CATCH/install/catch_custom_msgs/share/catch_custom_msgs/cmake/catch_custom_msgs__rosidl_typesupport_cExport.cmake\n'}
[1.549976] (catch_custom_msgs) StdoutLine: {'line': b'-- Up-to-date: /home/cc/ee106a/fa25/class/ee106a-add/106A-CATCH/CATCH/install/catch_custom_msgs/share/catch_custom_msgs/cmake/catch_custom_msgs__rosidl_typesupport_cExport-noconfig.cmake\n'}
[1.553421] (catch_custom_msgs) StdoutLine: {'line': b'-- Up-to-date: /home/cc/ee106a/fa25/class/ee106a-add/106A-CATCH/CATCH/install/catch_custom_msgs/share/catch_custom_msgs/cmake/export_catch_custom_msgs__rosidl_generator_cppExport.cmake\n'}
[1.556597] (catch_custom_msgs) StdoutLine: {'line': b'-- Up-to-date: /home/cc/ee106a/fa25/class/ee106a-add/106A-CATCH/CATCH/install/catch_custom_msgs/share/catch_custom_msgs/cmake/export_catch_custom_msgs__rosidl_typesupport_fastrtps_cppExport.cmake\n'}
[1.557586] (catch_custom_msgs) StdoutLine: {'line': b'-- Up-to-date: /home/cc/ee106a/fa25/class/ee106a-add/106A-CATCH/CATCH/install/catch_custom_msgs/share/catch_custom_msgs/cmake/export_catch_custom_msgs__rosidl_typesupport_fastrtps_cppExport-noconfig.cmake\n'}
[1.560675] (catch_custom_msgs) StdoutLine: {'line': b'-- Up-to-date: /home/cc/ee106a/fa25/class/ee106a-add/106A-CATCH/CATCH/install/catch_custom_msgs/share/catch_custom_msgs/cmake/catch_custom_msgs__rosidl_typesupport_introspection_cppExport.cmake\n'}
[1.561737] (catch_custom_msgs) StdoutLine: {'line': b'-- Up-to-date: /home/cc/ee106a/fa25/class/ee106a-add/106A-CATCH/CATCH/install/catch_custom_msgs/share/catch_custom_msgs/cmake/catch_custom_msgs__rosidl_typesupport_introspection_cppExport-noconfig.cmake\n'}
[1.564645] (catch_custom_msgs) StdoutLine: {'line': b'-- Up-to-date: /home/cc/ee106a/fa25/class/ee106a-add/106A-CATCH/CATCH/install/catch_custom_msgs/share/catch_custom_msgs/cmake/catch_custom_msgs__rosidl_typesupport_cppExport.cmake\n'}
[1.565751] (catch_custom_msgs) StdoutLine: {'line': b'-- Up-to-date: /home/cc/ee106a/fa25/class/ee106a-add/106A-CATCH/CATCH/install/catch_custom_msgs/share/catch_custom_msgs/cmake/catch_custom_msgs__rosidl_typesupport_cppExport-noconfig.cmake\n'}
[1.566199] (ros2_aruco_interfaces) StdoutLine: {'line': b'[ 70%] Built target ros2_aruco_interfaces\n'}
[1.569113] (catch_custom_msgs) StdoutLine: {'line': b'-- Up-to-date: /home/cc/ee106a/fa25/class/ee106a-add/106A-CATCH/CATCH/install/catch_custom_msgs/share/catch_custom_msgs/cmake/export_catch_custom_msgs__rosidl_generator_pyExport.cmake\n'}
[1.570022] (catch_custom_msgs) StdoutLine: {'line': b'-- Up-to-date: /home/cc/ee106a/fa25/class/ee106a-add/106A-CATCH/CATCH/install/catch_custom_msgs/share/catch_custom_msgs/cmake/export_catch_custom_msgs__rosidl_generator_pyExport-noconfig.cmake\n'}
[1.570795] (catch_custom_msgs) StdoutLine: {'line': b'-- Up-to-date: /home/cc/ee106a/fa25/class/ee106a-add/106A-CATCH/CATCH/install/catch_custom_msgs/share/catch_custom_msgs/cmake/rosidl_cmake-extras.cmake\n'}
[1.571593] (catch_custom_msgs) StdoutLine: {'line': b'-- Up-to-date: /home/cc/ee106a/fa25/class/ee106a-add/106A-CATCH/CATCH/install/catch_custom_msgs/share/catch_custom_msgs/cmake/ament_cmake_export_dependencies-extras.cmake\n'}
[1.572360] (catch_custom_msgs) StdoutLine: {'line': b'-- Up-to-date: /home/cc/ee106a/fa25/class/ee106a-add/106A-CATCH/CATCH/install/catch_custom_msgs/share/catch_custom_msgs/cmake/ament_cmake_export_include_directories-extras.cmake\n'}
[1.572985] (catch_custom_msgs) StdoutLine: {'line': b'-- Up-to-date: /home/cc/ee106a/fa25/class/ee106a-add/106A-CATCH/CATCH/install/catch_custom_msgs/share/catch_custom_msgs/cmake/ament_cmake_export_libraries-extras.cmake\n'}
[1.573819] (catch_custom_msgs) StdoutLine: {'line': b'-- Up-to-date: /home/cc/ee106a/fa25/class/ee106a-add/106A-CATCH/CATCH/install/catch_custom_msgs/share/catch_custom_msgs/cmake/ament_cmake_export_targets-extras.cmake\n'}
[1.574594] (catch_custom_msgs) StdoutLine: {'line': b'-- Up-to-date: /home/cc/ee106a/fa25/class/ee106a-add/106A-CATCH/CATCH/install/catch_custom_msgs/share/catch_custom_msgs/cmake/rosidl_cmake_export_typesupport_targets-extras.cmake\n'}
[1.575447] (catch_custom_msgs) StdoutLine: {'line': b'-- Up-to-date: /home/cc/ee106a/fa25/class/ee106a-add/106A-CATCH/CATCH/install/catch_custom_msgs/share/catch_custom_msgs/cmake/rosidl_cmake_export_typesupport_libraries-extras.cmake\n'}
[1.576504] (catch_custom_msgs) StdoutLine: {'line': b'-- Up-to-date: /home/cc/ee106a/fa25/class/ee106a-add/106A-CATCH/CATCH/install/catch_custom_msgs/share/catch_custom_msgs/cmake/catch_custom_msgsConfig.cmake\n'}
[1.577327] (catch_custom_msgs) StdoutLine: {'line': b'-- Up-to-date: /home/cc/ee106a/fa25/class/ee106a-add/106A-CATCH/CATCH/install/catch_custom_msgs/share/catch_custom_msgs/cmake/catch_custom_msgsConfig-version.cmake\n'}
[1.578295] (catch_custom_msgs) StdoutLine: {'line': b'-- Up-to-date: /home/cc/ee106a/fa25/class/ee106a-add/106A-CATCH/CATCH/install/catch_custom_msgs/share/catch_custom_msgs/package.xml\n'}
[1.584666] (catch_custom_msgs) CommandEnded: {'returncode': 0}
[1.602696] (-) TimerEvent: {}
[1.621400] (ros2_aruco_interfaces) StdoutLine: {'line': b'[ 74%] Built target ros2_aruco_interfaces__py\n'}
[1.672950] (catch_custom_msgs) JobEnded: {'identifier': 'catch_custom_msgs', 'rc': 0}
[1.680559] (ros2_aruco_interfaces) StdoutLine: {'line': b'[ 80%] Built target ros2_aruco_interfaces__rosidl_generator_py\n'}
[1.702811] (-) TimerEvent: {}
[1.772305] (ros2_aruco_interfaces) StdoutLine: {'line': b'[ 93%] Built target ros2_aruco_interfaces__rosidl_typesupport_fastrtps_c__pyext\n'}
[1.775230] (ros2_aruco_interfaces) StdoutLine: {'line': b'[100%] Built target ros2_aruco_interfaces__rosidl_typesupport_introspection_c__pyext\n'}
[1.775328] (ros2_aruco_interfaces) StdoutLine: {'line': b'[100%] Built target ros2_aruco_interfaces__rosidl_typesupport_c__pyext\n'}
[1.802916] (-) TimerEvent: {}
[1.903236] (-) TimerEvent: {}
[1.911869] (ros2_aruco) Command: {'cmd': ['/usr/bin/python3', '-W', 'ignore:setup.py install is deprecated', '-W', 'ignore:easy_install command is deprecated', 'setup.py', 'egg_info', '--egg-base', '../../../build/ros2_aruco', 'build', '--build-base', '/home/cc/ee106a/fa25/class/ee106a-add/106A-CATCH/CATCH/build/ros2_aruco/build', 'install', '--record', '/home/cc/ee106a/fa25/class/ee106a-add/106A-CATCH/CATCH/build/ros2_aruco/install.log', '--single-version-externally-managed', 'install_data'], 'cwd': '/home/cc/ee106a/fa25/class/ee106a-add/106A-CATCH/CATCH/src/ros2_aruco/ros2_aruco', 'env': {'ARCH': 'x86_64', 'QT_SCALE_FACTOR': '1', 'USER': 'ee106a-add', 'HOSTNAME': 'ros2', 'XDG_SESSION_TYPE': 'x11', 'MASTERDIR': '/home/ff/ee106a', 'COMPIZ_CONFIG_PROFILE': 'mate', 'XDG_CACHE_HOME': '/home/cc/ee106a/fa25/class/ee106a-add/.cache', 'SHLVL': '2', 'LD_LIBRARY_PATH': '/home/cc/ee106a/fa25/class/ee106a-add/106A-CATCH/CATCH/install/ros2_aruco_interfaces/lib:/home/cc/ee106a/fa25/class/ee106a-add/106A-CATCH/CATCH/install/catch_custom_msgs/lib:/home/ff/ee106a/librealsense/build/Release:/usr/lib/x86_64-linux-gnu/gazebo-11/plugins:/opt/ros/humble/opt/rviz_ogre_vendor/lib:/opt/ros/humble/lib/x86_64-linux-gnu:/opt/ros/humble/lib', 'HOME': '/home/cc/ee106a/fa25/class/ee106a-add', 'OLDPWD': '/home/cc/ee106a/fa25/class/ee106a-add', 'DESKTOP_SESSION': 'mate', 'ROS_PYTHON_VERSION': '3', 'GTK_MODULES': 'gail:atk-bridge:appmenu-gtk-module:gail:atk-bridge:canberra-gtk-module', 'EE106_UR_ROBOT_IP': '192.168.1.100', 'DISTROBOX_ENTER_PATH': '/usr/local/bin/distrobox-enter', 'SYSTEMD_EXEC_PID': '765458', 'NNTPSERVER': 'news.csua.berkeley.edu', 'VISUAL': 'emacs', 'XDG_STATE_HOME': '/home/cc/ee106a/fa25/class/ee106a-add/.local/state', 'DBUS_SESSION_BUS_ADDRESS': 'unix:path=/run/user/90081/bus', 'COLORTERM': 'truecolor', 'container': 'podman', 'UBUNTU_MENUPROXY': '1', 'QT_QPA_PLATFORMTHEME': 'gtk2', 'COLCON_PREFIX_PATH': '/home/cc/ee106a/fa25/class/ee106a-add/106A-CATCH/CATCH/install:/home/ff/ee106a/robot_workspaces/ur/install', 'ROS_DISTRO': 'humble', 'GTK_IM_MODULE': 'ibus', 'LOGNAME': 'ee106a-add', 'MASTER': 'ee106a', 'WINDOWID': '39846495', 'ROS_VERSION': '2', 'XDG_SESSION_CLASS': 'user', 'TERMINFO_DIRS': '/usr/share/terminfo:/run/host/usr/share/terminfo', 'USERNAME': 'ee106a-add', 'TERM': 'xterm-256color', 'GTK_OVERLAY_SCROLLING': '0', 'XDG_SESSION_ID': '7300', 'ROS_LOCALHOST_ONLY': '0', 'WINDOWPATH': '2', 'PATH': '/opt/ros/humble/bin:/share/b/grading/bin:/home/ff/ee106a/bin:/home/ff/ee106a/bin/arch/x86_64:/share/b/grading/bin:/home/ff/ee106a/bin:/home/ff/ee106a/bin/arch/x86_64:/usr/local/sbin:/usr/local/bin:/usr/sbin:/usr/bin:/sbin:/bin:/usr/games:/usr/local/games:/snap/bin:/snap/bin:/share/b/grading/bin:/share/b/grading/sbin:/share/b/runas/x86_64:/share/b/bin:/home/ff/ee106a/venvs/all:/usr/local/sbin:/usr/local/bin:/usr/sbin:/usr/bin:/sbin:/bin:/share/b/grading/bin:/share/b/grading/sbin:/share/b/runas/x86_64:/share/b/bin:/home/ff/ee106a/venvs/all', 'SESSION_MANAGER': 'local/c105-6:@/tmp/.ICE-unix/765526,unix/c105-6:/tmp/.ICE-unix/765526', 'OS': 'Linux', 'XDG_RUNTIME_DIR': '/run/user/90081', 'DISPLAY': ':1', 'LANG': 'en_US.UTF-8', 'XDG_CURRENT_DESKTOP': 'MATE', 'XDG_DATA_HOME': '/home/cc/ee106a/fa25/class/ee106a-add/.local/share', 'XDG_CONFIG_HOME': '/home/cc/ee106a/fa25/class/ee106a-add/.config', 'XMODIFIERS': '@im=ibus', 'XDG_SESSION_DESKTOP': 'mate', 'XAUTHORITY': '/run/user/90081/gdm/Xauthority', 'SSH_AUTH_SOCK': '/run/user/90081/keyring/ssh', 'ROS_DOMAIN_ID': '26', 'AMENT_PREFIX_PATH': '/home/cc/ee106a/fa25/class/ee106a-add/106A-CATCH/CATCH/install/ros2_aruco_interfaces:/home/cc/ee106a/fa25/class/ee106a-add/106A-CATCH/CATCH/install/ros2_aruco:/home/cc/ee106a/fa25/class/ee106a-add/106A-CATCH/CATCH/install/planning:/home/cc/ee106a/fa25/class/ee106a-add/106A-CATCH/CATCH/install/perception:/home/cc/ee106a/fa25/class/ee106a-add/106A-CATCH/CATCH/install/catch_custom_msgs:/home/ff/ee106a/robot_workspaces/ur/install/ur7e_utils:/opt/ros/humble', 'SHELL': '/usr/bin/bash', 'QT_ACCESSIBILITY': '1', 'EE106_UR_ROBOT_NAME': 'baymax', 'GDMSESSION': 'mate', 'RUNAS': '/share/b/runas/x86_64', 'GPG_AGENT_INFO': '/run/user/90081/gnupg/S.gpg-agent:0:1', 'CONFIG_SHELL': '/usr/bin/ksh', 'QT_IM_MODULE': 'ibus', 'PWD': '/home/cc/ee106a/fa25/class/ee106a-add/106A-CATCH/CATCH/build/ros2_aruco', 'EE106_ENV_SETUP': 'ur_ros2', 'CONTAINER_ID': 'ros2', 'LC_ALL': 'C.UTF-8', 'XDG_CONFIG_DIRS': '/etc/xdg/xdg-mate:/etc/xdg', 'CLUTTER_IM_MODULE': 'ibus', 'XDG_DATA_DIRS': '/usr/share/mate:/usr/share/mate:/usr/share/gnome:/home/cc/ee106a/fa25/class/ee106a-add/.local/share/flatpak/exports/share:/var/lib/flatpak/exports/share:/usr/local/share/:/usr/share/:/var/lib/snapd/desktop:/usr/local/share:/usr/share', 'PYTHONPATH': '/home/cc/ee106a/fa25/class/ee106a-add/106A-CATCH/CATCH/build/ros2_aruco/prefix_override:/usr/lib/python3/dist-packages/colcon_core/task/python/colcon_distutils_commands:/home/cc/ee106a/fa25/class/ee106a-add/106A-CATCH/CATCH/install/ros2_aruco/lib/python3.10/site-packages:/home/cc/ee106a/fa25/class/ee106a-add/106A-CATCH/CATCH/install/ros2_aruco_interfaces/local/lib/python3.10/dist-packages:/home/cc/ee106a/fa25/class/ee106a-add/106A-CATCH/CATCH/install/ros2_aruco/lib/python3.10/site-packages:/home/cc/ee106a/fa25/class/ee106a-add/106A-CATCH/CATCH/install/planning/lib/python3.10/site-packages:/home/cc/ee106a/fa25/class/ee106a-add/106A-CATCH/CATCH/install/perception/lib/python3.10/site-packages:/home/cc/ee106a/fa25/class/ee106a-add/106A-CATCH/CATCH/install/catch_custom_msgs/local/lib/python3.10/dist-packages:/home/ff/ee106a/robot_workspaces/ur/install/ur7e_utils/lib/python3.10/site-packages:/opt/ros/humble/lib/python3.10/site-packages:/opt/ros/humble/local/lib/python3.10/dist-packages', 'MATE_DESKTOP_SESSION_ID': 'this-is-deprecated', 'COLCON': '1', 'MANPATH': '/usr/local/man:/usr/man:/usr/X11/man:/usr/local/man:/share/b/grading/man:/usr/local/man:/usr/man:/usr/X11/man:/usr/local/man:/share/b/grading/man:', 'VTE_VERSION': '6800', 'EDITOR': 'emacs', 'CMAKE_PREFIX_PATH': '/home/cc/ee106a/fa25/class/ee106a-add/106A-CATCH/CATCH/install/ros2_aruco_interfaces:/home/cc/ee106a/fa25/class/ee106a-add/106A-CATCH/CATCH/install/catch_custom_msgs', 'QT_FONT_DPI': '122'}, 'shell': False}
[1.918441] (perception) Command: {'cmd': ['/usr/bin/python3', '-W', 'ignore:setup.py install is deprecated', '-W', 'ignore:easy_install command is deprecated', 'setup.py', 'egg_info', '--egg-base', '../../build/perception', 'build', '--build-base', '/home/cc/ee106a/fa25/class/ee106a-add/106A-CATCH/CATCH/build/perception/build', 'install', '--record', '/home/cc/ee106a/fa25/class/ee106a-add/106A-CATCH/CATCH/build/perception/install.log', '--single-version-externally-managed', 'install_data'], 'cwd': '/home/cc/ee106a/fa25/class/ee106a-add/106A-CATCH/CATCH/src/perception', 'env': {'ARCH': 'x86_64', 'QT_SCALE_FACTOR': '1', 'USER': 'ee106a-add', 'HOSTNAME': 'ros2', 'XDG_SESSION_TYPE': 'x11', 'MASTERDIR': '/home/ff/ee106a', 'COMPIZ_CONFIG_PROFILE': 'mate', 'XDG_CACHE_HOME': '/home/cc/ee106a/fa25/class/ee106a-add/.cache', 'SHLVL': '2', 'LD_LIBRARY_PATH': '/home/cc/ee106a/fa25/class/ee106a-add/106A-CATCH/CATCH/install/ros2_aruco_interfaces/lib:/home/cc/ee106a/fa25/class/ee106a-add/106A-CATCH/CATCH/install/catch_custom_msgs/lib:/home/ff/ee106a/librealsense/build/Release:/usr/lib/x86_64-linux-gnu/gazebo-11/plugins:/opt/ros/humble/opt/rviz_ogre_vendor/lib:/opt/ros/humble/lib/x86_64-linux-gnu:/opt/ros/humble/lib', 'HOME': '/home/cc/ee106a/fa25/class/ee106a-add', 'OLDPWD': '/home/cc/ee106a/fa25/class/ee106a-add', 'DESKTOP_SESSION': 'mate', 'ROS_PYTHON_VERSION': '3', 'GTK_MODULES': 'gail:atk-bridge:appmenu-gtk-module:gail:atk-bridge:canberra-gtk-module', 'EE106_UR_ROBOT_IP': '192.168.1.100', 'DISTROBOX_ENTER_PATH': '/usr/local/bin/distrobox-enter', 'SYSTEMD_EXEC_PID': '765458', 'NNTPSERVER': 'news.csua.berkeley.edu', 'VISUAL': 'emacs', 'XDG_STATE_HOME': '/home/cc/ee106a/fa25/class/ee106a-add/.local/state', 'DBUS_SESSION_BUS_ADDRESS': 'unix:path=/run/user/90081/bus', 'COLORTERM': 'truecolor', 'container': 'podman', 'UBUNTU_MENUPROXY': '1', 'QT_QPA_PLATFORMTHEME': 'gtk2', 'COLCON_PREFIX_PATH': '/home/cc/ee106a/fa25/class/ee106a-add/106A-CATCH/CATCH/install:/home/ff/ee106a/robot_workspaces/ur/install', 'ROS_DISTRO': 'humble', 'GTK_IM_MODULE': 'ibus', 'LOGNAME': 'ee106a-add', 'MASTER': 'ee106a', 'WINDOWID': '39846495', 'ROS_VERSION': '2', 'XDG_SESSION_CLASS': 'user', 'TERMINFO_DIRS': '/usr/share/terminfo:/run/host/usr/share/terminfo', 'USERNAME': 'ee106a-add', 'TERM': 'xterm-256color', 'GTK_OVERLAY_SCROLLING': '0', 'XDG_SESSION_ID': '7300', 'ROS_LOCALHOST_ONLY': '0', 'WINDOWPATH': '2', 'PATH': '/opt/ros/humble/bin:/share/b/grading/bin:/home/ff/ee106a/bin:/home/ff/ee106a/bin/arch/x86_64:/share/b/grading/bin:/home/ff/ee106a/bin:/home/ff/ee106a/bin/arch/x86_64:/usr/local/sbin:/usr/local/bin:/usr/sbin:/usr/bin:/sbin:/bin:/usr/games:/usr/local/games:/snap/bin:/snap/bin:/share/b/grading/bin:/share/b/grading/sbin:/share/b/runas/x86_64:/share/b/bin:/home/ff/ee106a/venvs/all:/usr/local/sbin:/usr/local/bin:/usr/sbin:/usr/bin:/sbin:/bin:/share/b/grading/bin:/share/b/grading/sbin:/share/b/runas/x86_64:/share/b/bin:/home/ff/ee106a/venvs/all', 'SESSION_MANAGER': 'local/c105-6:@/tmp/.ICE-unix/765526,unix/c105-6:/tmp/.ICE-unix/765526', 'OS': 'Linux', 'XDG_RUNTIME_DIR': '/run/user/90081', 'DISPLAY': ':1', 'LANG': 'en_US.UTF-8', 'XDG_CURRENT_DESKTOP': 'MATE', 'XDG_DATA_HOME': '/home/cc/ee106a/fa25/class/ee106a-add/.local/share', 'XDG_CONFIG_HOME': '/home/cc/ee106a/fa25/class/ee106a-add/.config', 'XMODIFIERS': '@im=ibus', 'XDG_SESSION_DESKTOP': 'mate', 'XAUTHORITY': '/run/user/90081/gdm/Xauthority', 'SSH_AUTH_SOCK': '/run/user/90081/keyring/ssh', 'ROS_DOMAIN_ID': '26', 'AMENT_PREFIX_PATH': '/home/cc/ee106a/fa25/class/ee106a-add/106A-CATCH/CATCH/install/ros2_aruco_interfaces:/home/cc/ee106a/fa25/class/ee106a-add/106A-CATCH/CATCH/install/ros2_aruco:/home/cc/ee106a/fa25/class/ee106a-add/106A-CATCH/CATCH/install/planning:/home/cc/ee106a/fa25/class/ee106a-add/106A-CATCH/CATCH/install/perception:/home/cc/ee106a/fa25/class/ee106a-add/106A-CATCH/CATCH/install/catch_custom_msgs:/home/ff/ee106a/robot_workspaces/ur/install/ur7e_utils:/opt/ros/humble', 'SHELL': '/usr/bin/bash', 'QT_ACCESSIBILITY': '1', 'EE106_UR_ROBOT_NAME': 'baymax', 'GDMSESSION': 'mate', 'RUNAS': '/share/b/runas/x86_64', 'GPG_AGENT_INFO': '/run/user/90081/gnupg/S.gpg-agent:0:1', 'CONFIG_SHELL': '/usr/bin/ksh', 'QT_IM_MODULE': 'ibus', 'PWD': '/home/cc/ee106a/fa25/class/ee106a-add/106A-CATCH/CATCH/build/perception', 'EE106_ENV_SETUP': 'ur_ros2', 'CONTAINER_ID': 'ros2', 'LC_ALL': 'C.UTF-8', 'XDG_CONFIG_DIRS': '/etc/xdg/xdg-mate:/etc/xdg', 'CLUTTER_IM_MODULE': 'ibus', 'XDG_DATA_DIRS': '/usr/share/mate:/usr/share/mate:/usr/share/gnome:/home/cc/ee106a/fa25/class/ee106a-add/.local/share/flatpak/exports/share:/var/lib/flatpak/exports/share:/usr/local/share/:/usr/share/:/var/lib/snapd/desktop:/usr/local/share:/usr/share', 'PYTHONPATH': '/home/cc/ee106a/fa25/class/ee106a-add/106A-CATCH/CATCH/build/perception/prefix_override:/usr/lib/python3/dist-packages/colcon_core/task/python/colcon_distutils_commands:/home/cc/ee106a/fa25/class/ee106a-add/106A-CATCH/CATCH/install/perception/lib/python3.10/site-packages:/home/cc/ee106a/fa25/class/ee106a-add/106A-CATCH/CATCH/install/ros2_aruco_interfaces/local/lib/python3.10/dist-packages:/home/cc/ee106a/fa25/class/ee106a-add/106A-CATCH/CATCH/install/ros2_aruco/lib/python3.10/site-packages:/home/cc/ee106a/fa25/class/ee106a-add/106A-CATCH/CATCH/install/planning/lib/python3.10/site-packages:/home/cc/ee106a/fa25/class/ee106a-add/106A-CATCH/CATCH/install/perception/lib/python3.10/site-packages:/home/cc/ee106a/fa25/class/ee106a-add/106A-CATCH/CATCH/install/catch_custom_msgs/local/lib/python3.10/dist-packages:/home/ff/ee106a/robot_workspaces/ur/install/ur7e_utils/lib/python3.10/site-packages:/opt/ros/humble/lib/python3.10/site-packages:/opt/ros/humble/local/lib/python3.10/dist-packages', 'MATE_DESKTOP_SESSION_ID': 'this-is-deprecated', 'COLCON': '1', 'MANPATH': '/usr/local/man:/usr/man:/usr/X11/man:/usr/local/man:/share/b/grading/man:/usr/local/man:/usr/man:/usr/X11/man:/usr/local/man:/share/b/grading/man:', 'VTE_VERSION': '6800', 'EDITOR': 'emacs', 'CMAKE_PREFIX_PATH': '/home/cc/ee106a/fa25/class/ee106a-add/106A-CATCH/CATCH/install/ros2_aruco_interfaces:/home/cc/ee106a/fa25/class/ee106a-add/106A-CATCH/CATCH/install/catch_custom_msgs', 'QT_FONT_DPI': '122'}, 'shell': False}
[1.925277] (ros2_aruco_interfaces) StdoutLine: {'line': b'running egg_info\n'}
[1.925369] (ros2_aruco_interfaces) StdoutLine: {'line': b'writing ros2_aruco_interfaces.egg-info/PKG-INFO\n'}
[1.925434] (planning) Command: {'cmd': ['/usr/bin/python3', '-W', 'ignore:setup.py install is deprecated', '-W', 'ignore:easy_install command is deprecated', 'setup.py', 'egg_info', '--egg-base', '../../build/planning', 'build', '--build-base', '/home/cc/ee106a/fa25/class/ee106a-add/106A-CATCH/CATCH/build/planning/build', 'install', '--record', '/home/cc/ee106a/fa25/class/ee106a-add/106A-CATCH/CATCH/build/planning/install.log', '--single-version-externally-managed', 'install_data'], 'cwd': '/home/cc/ee106a/fa25/class/ee106a-add/106A-CATCH/CATCH/src/planning', 'env': {'ARCH': 'x86_64', 'QT_SCALE_FACTOR': '1', 'USER': 'ee106a-add', 'HOSTNAME': 'ros2', 'XDG_SESSION_TYPE': 'x11', 'MASTERDIR': '/home/ff/ee106a', 'COMPIZ_CONFIG_PROFILE': 'mate', 'XDG_CACHE_HOME': '/home/cc/ee106a/fa25/class/ee106a-add/.cache', 'SHLVL': '2', 'LD_LIBRARY_PATH': '/home/cc/ee106a/fa25/class/ee106a-add/106A-CATCH/CATCH/install/ros2_aruco_interfaces/lib:/home/cc/ee106a/fa25/class/ee106a-add/106A-CATCH/CATCH/install/catch_custom_msgs/lib:/home/ff/ee106a/librealsense/build/Release:/usr/lib/x86_64-linux-gnu/gazebo-11/plugins:/opt/ros/humble/opt/rviz_ogre_vendor/lib:/opt/ros/humble/lib/x86_64-linux-gnu:/opt/ros/humble/lib', 'HOME': '/home/cc/ee106a/fa25/class/ee106a-add', 'OLDPWD': '/home/cc/ee106a/fa25/class/ee106a-add', 'DESKTOP_SESSION': 'mate', 'ROS_PYTHON_VERSION': '3', 'GTK_MODULES': 'gail:atk-bridge:appmenu-gtk-module:gail:atk-bridge:canberra-gtk-module', 'EE106_UR_ROBOT_IP': '192.168.1.100', 'DISTROBOX_ENTER_PATH': '/usr/local/bin/distrobox-enter', 'SYSTEMD_EXEC_PID': '765458', 'NNTPSERVER': 'news.csua.berkeley.edu', 'VISUAL': 'emacs', 'XDG_STATE_HOME': '/home/cc/ee106a/fa25/class/ee106a-add/.local/state', 'DBUS_SESSION_BUS_ADDRESS': 'unix:path=/run/user/90081/bus', 'COLORTERM': 'truecolor', 'container': 'podman', 'UBUNTU_MENUPROXY': '1', 'QT_QPA_PLATFORMTHEME': 'gtk2', 'COLCON_PREFIX_PATH': '/home/cc/ee106a/fa25/class/ee106a-add/106A-CATCH/CATCH/install:/home/ff/ee106a/robot_workspaces/ur/install', 'ROS_DISTRO': 'humble', 'GTK_IM_MODULE': 'ibus', 'LOGNAME': 'ee106a-add', 'MASTER': 'ee106a', 'WINDOWID': '39846495', 'ROS_VERSION': '2', 'XDG_SESSION_CLASS': 'user', 'TERMINFO_DIRS': '/usr/share/terminfo:/run/host/usr/share/terminfo', 'USERNAME': 'ee106a-add', 'TERM': 'xterm-256color', 'GTK_OVERLAY_SCROLLING': '0', 'XDG_SESSION_ID': '7300', 'ROS_LOCALHOST_ONLY': '0', 'WINDOWPATH': '2', 'PATH': '/opt/ros/humble/bin:/share/b/grading/bin:/home/ff/ee106a/bin:/home/ff/ee106a/bin/arch/x86_64:/share/b/grading/bin:/home/ff/ee106a/bin:/home/ff/ee106a/bin/arch/x86_64:/usr/local/sbin:/usr/local/bin:/usr/sbin:/usr/bin:/sbin:/bin:/usr/games:/usr/local/games:/snap/bin:/snap/bin:/share/b/grading/bin:/share/b/grading/sbin:/share/b/runas/x86_64:/share/b/bin:/home/ff/ee106a/venvs/all:/usr/local/sbin:/usr/local/bin:/usr/sbin:/usr/bin:/sbin:/bin:/share/b/grading/bin:/share/b/grading/sbin:/share/b/runas/x86_64:/share/b/bin:/home/ff/ee106a/venvs/all', 'SESSION_MANAGER': 'local/c105-6:@/tmp/.ICE-unix/765526,unix/c105-6:/tmp/.ICE-unix/765526', 'OS': 'Linux', 'XDG_RUNTIME_DIR': '/run/user/90081', 'DISPLAY': ':1', 'LANG': 'en_US.UTF-8', 'XDG_CURRENT_DESKTOP': 'MATE', 'XDG_DATA_HOME': '/home/cc/ee106a/fa25/class/ee106a-add/.local/share', 'XDG_CONFIG_HOME': '/home/cc/ee106a/fa25/class/ee106a-add/.config', 'XMODIFIERS': '@im=ibus', 'XDG_SESSION_DESKTOP': 'mate', 'XAUTHORITY': '/run/user/90081/gdm/Xauthority', 'SSH_AUTH_SOCK': '/run/user/90081/keyring/ssh', 'ROS_DOMAIN_ID': '26', 'AMENT_PREFIX_PATH': '/home/cc/ee106a/fa25/class/ee106a-add/106A-CATCH/CATCH/install/ros2_aruco_interfaces:/home/cc/ee106a/fa25/class/ee106a-add/106A-CATCH/CATCH/install/ros2_aruco:/home/cc/ee106a/fa25/class/ee106a-add/106A-CATCH/CATCH/install/planning:/home/cc/ee106a/fa25/class/ee106a-add/106A-CATCH/CATCH/install/perception:/home/cc/ee106a/fa25/class/ee106a-add/106A-CATCH/CATCH/install/catch_custom_msgs:/home/ff/ee106a/robot_workspaces/ur/install/ur7e_utils:/opt/ros/humble', 'SHELL': '/usr/bin/bash', 'QT_ACCESSIBILITY': '1', 'EE106_UR_ROBOT_NAME': 'baymax', 'GDMSESSION': 'mate', 'RUNAS': '/share/b/runas/x86_64', 'GPG_AGENT_INFO': '/run/user/90081/gnupg/S.gpg-agent:0:1', 'CONFIG_SHELL': '/usr/bin/ksh', 'QT_IM_MODULE': 'ibus', 'PWD': '/home/cc/ee106a/fa25/class/ee106a-add/106A-CATCH/CATCH/build/planning', 'EE106_ENV_SETUP': 'ur_ros2', 'CONTAINER_ID': 'ros2', 'LC_ALL': 'C.UTF-8', 'XDG_CONFIG_DIRS': '/etc/xdg/xdg-mate:/etc/xdg', 'CLUTTER_IM_MODULE': 'ibus', 'XDG_DATA_DIRS': '/usr/share/mate:/usr/share/mate:/usr/share/gnome:/home/cc/ee106a/fa25/class/ee106a-add/.local/share/flatpak/exports/share:/var/lib/flatpak/exports/share:/usr/local/share/:/usr/share/:/var/lib/snapd/desktop:/usr/local/share:/usr/share', 'PYTHONPATH': '/home/cc/ee106a/fa25/class/ee106a-add/106A-CATCH/CATCH/build/planning/prefix_override:/usr/lib/python3/dist-packages/colcon_core/task/python/colcon_distutils_commands:/home/cc/ee106a/fa25/class/ee106a-add/106A-CATCH/CATCH/install/planning/lib/python3.10/site-packages:/home/cc/ee106a/fa25/class/ee106a-add/106A-CATCH/CATCH/install/ros2_aruco_interfaces/local/lib/python3.10/dist-packages:/home/cc/ee106a/fa25/class/ee106a-add/106A-CATCH/CATCH/install/ros2_aruco/lib/python3.10/site-packages:/home/cc/ee106a/fa25/class/ee106a-add/106A-CATCH/CATCH/install/planning/lib/python3.10/site-packages:/home/cc/ee106a/fa25/class/ee106a-add/106A-CATCH/CATCH/install/perception/lib/python3.10/site-packages:/home/cc/ee106a/fa25/class/ee106a-add/106A-CATCH/CATCH/install/catch_custom_msgs/local/lib/python3.10/dist-packages:/home/ff/ee106a/robot_workspaces/ur/install/ur7e_utils/lib/python3.10/site-packages:/opt/ros/humble/lib/python3.10/site-packages:/opt/ros/humble/local/lib/python3.10/dist-packages', 'MATE_DESKTOP_SESSION_ID': 'this-is-deprecated', 'COLCON': '1', 'MANPATH': '/usr/local/man:/usr/man:/usr/X11/man:/usr/local/man:/share/b/grading/man:/usr/local/man:/usr/man:/usr/X11/man:/usr/local/man:/share/b/grading/man:', 'VTE_VERSION': '6800', 'EDITOR': 'emacs', 'CMAKE_PREFIX_PATH': '/home/cc/ee106a/fa25/class/ee106a-add/106A-CATCH/CATCH/install/ros2_aruco_interfaces:/home/cc/ee106a/fa25/class/ee106a-add/106A-CATCH/CATCH/install/catch_custom_msgs', 'QT_FONT_DPI': '122'}, 'shell': False}
[1.932680] (ros2_aruco_interfaces) StdoutLine: {'line': b'writing dependency_links to ros2_aruco_interfaces.egg-info/dependency_links.txt\n'}
[1.932743] (ros2_aruco_interfaces) StdoutLine: {'line': b'writing top-level names to ros2_aruco_interfaces.egg-info/top_level.txt\n'}
[1.937409] (ros2_aruco_interfaces) StdoutLine: {'line': b"reading manifest file 'ros2_aruco_interfaces.egg-info/SOURCES.txt'\n"}
[1.939181] (ros2_aruco_interfaces) StdoutLine: {'line': b"writing manifest file 'ros2_aruco_interfaces.egg-info/SOURCES.txt'\n"}
[1.965489] (ros2_aruco_interfaces) StdoutLine: {'line': b'[100%] Built target ament_cmake_python_build_ros2_aruco_interfaces_egg\n'}
[2.003353] (-) TimerEvent: {}
[2.006620] (ros2_aruco_interfaces) CommandEnded: {'returncode': 0}
[2.010597] (ros2_aruco_interfaces) JobProgress: {'identifier': 'ros2_aruco_interfaces', 'progress': 'install'}
[2.011576] (ros2_aruco_interfaces) Command: {'cmd': ['/usr/bin/cmake', '--install', '/home/cc/ee106a/fa25/class/ee106a-add/106A-CATCH/CATCH/build/ros2_aruco_interfaces'], 'cwd': '/home/cc/ee106a/fa25/class/ee106a-add/106A-CATCH/CATCH/build/ros2_aruco_interfaces', 'env': OrderedDict([('ARCH', 'x86_64'), ('QT_SCALE_FACTOR', '1'), ('USER', 'ee106a-add'), ('HOSTNAME', 'ros2'), ('XDG_SESSION_TYPE', 'x11'), ('MASTERDIR', '/home/ff/ee106a'), ('COMPIZ_CONFIG_PROFILE', 'mate'), ('XDG_CACHE_HOME', '/home/cc/ee106a/fa25/class/ee106a-add/.cache'), ('SHLVL', '2'), ('LD_LIBRARY_PATH', '/home/cc/ee106a/fa25/class/ee106a-add/106A-CATCH/CATCH/install/ros2_aruco_interfaces/lib:/home/cc/ee106a/fa25/class/ee106a-add/106A-CATCH/CATCH/install/catch_custom_msgs/lib:/home/ff/ee106a/librealsense/build/Release:/usr/lib/x86_64-linux-gnu/gazebo-11/plugins:/opt/ros/humble/opt/rviz_ogre_vendor/lib:/opt/ros/humble/lib/x86_64-linux-gnu:/opt/ros/humble/lib'), ('HOME', '/home/cc/ee106a/fa25/class/ee106a-add'), ('OLDPWD', '/home/cc/ee106a/fa25/class/ee106a-add'), ('DESKTOP_SESSION', 'mate'), ('ROS_PYTHON_VERSION', '3'), ('GTK_MODULES', 'gail:atk-bridge:appmenu-gtk-module:gail:atk-bridge:canberra-gtk-module'), ('EE106_UR_ROBOT_IP', '192.168.1.100'), ('DISTROBOX_ENTER_PATH', '/usr/local/bin/distrobox-enter'), ('SYSTEMD_EXEC_PID', '765458'), ('NNTPSERVER', 'news.csua.berkeley.edu'), ('VISUAL', 'emacs'), ('XDG_STATE_HOME', '/home/cc/ee106a/fa25/class/ee106a-add/.local/state'), ('DBUS_SESSION_BUS_ADDRESS', 'unix:path=/run/user/90081/bus'), ('COLORTERM', 'truecolor'), ('container', 'podman'), ('UBUNTU_MENUPROXY', '1'), ('QT_QPA_PLATFORMTHEME', 'gtk2'), ('COLCON_PREFIX_PATH', '/home/cc/ee106a/fa25/class/ee106a-add/106A-CATCH/CATCH/install:/home/ff/ee106a/robot_workspaces/ur/install'), ('ROS_DISTRO', 'humble'), ('GTK_IM_MODULE', 'ibus'), ('LOGNAME', 'ee106a-add'), ('MASTER', 'ee106a'), ('WINDOWID', '39846495'), ('ROS_VERSION', '2'), ('XDG_SESSION_CLASS', 'user'), ('TERMINFO_DIRS', '/usr/share/terminfo:/run/host/usr/share/terminfo'), ('USERNAME', 'ee106a-add'), ('TERM', 'xterm-256color'), ('GTK_OVERLAY_SCROLLING', '0'), ('XDG_SESSION_ID', '7300'), ('ROS_LOCALHOST_ONLY', '0'), ('WINDOWPATH', '2'), ('PATH', '/opt/ros/humble/bin:/share/b/grading/bin:/home/ff/ee106a/bin:/home/ff/ee106a/bin/arch/x86_64:/share/b/grading/bin:/home/ff/ee106a/bin:/home/ff/ee106a/bin/arch/x86_64:/usr/local/sbin:/usr/local/bin:/usr/sbin:/usr/bin:/sbin:/bin:/usr/games:/usr/local/games:/snap/bin:/snap/bin:/share/b/grading/bin:/share/b/grading/sbin:/share/b/runas/x86_64:/share/b/bin:/home/ff/ee106a/venvs/all:/usr/local/sbin:/usr/local/bin:/usr/sbin:/usr/bin:/sbin:/bin:/share/b/grading/bin:/share/b/grading/sbin:/share/b/runas/x86_64:/share/b/bin:/home/ff/ee106a/venvs/all'), ('SESSION_MANAGER', 'local/c105-6:@/tmp/.ICE-unix/765526,unix/c105-6:/tmp/.ICE-unix/765526'), ('OS', 'Linux'), ('XDG_RUNTIME_DIR', '/run/user/90081'), ('DISPLAY', ':1'), ('LANG', 'en_US.UTF-8'), ('XDG_CURRENT_DESKTOP', 'MATE'), ('XDG_DATA_HOME', '/home/cc/ee106a/fa25/class/ee106a-add/.local/share'), ('XDG_CONFIG_HOME', '/home/cc/ee106a/fa25/class/ee106a-add/.config'), ('XMODIFIERS', '@im=ibus'), ('XDG_SESSION_DESKTOP', 'mate'), ('XAUTHORITY', '/run/user/90081/gdm/Xauthority'), ('SSH_AUTH_SOCK', '/run/user/90081/keyring/ssh'), ('ROS_DOMAIN_ID', '26'), ('AMENT_PREFIX_PATH', '/home/cc/ee106a/fa25/class/ee106a-add/106A-CATCH/CATCH/install/ros2_aruco_interfaces:/home/cc/ee106a/fa25/class/ee106a-add/106A-CATCH/CATCH/install/ros2_aruco:/home/cc/ee106a/fa25/class/ee106a-add/106A-CATCH/CATCH/install/planning:/home/cc/ee106a/fa25/class/ee106a-add/106A-CATCH/CATCH/install/perception:/home/cc/ee106a/fa25/class/ee106a-add/106A-CATCH/CATCH/install/catch_custom_msgs:/home/ff/ee106a/robot_workspaces/ur/install/ur7e_utils:/opt/ros/humble'), ('SHELL', '/usr/bin/bash'), ('QT_ACCESSIBILITY', '1'), ('EE106_UR_ROBOT_NAME', 'baymax'), ('GDMSESSION', 'mate'), ('RUNAS', '/share/b/runas/x86_64'), ('GPG_AGENT_INFO', '/run/user/90081/gnupg/S.gpg-agent:0:1'), ('CONFIG_SHELL', '/usr/bin/ksh'), ('QT_IM_MODULE', 'ibus'), ('PWD', '/home/cc/ee106a/fa25/class/ee106a-add/106A-CATCH/CATCH/build/ros2_aruco_interfaces'), ('EE106_ENV_SETUP', 'ur_ros2'), ('CONTAINER_ID', 'ros2'), ('LC_ALL', 'C.UTF-8'), ('XDG_CONFIG_DIRS', '/etc/xdg/xdg-mate:/etc/xdg'), ('CLUTTER_IM_MODULE', 'ibus'), ('XDG_DATA_DIRS', '/usr/share/mate:/usr/share/mate:/usr/share/gnome:/home/cc/ee106a/fa25/class/ee106a-add/.local/share/flatpak/exports/share:/var/lib/flatpak/exports/share:/usr/local/share/:/usr/share/:/var/lib/snapd/desktop:/usr/local/share:/usr/share'), ('PYTHONPATH', '/home/cc/ee106a/fa25/class/ee106a-add/106A-CATCH/CATCH/install/ros2_aruco_interfaces/local/lib/python3.10/dist-packages:/home/cc/ee106a/fa25/class/ee106a-add/106A-CATCH/CATCH/install/ros2_aruco/lib/python3.10/site-packages:/home/cc/ee106a/fa25/class/ee106a-add/106A-CATCH/CATCH/install/planning/lib/python3.10/site-packages:/home/cc/ee106a/fa25/class/ee106a-add/106A-CATCH/CATCH/install/perception/lib/python3.10/site-packages:/home/cc/ee106a/fa25/class/ee106a-add/106A-CATCH/CATCH/install/catch_custom_msgs/local/lib/python3.10/dist-packages:/home/ff/ee106a/robot_workspaces/ur/install/ur7e_utils/lib/python3.10/site-packages:/opt/ros/humble/lib/python3.10/site-packages:/opt/ros/humble/local/lib/python3.10/dist-packages'), ('MATE_DESKTOP_SESSION_ID', 'this-is-deprecated'), ('COLCON', '1'), ('MANPATH', '/usr/local/man:/usr/man:/usr/X11/man:/usr/local/man:/share/b/grading/man:/usr/local/man:/usr/man:/usr/X11/man:/usr/local/man:/share/b/grading/man:'), ('VTE_VERSION', '6800'), ('EDITOR', 'emacs'), ('CMAKE_PREFIX_PATH', '/home/cc/ee106a/fa25/class/ee106a-add/106A-CATCH/CATCH/install/ros2_aruco_interfaces:/home/cc/ee106a/fa25/class/ee106a-add/106A-CATCH/CATCH/install/catch_custom_msgs:/home/cc/ee106a/fa25/class/ee106a-add/106A-CATCH/CATCH/install/ros2_aruco:/home/cc/ee106a/fa25/class/ee106a-add/106A-CATCH/CATCH/install/planning:/home/cc/ee106a/fa25/class/ee106a-add/106A-CATCH/CATCH/install/perception:/home/ff/ee106a/robot_workspaces/ur/install/ur7e_utils:/opt/ros/humble'), ('QT_FONT_DPI', '122')]), 'shell': False}
[2.024750] (ros2_aruco_interfaces) StdoutLine: {'line': b'-- Install configuration: ""\n'}
[2.025883] (ros2_aruco_interfaces) StdoutLine: {'line': b'-- Up-to-date: /home/cc/ee106a/fa25/class/ee106a-add/106A-CATCH/CATCH/install/ros2_aruco_interfaces/share/ament_index/resource_index/rosidl_interfaces/ros2_aruco_interfaces\n'}
[2.027417] (ros2_aruco_interfaces) StdoutLine: {'line': b'-- Up-to-date: /home/cc/ee106a/fa25/class/ee106a-add/106A-CATCH/CATCH/install/ros2_aruco_interfaces/include/ros2_aruco_interfaces/ros2_aruco_interfaces\n'}
[2.028635] (ros2_aruco_interfaces) StdoutLine: {'line': b'-- Up-to-date: /home/cc/ee106a/fa25/class/ee106a-add/106A-CATCH/CATCH/install/ros2_aruco_interfaces/include/ros2_aruco_interfaces/ros2_aruco_interfaces/msg\n'}
[2.030115] (ros2_aruco_interfaces) StdoutLine: {'line': b'-- Up-to-date: /home/cc/ee106a/fa25/class/ee106a-add/106A-CATCH/CATCH/install/ros2_aruco_interfaces/include/ros2_aruco_interfaces/ros2_aruco_interfaces/msg/aruco_markers.h\n'}
[2.031103] (ros2_aruco_interfaces) StdoutLine: {'line': b'-- Up-to-date: /home/cc/ee106a/fa25/class/ee106a-add/106A-CATCH/CATCH/install/ros2_aruco_interfaces/include/ros2_aruco_interfaces/ros2_aruco_interfaces/msg/rosidl_generator_c__visibility_control.h\n'}
[2.032225] (ros2_aruco_interfaces) StdoutLine: {'line': b'-- Up-to-date: /home/cc/ee106a/fa25/class/ee106a-add/106A-CATCH/CATCH/install/ros2_aruco_interfaces/include/ros2_aruco_interfaces/ros2_aruco_interfaces/msg/detail\n'}
[2.033807] (ros2_aruco_interfaces) StdoutLine: {'line': b'-- Up-to-date: /home/cc/ee106a/fa25/class/ee106a-add/106A-CATCH/CATCH/install/ros2_aruco_interfaces/include/ros2_aruco_interfaces/ros2_aruco_interfaces/msg/detail/aruco_markers__functions.c\n'}
[2.034933] (ros2_aruco_interfaces) StdoutLine: {'line': b'-- Up-to-date: /home/cc/ee106a/fa25/class/ee106a-add/106A-CATCH/CATCH/install/ros2_aruco_interfaces/include/ros2_aruco_interfaces/ros2_aruco_interfaces/msg/detail/aruco_markers__functions.h\n'}
[2.035658] (ros2_aruco_interfaces) StdoutLine: {'line': b'-- Up-to-date: /home/cc/ee106a/fa25/class/ee106a-add/106A-CATCH/CATCH/install/ros2_aruco_interfaces/include/ros2_aruco_interfaces/ros2_aruco_interfaces/msg/detail/aruco_markers__struct.h\n'}
[2.036301] (ros2_aruco_interfaces) StdoutLine: {'line': b'-- Up-to-date: /home/cc/ee106a/fa25/class/ee106a-add/106A-CATCH/CATCH/install/ros2_aruco_interfaces/include/ros2_aruco_interfaces/ros2_aruco_interfaces/msg/detail/aruco_markers__type_support.h\n'}
[2.037950] (ros2_aruco_interfaces) StdoutLine: {'line': b'-- Up-to-date: /home/cc/ee106a/fa25/class/ee106a-add/106A-CATCH/CATCH/install/ros2_aruco_interfaces/share/ros2_aruco_interfaces/environment/library_path.sh\n'}
[2.039073] (ros2_aruco_interfaces) StdoutLine: {'line': b'-- Up-to-date: /home/cc/ee106a/fa25/class/ee106a-add/106A-CATCH/CATCH/install/ros2_aruco_interfaces/share/ros2_aruco_interfaces/environment/library_path.dsv\n'}
[2.042047] (ros2_aruco_interfaces) StdoutLine: {'line': b'-- Up-to-date: /home/cc/ee106a/fa25/class/ee106a-add/106A-CATCH/CATCH/install/ros2_aruco_interfaces/lib/libros2_aruco_interfaces__rosidl_generator_c.so\n'}
[2.044810] (ros2_aruco_interfaces) StdoutLine: {'line': b'-- Up-to-date: /home/cc/ee106a/fa25/class/ee106a-add/106A-CATCH/CATCH/install/ros2_aruco_interfaces/include/ros2_aruco_interfaces/ros2_aruco_interfaces\n'}
[2.046047] (ros2_aruco_interfaces) StdoutLine: {'line': b'-- Up-to-date: /home/cc/ee106a/fa25/class/ee106a-add/106A-CATCH/CATCH/install/ros2_aruco_interfaces/include/ros2_aruco_interfaces/ros2_aruco_interfaces/msg\n'}
[2.047385] (ros2_aruco_interfaces) StdoutLine: {'line': b'-- Up-to-date: /home/cc/ee106a/fa25/class/ee106a-add/106A-CATCH/CATCH/install/ros2_aruco_interfaces/include/ros2_aruco_interfaces/ros2_aruco_interfaces/msg/detail\n'}
[2.048672] (ros2_aruco_interfaces) StdoutLine: {'line': b'-- Up-to-date: /home/cc/ee106a/fa25/class/ee106a-add/106A-CATCH/CATCH/install/ros2_aruco_interfaces/include/ros2_aruco_interfaces/ros2_aruco_interfaces/msg/detail/aruco_markers__rosidl_typesupport_fastrtps_c.h\n'}
[2.049233] (ros2_aruco_interfaces) StdoutLine: {'line': b'-- Up-to-date: /home/cc/ee106a/fa25/class/ee106a-add/106A-CATCH/CATCH/install/ros2_aruco_interfaces/include/ros2_aruco_interfaces/ros2_aruco_interfaces/msg/rosidl_typesupport_fastrtps_c__visibility_control.h\n'}
[2.052461] (ros2_aruco_interfaces) StdoutLine: {'line': b'-- Up-to-date: /home/cc/ee106a/fa25/class/ee106a-add/106A-CATCH/CATCH/install/ros2_aruco_interfaces/lib/libros2_aruco_interfaces__rosidl_typesupport_fastrtps_c.so\n'}
[2.055420] (ros2_aruco_interfaces) StdoutLine: {'line': b'-- Up-to-date: /home/cc/ee106a/fa25/class/ee106a-add/106A-CATCH/CATCH/install/ros2_aruco_interfaces/include/ros2_aruco_interfaces/ros2_aruco_interfaces\n'}
[2.056528] (ros2_aruco_interfaces) StdoutLine: {'line': b'-- Up-to-date: /home/cc/ee106a/fa25/class/ee106a-add/106A-CATCH/CATCH/install/ros2_aruco_interfaces/include/ros2_aruco_interfaces/ros2_aruco_interfaces/msg\n'}
[2.057816] (ros2_aruco_interfaces) StdoutLine: {'line': b'-- Up-to-date: /home/cc/ee106a/fa25/class/ee106a-add/106A-CATCH/CATCH/install/ros2_aruco_interfaces/include/ros2_aruco_interfaces/ros2_aruco_interfaces/msg/aruco_markers.hpp\n'}
[2.058409] (ros2_aruco_interfaces) StdoutLine: {'line': b'-- Up-to-date: /home/cc/ee106a/fa25/class/ee106a-add/106A-CATCH/CATCH/install/ros2_aruco_interfaces/include/ros2_aruco_interfaces/ros2_aruco_interfaces/msg/rosidl_generator_cpp__visibility_control.hpp\n'}
[2.059321] (ros2_aruco_interfaces) StdoutLine: {'line': b'-- Up-to-date: /home/cc/ee106a/fa25/class/ee106a-add/106A-CATCH/CATCH/install/ros2_aruco_interfaces/include/ros2_aruco_interfaces/ros2_aruco_interfaces/msg/detail\n'}
[2.060635] (ros2_aruco_interfaces) StdoutLine: {'line': b'-- Up-to-date: /home/cc/ee106a/fa25/class/ee106a-add/106A-CATCH/CATCH/install/ros2_aruco_interfaces/include/ros2_aruco_interfaces/ros2_aruco_interfaces/msg/detail/aruco_markers__builder.hpp\n'}
[2.061226] (ros2_aruco_interfaces) StdoutLine: {'line': b'-- Up-to-date: /home/cc/ee106a/fa25/class/ee106a-add/106A-CATCH/CATCH/install/ros2_aruco_interfaces/include/ros2_aruco_interfaces/ros2_aruco_interfaces/msg/detail/aruco_markers__struct.hpp\n'}
[2.062096] (ros2_aruco_interfaces) StdoutLine: {'line': b'-- Up-to-date: /home/cc/ee106a/fa25/class/ee106a-add/106A-CATCH/CATCH/install/ros2_aruco_interfaces/include/ros2_aruco_interfaces/ros2_aruco_interfaces/msg/detail/aruco_markers__traits.hpp\n'}
[2.062764] (ros2_aruco_interfaces) StdoutLine: {'line': b'-- Up-to-date: /home/cc/ee106a/fa25/class/ee106a-add/106A-CATCH/CATCH/install/ros2_aruco_interfaces/include/ros2_aruco_interfaces/ros2_aruco_interfaces/msg/detail/aruco_markers__type_support.hpp\n'}
[2.063232] (ros2_aruco_interfaces) StdoutLine: {'line': b'-- Up-to-date: /home/cc/ee106a/fa25/class/ee106a-add/106A-CATCH/CATCH/install/ros2_aruco_interfaces/include/ros2_aruco_interfaces/ros2_aruco_interfaces\n'}
[2.064578] (ros2_aruco_interfaces) StdoutLine: {'line': b'-- Up-to-date: /home/cc/ee106a/fa25/class/ee106a-add/106A-CATCH/CATCH/install/ros2_aruco_interfaces/include/ros2_aruco_interfaces/ros2_aruco_interfaces/msg\n'}
[2.065718] (ros2_aruco_interfaces) StdoutLine: {'line': b'-- Up-to-date: /home/cc/ee106a/fa25/class/ee106a-add/106A-CATCH/CATCH/install/ros2_aruco_interfaces/include/ros2_aruco_interfaces/ros2_aruco_interfaces/msg/detail\n'}
[2.066954] (ros2_aruco_interfaces) StdoutLine: {'line': b'-- Up-to-date: /home/cc/ee106a/fa25/class/ee106a-add/106A-CATCH/CATCH/install/ros2_aruco_interfaces/include/ros2_aruco_interfaces/ros2_aruco_interfaces/msg/detail/aruco_markers__rosidl_typesupport_fastrtps_cpp.hpp\n'}
[2.067736] (ros2_aruco_interfaces) StdoutLine: {'line': b'-- Up-to-date: /home/cc/ee106a/fa25/class/ee106a-add/106A-CATCH/CATCH/install/ros2_aruco_interfaces/include/ros2_aruco_interfaces/ros2_aruco_interfaces/msg/detail/dds_fastrtps\n'}
[2.068651] (ros2_aruco_interfaces) StdoutLine: {'line': b'-- Up-to-date: /home/cc/ee106a/fa25/class/ee106a-add/106A-CATCH/CATCH/install/ros2_aruco_interfaces/include/ros2_aruco_interfaces/ros2_aruco_interfaces/msg/rosidl_typesupport_fastrtps_cpp__visibility_control.h\n'}
[2.071777] (ros2_aruco_interfaces) StdoutLine: {'line': b'-- Up-to-date: /home/cc/ee106a/fa25/class/ee106a-add/106A-CATCH/CATCH/install/ros2_aruco_interfaces/lib/libros2_aruco_interfaces__rosidl_typesupport_fastrtps_cpp.so\n'}
[2.075073] (ros2_aruco_interfaces) StdoutLine: {'line': b'-- Up-to-date: /home/cc/ee106a/fa25/class/ee106a-add/106A-CATCH/CATCH/install/ros2_aruco_interfaces/include/ros2_aruco_interfaces/ros2_aruco_interfaces\n'}
[2.076210] (ros2_aruco_interfaces) StdoutLine: {'line': b'-- Up-to-date: /home/cc/ee106a/fa25/class/ee106a-add/106A-CATCH/CATCH/install/ros2_aruco_interfaces/include/ros2_aruco_interfaces/ros2_aruco_interfaces/msg\n'}
[2.077661] (ros2_aruco_interfaces) StdoutLine: {'line': b'-- Up-to-date: /home/cc/ee106a/fa25/class/ee106a-add/106A-CATCH/CATCH/install/ros2_aruco_interfaces/include/ros2_aruco_interfaces/ros2_aruco_interfaces/msg/detail\n'}
[2.079073] (ros2_aruco_interfaces) StdoutLine: {'line': b'-- Up-to-date: /home/cc/ee106a/fa25/class/ee106a-add/106A-CATCH/CATCH/install/ros2_aruco_interfaces/include/ros2_aruco_interfaces/ros2_aruco_interfaces/msg/detail/aruco_markers__rosidl_typesupport_introspection_c.h\n'}
[2.080662] (ros2_aruco_interfaces) StdoutLine: {'line': b'-- Up-to-date: /home/cc/ee106a/fa25/class/ee106a-add/106A-CATCH/CATCH/install/ros2_aruco_interfaces/include/ros2_aruco_interfaces/ros2_aruco_interfaces/msg/detail/aruco_markers__type_support.c\n'}
[2.081134] (ros2_aruco_interfaces) StdoutLine: {'line': b'-- Up-to-date: /home/cc/ee106a/fa25/class/ee106a-add/106A-CATCH/CATCH/install/ros2_aruco_interfaces/include/ros2_aruco_interfaces/ros2_aruco_interfaces/msg/rosidl_typesupport_introspection_c__visibility_control.h\n'}
[2.084379] (ros2_aruco_interfaces) StdoutLine: {'line': b'-- Up-to-date: /home/cc/ee106a/fa25/class/ee106a-add/106A-CATCH/CATCH/install/ros2_aruco_interfaces/lib/libros2_aruco_interfaces__rosidl_typesupport_introspection_c.so\n'}
[2.089370] (ros2_aruco_interfaces) StdoutLine: {'line': b'-- Up-to-date: /home/cc/ee106a/fa25/class/ee106a-add/106A-CATCH/CATCH/install/ros2_aruco_interfaces/lib/libros2_aruco_interfaces__rosidl_typesupport_c.so\n'}
[2.091586] (ros2_aruco_interfaces) StdoutLine: {'line': b'-- Up-to-date: /home/cc/ee106a/fa25/class/ee106a-add/106A-CATCH/CATCH/install/ros2_aruco_interfaces/include/ros2_aruco_interfaces/ros2_aruco_interfaces\n'}
[2.093077] (ros2_aruco_interfaces) StdoutLine: {'line': b'-- Up-to-date: /home/cc/ee106a/fa25/class/ee106a-add/106A-CATCH/CATCH/install/ros2_aruco_interfaces/include/ros2_aruco_interfaces/ros2_aruco_interfaces/msg\n'}
[2.094440] (ros2_aruco_interfaces) StdoutLine: {'line': b'-- Up-to-date: /home/cc/ee106a/fa25/class/ee106a-add/106A-CATCH/CATCH/install/ros2_aruco_interfaces/include/ros2_aruco_interfaces/ros2_aruco_interfaces/msg/detail\n'}
[2.095897] (ros2_aruco_interfaces) StdoutLine: {'line': b'-- Up-to-date: /home/cc/ee106a/fa25/class/ee106a-add/106A-CATCH/CATCH/install/ros2_aruco_interfaces/include/ros2_aruco_interfaces/ros2_aruco_interfaces/msg/detail/aruco_markers__rosidl_typesupport_introspection_cpp.hpp\n'}
[2.096735] (ros2_aruco_interfaces) StdoutLine: {'line': b'-- Up-to-date: /home/cc/ee106a/fa25/class/ee106a-add/106A-CATCH/CATCH/install/ros2_aruco_interfaces/include/ros2_aruco_interfaces/ros2_aruco_interfaces/msg/detail/aruco_markers__type_support.cpp\n'}
[2.100014] (ros2_aruco_interfaces) StdoutLine: {'line': b'-- Up-to-date: /home/cc/ee106a/fa25/class/ee106a-add/106A-CATCH/CATCH/install/ros2_aruco_interfaces/lib/libros2_aruco_interfaces__rosidl_typesupport_introspection_cpp.so\n'}
[2.103427] (-) TimerEvent: {}
[2.106987] (ros2_aruco_interfaces) StdoutLine: {'line': b'-- Up-to-date: /home/cc/ee106a/fa25/class/ee106a-add/106A-CATCH/CATCH/install/ros2_aruco_interfaces/lib/libros2_aruco_interfaces__rosidl_typesupport_cpp.so\n'}
[2.111629] (ros2_aruco_interfaces) StdoutLine: {'line': b'-- Up-to-date: /home/cc/ee106a/fa25/class/ee106a-add/106A-CATCH/CATCH/install/ros2_aruco_interfaces/share/ros2_aruco_interfaces/environment/pythonpath.sh\n'}
[2.112778] (ros2_aruco_interfaces) StdoutLine: {'line': b'-- Up-to-date: /home/cc/ee106a/fa25/class/ee106a-add/106A-CATCH/CATCH/install/ros2_aruco_interfaces/share/ros2_aruco_interfaces/environment/pythonpath.dsv\n'}
[2.113631] (ros2_aruco_interfaces) StdoutLine: {'line': b'-- Up-to-date: /home/cc/ee106a/fa25/class/ee106a-add/106A-CATCH/CATCH/install/ros2_aruco_interfaces/local/lib/python3.10/dist-packages/ros2_aruco_interfaces-0.1.0-py3.10.egg-info\n'}
[2.117952] (ros2_aruco_interfaces) StdoutLine: {'line': b'-- Installing: /home/cc/ee106a/fa25/class/ee106a-add/106A-CATCH/CATCH/install/ros2_aruco_interfaces/local/lib/python3.10/dist-packages/ros2_aruco_interfaces-0.1.0-py3.10.egg-info/PKG-INFO\n'}
[2.124001] (ros2_aruco_interfaces) StdoutLine: {'line': b'-- Installing: /home/cc/ee106a/fa25/class/ee106a-add/106A-CATCH/CATCH/install/ros2_aruco_interfaces/local/lib/python3.10/dist-packages/ros2_aruco_interfaces-0.1.0-py3.10.egg-info/dependency_links.txt\n'}
[2.129667] (ros2_aruco_interfaces) StdoutLine: {'line': b'-- Installing: /home/cc/ee106a/fa25/class/ee106a-add/106A-CATCH/CATCH/install/ros2_aruco_interfaces/local/lib/python3.10/dist-packages/ros2_aruco_interfaces-0.1.0-py3.10.egg-info/top_level.txt\n'}
[2.135686] (ros2_aruco_interfaces) StdoutLine: {'line': b'-- Installing: /home/cc/ee106a/fa25/class/ee106a-add/106A-CATCH/CATCH/install/ros2_aruco_interfaces/local/lib/python3.10/dist-packages/ros2_aruco_interfaces-0.1.0-py3.10.egg-info/SOURCES.txt\n'}
[2.141601] (ros2_aruco_interfaces) StdoutLine: {'line': b'-- Up-to-date: /home/cc/ee106a/fa25/class/ee106a-add/106A-CATCH/CATCH/install/ros2_aruco_interfaces/local/lib/python3.10/dist-packages/ros2_aruco_interfaces\n'}
[2.143111] (ros2_aruco_interfaces) StdoutLine: {'line': b'-- Up-to-date: /home/cc/ee106a/fa25/class/ee106a-add/106A-CATCH/CATCH/install/ros2_aruco_interfaces/local/lib/python3.10/dist-packages/ros2_aruco_interfaces/__init__.py\n'}
[2.143760] (ros2_aruco_interfaces) StdoutLine: {'line': b'-- Up-to-date: /home/cc/ee106a/fa25/class/ee106a-add/106A-CATCH/CATCH/install/ros2_aruco_interfaces/local/lib/python3.10/dist-packages/ros2_aruco_interfaces/msg\n'}
[2.145321] (ros2_aruco_interfaces) StdoutLine: {'line': b'-- Up-to-date: /home/cc/ee106a/fa25/class/ee106a-add/106A-CATCH/CATCH/install/ros2_aruco_interfaces/local/lib/python3.10/dist-packages/ros2_aruco_interfaces/msg/_aruco_markers.py\n'}
[2.146023] (ros2_aruco_interfaces) StdoutLine: {'line': b'-- Up-to-date: /home/cc/ee106a/fa25/class/ee106a-add/106A-CATCH/CATCH/install/ros2_aruco_interfaces/local/lib/python3.10/dist-packages/ros2_aruco_interfaces/msg/_aruco_markers_s.c\n'}
[2.146905] (ros2_aruco_interfaces) StdoutLine: {'line': b'-- Up-to-date: /home/cc/ee106a/fa25/class/ee106a-add/106A-CATCH/CATCH/install/ros2_aruco_interfaces/local/lib/python3.10/dist-packages/ros2_aruco_interfaces/msg/__init__.py\n'}
[2.148423] (ros2_aruco_interfaces) StdoutLine: {'line': b'-- Up-to-date: /home/cc/ee106a/fa25/class/ee106a-add/106A-CATCH/CATCH/install/ros2_aruco_interfaces/local/lib/python3.10/dist-packages/ros2_aruco_interfaces/_ros2_aruco_interfaces_s.ep.rosidl_typesupport_fastrtps_c.c\n'}
[2.148667] (ros2_aruco_interfaces) StdoutLine: {'line': b'-- Up-to-date: /home/cc/ee106a/fa25/class/ee106a-add/106A-CATCH/CATCH/install/ros2_aruco_interfaces/local/lib/python3.10/dist-packages/ros2_aruco_interfaces/_ros2_aruco_interfaces_s.ep.rosidl_typesupport_introspection_c.c\n'}
[2.150934] (ros2_aruco_interfaces) StdoutLine: {'line': b'-- Up-to-date: /home/cc/ee106a/fa25/class/ee106a-add/106A-CATCH/CATCH/install/ros2_aruco_interfaces/local/lib/python3.10/dist-packages/ros2_aruco_interfaces/_ros2_aruco_interfaces_s.ep.rosidl_typesupport_c.c\n'}
[2.151730] (ros2_aruco_interfaces) StdoutLine: {'line': b'-- Up-to-date: /home/cc/ee106a/fa25/class/ee106a-add/106A-CATCH/CATCH/install/ros2_aruco_interfaces/local/lib/python3.10/dist-packages/ros2_aruco_interfaces/libros2_aruco_interfaces__rosidl_generator_py.so\n'}
[2.152602] (ros2_aruco_interfaces) StdoutLine: {'line': b'-- Up-to-date: /home/cc/ee106a/fa25/class/ee106a-add/106A-CATCH/CATCH/install/ros2_aruco_interfaces/local/lib/python3.10/dist-packages/ros2_aruco_interfaces/ros2_aruco_interfaces_s__rosidl_typesupport_c.cpython-310-x86_64-linux-gnu.so\n'}
[2.153540] (ros2_aruco_interfaces) StdoutLine: {'line': b'-- Up-to-date: /home/cc/ee106a/fa25/class/ee106a-add/106A-CATCH/CATCH/install/ros2_aruco_interfaces/local/lib/python3.10/dist-packages/ros2_aruco_interfaces/ros2_aruco_interfaces_s__rosidl_typesupport_fastrtps_c.cpython-310-x86_64-linux-gnu.so\n'}
[2.154483] (ros2_aruco_interfaces) StdoutLine: {'line': b'-- Up-to-date: /home/cc/ee106a/fa25/class/ee106a-add/106A-CATCH/CATCH/install/ros2_aruco_interfaces/local/lib/python3.10/dist-packages/ros2_aruco_interfaces/ros2_aruco_interfaces_s__rosidl_typesupport_introspection_c.cpython-310-x86_64-linux-gnu.so\n'}
[2.203508] (-) TimerEvent: {}
[2.205219] (ros2_aruco_interfaces) StdoutLine: {'line': b"Listing '/home/cc/ee106a/fa25/class/ee106a-add/106A-CATCH/CATCH/install/ros2_aruco_interfaces/local/lib/python3.10/dist-packages/ros2_aruco_interfaces'...\n"}
[2.205314] (ros2_aruco_interfaces) StdoutLine: {'line': b"Listing '/home/cc/ee106a/fa25/class/ee106a-add/106A-CATCH/CATCH/install/ros2_aruco_interfaces/local/lib/python3.10/dist-packages/ros2_aruco_interfaces/msg'...\n"}
[2.210990] (ros2_aruco_interfaces) StdoutLine: {'line': b'-- Up-to-date: /home/cc/ee106a/fa25/class/ee106a-add/106A-CATCH/CATCH/install/ros2_aruco_interfaces/local/lib/python3.10/dist-packages/ros2_aruco_interfaces/ros2_aruco_interfaces_s__rosidl_typesupport_fastrtps_c.cpython-310-x86_64-linux-gnu.so\n'}
[2.216724] (ros2_aruco_interfaces) StdoutLine: {'line': b'-- Up-to-date: /home/cc/ee106a/fa25/class/ee106a-add/106A-CATCH/CATCH/install/ros2_aruco_interfaces/local/lib/python3.10/dist-packages/ros2_aruco_interfaces/ros2_aruco_interfaces_s__rosidl_typesupport_introspection_c.cpython-310-x86_64-linux-gnu.so\n'}
[2.222585] (ros2_aruco_interfaces) StdoutLine: {'line': b'-- Up-to-date: /home/cc/ee106a/fa25/class/ee106a-add/106A-CATCH/CATCH/install/ros2_aruco_interfaces/local/lib/python3.10/dist-packages/ros2_aruco_interfaces/ros2_aruco_interfaces_s__rosidl_typesupport_c.cpython-310-x86_64-linux-gnu.so\n'}
[2.227202] (planning) StdoutLine: {'line': b'running egg_info\n'}
[2.228036] (planning) StdoutLine: {'line': b'writing ../../build/planning/planning.egg-info/PKG-INFO\n'}
[2.228210] (ros2_aruco_interfaces) StdoutLine: {'line': b'-- Up-to-date: /home/cc/ee106a/fa25/class/ee106a-add/106A-CATCH/CATCH/install/ros2_aruco_interfaces/lib/libros2_aruco_interfaces__rosidl_generator_py.so\n'}
[2.229198] (ros2_aruco) StdoutLine: {'line': b'running egg_info\n'}
[2.230177] (ros2_aruco) StdoutLine: {'line': b'writing ../../../build/ros2_aruco/ros2_aruco.egg-info/PKG-INFO\n'}
[2.231554] (planning) StdoutLine: {'line': b'writing dependency_links to ../../build/planning/planning.egg-info/dependency_links.txt\n'}
[2.232682] (ros2_aruco_interfaces) StdoutLine: {'line': b'-- Up-to-date: /home/cc/ee106a/fa25/class/ee106a-add/106A-CATCH/CATCH/install/ros2_aruco_interfaces/share/ros2_aruco_interfaces/msg/ArucoMarkers.idl\n'}
[2.233670] (ros2_aruco_interfaces) StdoutLine: {'line': b'-- Up-to-date: /home/cc/ee106a/fa25/class/ee106a-add/106A-CATCH/CATCH/install/ros2_aruco_interfaces/share/ros2_aruco_interfaces/msg/ArucoMarkers.msg\n'}
[2.234183] (ros2_aruco) StdoutLine: {'line': b'writing dependency_links to ../../../build/ros2_aruco/ros2_aruco.egg-info/dependency_links.txt\n'}
[2.235000] (planning) StdoutLine: {'line': b'writing entry points to ../../build/planning/planning.egg-info/entry_points.txt\n'}
[2.235473] (ros2_aruco_interfaces) StdoutLine: {'line': b'-- Up-to-date: /home/cc/ee106a/fa25/class/ee106a-add/106A-CATCH/CATCH/install/ros2_aruco_interfaces/share/ament_index/resource_index/package_run_dependencies/ros2_aruco_interfaces\n'}
[2.236413] (ros2_aruco_interfaces) StdoutLine: {'line': b'-- Up-to-date: /home/cc/ee106a/fa25/class/ee106a-add/106A-CATCH/CATCH/install/ros2_aruco_interfaces/share/ament_index/resource_index/parent_prefix_path/ros2_aruco_interfaces\n'}
[2.237289] (planning) StdoutLine: {'line': b'writing requirements to ../../build/planning/planning.egg-info/requires.txt\n'}
[2.237739] (ros2_aruco_interfaces) StdoutLine: {'line': b'-- Up-to-date: /home/cc/ee106a/fa25/class/ee106a-add/106A-CATCH/CATCH/install/ros2_aruco_interfaces/share/ros2_aruco_interfaces/environment/ament_prefix_path.sh\n'}
[2.237797] (ros2_aruco) StdoutLine: {'line': b'writing entry points to ../../../build/ros2_aruco/ros2_aruco.egg-info/entry_points.txt\n'}
[2.238756] (ros2_aruco_interfaces) StdoutLine: {'line': b'-- Up-to-date: /home/cc/ee106a/fa25/class/ee106a-add/106A-CATCH/CATCH/install/ros2_aruco_interfaces/share/ros2_aruco_interfaces/environment/ament_prefix_path.dsv\n'}
[2.239161] (perception) StdoutLine: {'line': b'running egg_info\n'}
[2.239759] (planning) StdoutLine: {'line': b'writing top-level names to ../../build/planning/planning.egg-info/top_level.txt\n'}
[2.239978] (ros2_aruco_interfaces) StdoutLine: {'line': b'-- Up-to-date: /home/cc/ee106a/fa25/class/ee106a-add/106A-CATCH/CATCH/install/ros2_aruco_interfaces/share/ros2_aruco_interfaces/environment/path.sh\n'}
[2.240463] (perception) StdoutLine: {'line': b'writing ../../build/perception/perception.egg-info/PKG-INFO\n'}
[2.240531] (ros2_aruco) StdoutLine: {'line': b'writing requirements to ../../../build/ros2_aruco/ros2_aruco.egg-info/requires.txt\n'}
[2.240927] (ros2_aruco_interfaces) StdoutLine: {'line': b'-- Up-to-date: /home/cc/ee106a/fa25/class/ee106a-add/106A-CATCH/CATCH/install/ros2_aruco_interfaces/share/ros2_aruco_interfaces/environment/path.dsv\n'}
[2.241661] (ros2_aruco_interfaces) StdoutLine: {'line': b'-- Up-to-date: /home/cc/ee106a/fa25/class/ee106a-add/106A-CATCH/CATCH/install/ros2_aruco_interfaces/share/ros2_aruco_interfaces/local_setup.bash\n'}
[2.242474] (ros2_aruco_interfaces) StdoutLine: {'line': b'-- Up-to-date: /home/cc/ee106a/fa25/class/ee106a-add/106A-CATCH/CATCH/install/ros2_aruco_interfaces/share/ros2_aruco_interfaces/local_setup.sh\n'}
[2.243243] (ros2_aruco_interfaces) StdoutLine: {'line': b'-- Up-to-date: /home/cc/ee106a/fa25/class/ee106a-add/106A-CATCH/CATCH/install/ros2_aruco_interfaces/share/ros2_aruco_interfaces/local_setup.zsh\n'}
[2.243660] (ros2_aruco) StdoutLine: {'line': b'writing top-level names to ../../../build/ros2_aruco/ros2_aruco.egg-info/top_level.txt\n'}
[2.243765] (perception) StdoutLine: {'line': b'writing dependency_links to ../../build/perception/perception.egg-info/dependency_links.txt\n'}
[2.244405] (ros2_aruco_interfaces) StdoutLine: {'line': b'-- Up-to-date: /home/cc/ee106a/fa25/class/ee106a-add/106A-CATCH/CATCH/install/ros2_aruco_interfaces/share/ros2_aruco_interfaces/local_setup.dsv\n'}
[2.245699] (ros2_aruco_interfaces) StdoutLine: {'line': b'-- Installing: /home/cc/ee106a/fa25/class/ee106a-add/106A-CATCH/CATCH/install/ros2_aruco_interfaces/share/ros2_aruco_interfaces/package.dsv\n'}
[2.247622] (perception) StdoutLine: {'line': b'writing entry points to ../../build/perception/perception.egg-info/entry_points.txt\n'}
[2.250334] (perception) StdoutLine: {'line': b'writing requirements to ../../build/perception/perception.egg-info/requires.txt\n'}
[2.252381] (planning) StdoutLine: {'line': b"reading manifest file '../../build/planning/planning.egg-info/SOURCES.txt'\n"}
[2.253699] (perception) StdoutLine: {'line': b'writing top-level names to ../../build/perception/perception.egg-info/top_level.txt\n'}
[2.255089] (ros2_aruco_interfaces) StdoutLine: {'line': b'-- Up-to-date: /home/cc/ee106a/fa25/class/ee106a-add/106A-CATCH/CATCH/install/ros2_aruco_interfaces/share/ament_index/resource_index/packages/ros2_aruco_interfaces\n'}
[2.255705] (ros2_aruco) StdoutLine: {'line': b"reading manifest file '../../../build/ros2_aruco/ros2_aruco.egg-info/SOURCES.txt'\n"}
[2.256137] (planning) StdoutLine: {'line': b"writing manifest file '../../build/planning/planning.egg-info/SOURCES.txt'\n"}
[2.258436] (planning) StdoutLine: {'line': b'running build\n'}
[2.258494] (planning) StdoutLine: {'line': b'running build_py\n'}
[2.259112] (ros2_aruco) StdoutLine: {'line': b"writing manifest file '../../../build/ros2_aruco/ros2_aruco.egg-info/SOURCES.txt'\n"}
[2.259639] (planning) StdoutLine: {'line': b'running install\n'}
[2.259977] (planning) StdoutLine: {'line': b'running install_lib\n'}
[2.260859] (ros2_aruco_interfaces) StdoutLine: {'line': b'-- Up-to-date: /home/cc/ee106a/fa25/class/ee106a-add/106A-CATCH/CATCH/install/ros2_aruco_interfaces/share/ros2_aruco_interfaces/cmake/export_ros2_aruco_interfaces__rosidl_generator_cExport.cmake\n'}
[2.261290] (ros2_aruco) StdoutLine: {'line': b'running build\n'}
[2.261341] (ros2_aruco) StdoutLine: {'line': b'running build_py\n'}
[2.261878] (ros2_aruco) StdoutLine: {'line': b'running install\n'}
[2.261952] (ros2_aruco_interfaces) StdoutLine: {'line': b'-- Up-to-date: /home/cc/ee106a/fa25/class/ee106a-add/106A-CATCH/CATCH/install/ros2_aruco_interfaces/share/ros2_aruco_interfaces/cmake/export_ros2_aruco_interfaces__rosidl_generator_cExport-noconfig.cmake\n'}
[2.262213] (ros2_aruco) StdoutLine: {'line': b'running install_lib\n'}
[2.264020] (planning) StdoutLine: {'line': b'running install_data\n'}
[2.264622] (perception) StdoutLine: {'line': b"reading manifest file '../../build/perception/perception.egg-info/SOURCES.txt'\n"}
[2.267988] (planning) StdoutLine: {'line': b'running install_egg_info\n'}
[2.268564] (ros2_aruco) StdoutLine: {'line': b'running install_data\n'}
[2.269264] (ros2_aruco_interfaces) StdoutLine: {'line': b'-- Up-to-date: /home/cc/ee106a/fa25/class/ee106a-add/106A-CATCH/CATCH/install/ros2_aruco_interfaces/share/ros2_aruco_interfaces/cmake/export_ros2_aruco_interfaces__rosidl_typesupport_fastrtps_cExport.cmake\n'}
[2.270661] (perception) StdoutLine: {'line': b"writing manifest file '../../build/perception/perception.egg-info/SOURCES.txt'\n"}
[2.271190] (ros2_aruco_interfaces) StdoutLine: {'line': b'-- Up-to-date: /home/cc/ee106a/fa25/class/ee106a-add/106A-CATCH/CATCH/install/ros2_aruco_interfaces/share/ros2_aruco_interfaces/cmake/export_ros2_aruco_interfaces__rosidl_typesupport_fastrtps_cExport-noconfig.cmake\n'}
[2.272497] (ros2_aruco) StdoutLine: {'line': b'running install_egg_info\n'}
[2.273677] (perception) StdoutLine: {'line': b'running build\n'}
[2.273894] (perception) StdoutLine: {'line': b'running build_py\n'}
[2.274088] (planning) StdoutLine: {'line': b"removing '/home/cc/ee106a/fa25/class/ee106a-add/106A-CATCH/CATCH/install/planning/lib/python3.10/site-packages/planning-0.0.0-py3.10.egg-info' (and everything under it)\n"}
[2.274323] (perception) StdoutLine: {'line': b'copying perception/ball_trajectory_estimator.py -> /home/cc/ee106a/fa25/class/ee106a-add/106A-CATCH/CATCH/build/perception/build/lib/perception\n'}
[2.274706] (ros2_aruco_interfaces) StdoutLine: {'line': b'-- Up-to-date: /home/cc/ee106a/fa25/class/ee106a-add/106A-CATCH/CATCH/install/ros2_aruco_interfaces/share/ros2_aruco_interfaces/cmake/export_ros2_aruco_interfaces__rosidl_generator_cppExport.cmake\n'}
[2.276456] (ros2_aruco) StdoutLine: {'line': b"removing '/home/cc/ee106a/fa25/class/ee106a-add/106A-CATCH/CATCH/install/ros2_aruco/lib/python3.10/site-packages/ros2_aruco-0.1.0-py3.10.egg-info' (and everything under it)\n"}
[2.278745] (ros2_aruco_interfaces) StdoutLine: {'line': b'-- Up-to-date: /home/cc/ee106a/fa25/class/ee106a-add/106A-CATCH/CATCH/install/ros2_aruco_interfaces/share/ros2_aruco_interfaces/cmake/export_ros2_aruco_interfaces__rosidl_typesupport_fastrtps_cppExport.cmake\n'}
[2.279887] (perception) StdoutLine: {'line': b'running install\n'}
[2.280107] (ros2_aruco_interfaces) StdoutLine: {'line': b'-- Up-to-date: /home/cc/ee106a/fa25/class/ee106a-add/106A-CATCH/CATCH/install/ros2_aruco_interfaces/share/ros2_aruco_interfaces/cmake/export_ros2_aruco_interfaces__rosidl_typesupport_fastrtps_cppExport-noconfig.cmake\n'}
[2.280337] (perception) StdoutLine: {'line': b'running install_lib\n'}
[2.280487] (planning) StdoutLine: {'line': b'Copying ../../build/planning/planning.egg-info to /home/cc/ee106a/fa25/class/ee106a-add/106A-CATCH/CATCH/install/planning/lib/python3.10/site-packages/planning-0.0.0-py3.10.egg-info\n'}
[2.283082] (perception) StdoutLine: {'line': b'copying /home/cc/ee106a/fa25/class/ee106a-add/106A-CATCH/CATCH/build/perception/build/lib/perception/ball_trajectory_estimator.py -> /home/cc/ee106a/fa25/class/ee106a-add/106A-CATCH/CATCH/install/perception/lib/python3.10/site-packages/perception\n'}
[2.284371] (ros2_aruco) StdoutLine: {'line': b'Copying ../../../build/ros2_aruco/ros2_aruco.egg-info to /home/cc/ee106a/fa25/class/ee106a-add/106A-CATCH/CATCH/install/ros2_aruco/lib/python3.10/site-packages/ros2_aruco-0.1.0-py3.10.egg-info\n'}
[2.285408] (ros2_aruco_interfaces) StdoutLine: {'line': b'-- Up-to-date: /home/cc/ee106a/fa25/class/ee106a-add/106A-CATCH/CATCH/install/ros2_aruco_interfaces/share/ros2_aruco_interfaces/cmake/ros2_aruco_interfaces__rosidl_typesupport_introspection_cExport.cmake\n'}
[2.286633] (ros2_aruco_interfaces) StdoutLine: {'line': b'-- Up-to-date: /home/cc/ee106a/fa25/class/ee106a-add/106A-CATCH/CATCH/install/ros2_aruco_interfaces/share/ros2_aruco_interfaces/cmake/ros2_aruco_interfaces__rosidl_typesupport_introspection_cExport-noconfig.cmake\n'}
[2.292100] (ros2_aruco_interfaces) StdoutLine: {'line': b'-- Up-to-date: /home/cc/ee106a/fa25/class/ee106a-add/106A-CATCH/CATCH/install/ros2_aruco_interfaces/share/ros2_aruco_interfaces/cmake/ros2_aruco_interfaces__rosidl_typesupport_cExport.cmake\n'}
[2.293333] (ros2_aruco_interfaces) StdoutLine: {'line': b'-- Up-to-date: /home/cc/ee106a/fa25/class/ee106a-add/106A-CATCH/CATCH/install/ros2_aruco_interfaces/share/ros2_aruco_interfaces/cmake/ros2_aruco_interfaces__rosidl_typesupport_cExport-noconfig.cmake\n'}
[2.295341] (perception) StdoutLine: {'line': b'byte-compiling /home/cc/ee106a/fa25/class/ee106a-add/106A-CATCH/CATCH/install/perception/lib/python3.10/site-packages/perception/ball_trajectory_estimator.py to ball_trajectory_estimator.cpython-310.pyc\n'}
[2.298875] (ros2_aruco_interfaces) StdoutLine: {'line': b'-- Up-to-date: /home/cc/ee106a/fa25/class/ee106a-add/106A-CATCH/CATCH/install/ros2_aruco_interfaces/share/ros2_aruco_interfaces/cmake/ros2_aruco_interfaces__rosidl_typesupport_introspection_cppExport.cmake\n'}
[2.300027] (ros2_aruco_interfaces) StdoutLine: {'line': b'-- Up-to-date: /home/cc/ee106a/fa25/class/ee106a-add/106A-CATCH/CATCH/install/ros2_aruco_interfaces/share/ros2_aruco_interfaces/cmake/ros2_aruco_interfaces__rosidl_typesupport_introspection_cppExport-noconfig.cmake\n'}
[2.303593] (-) TimerEvent: {}
[2.306038] (ros2_aruco_interfaces) StdoutLine: {'line': b'-- Up-to-date: /home/cc/ee106a/fa25/class/ee106a-add/106A-CATCH/CATCH/install/ros2_aruco_interfaces/share/ros2_aruco_interfaces/cmake/ros2_aruco_interfaces__rosidl_typesupport_cppExport.cmake\n'}
[2.306781] (perception) StdoutLine: {'line': b'running install_data\n'}
[2.307444] (ros2_aruco_interfaces) StdoutLine: {'line': b'-- Up-to-date: /home/cc/ee106a/fa25/class/ee106a-add/106A-CATCH/CATCH/install/ros2_aruco_interfaces/share/ros2_aruco_interfaces/cmake/ros2_aruco_interfaces__rosidl_typesupport_cppExport-noconfig.cmake\n'}
[2.308764] (perception) StdoutLine: {'line': b'running install_egg_info\n'}
[2.311029] (ros2_aruco_interfaces) StdoutLine: {'line': b'-- Up-to-date: /home/cc/ee106a/fa25/class/ee106a-add/106A-CATCH/CATCH/install/ros2_aruco_interfaces/share/ros2_aruco_interfaces/cmake/export_ros2_aruco_interfaces__rosidl_generator_pyExport.cmake\n'}
[2.311248] (perception) StdoutLine: {'line': b"removing '/home/cc/ee106a/fa25/class/ee106a-add/106A-CATCH/CATCH/install/perception/lib/python3.10/site-packages/perception-0.0.0-py3.10.egg-info' (and everything under it)\n"}
[2.312319] (ros2_aruco_interfaces) StdoutLine: {'line': b'-- Up-to-date: /home/cc/ee106a/fa25/class/ee106a-add/106A-CATCH/CATCH/install/ros2_aruco_interfaces/share/ros2_aruco_interfaces/cmake/export_ros2_aruco_interfaces__rosidl_generator_pyExport-noconfig.cmake\n'}
[2.313491] (ros2_aruco_interfaces) StdoutLine: {'line': b'-- Up-to-date: /home/cc/ee106a/fa25/class/ee106a-add/106A-CATCH/CATCH/install/ros2_aruco_interfaces/share/ros2_aruco_interfaces/cmake/rosidl_cmake-extras.cmake\n'}
[2.314510] (ros2_aruco_interfaces) StdoutLine: {'line': b'-- Up-to-date: /home/cc/ee106a/fa25/class/ee106a-add/106A-CATCH/CATCH/install/ros2_aruco_interfaces/share/ros2_aruco_interfaces/cmake/ament_cmake_export_dependencies-extras.cmake\n'}
[2.315525] (ros2_aruco_interfaces) StdoutLine: {'line': b'-- Up-to-date: /home/cc/ee106a/fa25/class/ee106a-add/106A-CATCH/CATCH/install/ros2_aruco_interfaces/share/ros2_aruco_interfaces/cmake/ament_cmake_export_include_directories-extras.cmake\n'}
[2.316311] (ros2_aruco_interfaces) StdoutLine: {'line': b'-- Up-to-date: /home/cc/ee106a/fa25/class/ee106a-add/106A-CATCH/CATCH/install/ros2_aruco_interfaces/share/ros2_aruco_interfaces/cmake/ament_cmake_export_libraries-extras.cmake\n'}
[2.317017] (ros2_aruco_interfaces) StdoutLine: {'line': b'-- Up-to-date: /home/cc/ee106a/fa25/class/ee106a-add/106A-CATCH/CATCH/install/ros2_aruco_interfaces/share/ros2_aruco_interfaces/cmake/ament_cmake_export_targets-extras.cmake\n'}
[2.317863] (ros2_aruco_interfaces) StdoutLine: {'line': b'-- Up-to-date: /home/cc/ee106a/fa25/class/ee106a-add/106A-CATCH/CATCH/install/ros2_aruco_interfaces/share/ros2_aruco_interfaces/cmake/rosidl_cmake_export_typesupport_targets-extras.cmake\n'}
[2.318669] (ros2_aruco_interfaces) StdoutLine: {'line': b'-- Up-to-date: /home/cc/ee106a/fa25/class/ee106a-add/106A-CATCH/CATCH/install/ros2_aruco_interfaces/share/ros2_aruco_interfaces/cmake/rosidl_cmake_export_typesupport_libraries-extras.cmake\n'}
[2.319341] (perception) StdoutLine: {'line': b'Copying ../../build/perception/perception.egg-info to /home/cc/ee106a/fa25/class/ee106a-add/106A-CATCH/CATCH/install/perception/lib/python3.10/site-packages/perception-0.0.0-py3.10.egg-info\n'}
[2.319699] (ros2_aruco_interfaces) StdoutLine: {'line': b'-- Up-to-date: /home/cc/ee106a/fa25/class/ee106a-add/106A-CATCH/CATCH/install/ros2_aruco_interfaces/share/ros2_aruco_interfaces/cmake/ros2_aruco_interfacesConfig.cmake\n'}
[2.320410] (ros2_aruco_interfaces) StdoutLine: {'line': b'-- Up-to-date: /home/cc/ee106a/fa25/class/ee106a-add/106A-CATCH/CATCH/install/ros2_aruco_interfaces/share/ros2_aruco_interfaces/cmake/ros2_aruco_interfacesConfig-version.cmake\n'}
[2.321529] (ros2_aruco_interfaces) StdoutLine: {'line': b'-- Up-to-date: /home/cc/ee106a/fa25/class/ee106a-add/106A-CATCH/CATCH/install/ros2_aruco_interfaces/share/ros2_aruco_interfaces/package.xml\n'}
[2.325742] (planning) StdoutLine: {'line': b'running install_scripts\n'}
[2.327365] (ros2_aruco) StdoutLine: {'line': b'running install_scripts\n'}
[2.329456] (ros2_aruco_interfaces) CommandEnded: {'returncode': 0}
[2.351588] (planning) StdoutLine: {'line': b'Installing main script to /home/cc/ee106a/fa25/class/ee106a-add/106A-CATCH/CATCH/install/planning/lib/planning\n'}
[2.352961] (ros2_aruco) StdoutLine: {'line': b'Installing aruco_generate_marker script to /home/cc/ee106a/fa25/class/ee106a-add/106A-CATCH/CATCH/install/ros2_aruco/lib/ros2_aruco\n'}
[2.355632] (planning) StdoutLine: {'line': b'Installing tf script to /home/cc/ee106a/fa25/class/ee106a-add/106A-CATCH/CATCH/install/planning/lib/planning\n'}
[2.355831] (perception) StdoutLine: {'line': b'running install_scripts\n'}
[2.356138] (ros2_aruco) StdoutLine: {'line': b'Installing aruco_node script to /home/cc/ee106a/fa25/class/ee106a-add/106A-CATCH/CATCH/install/ros2_aruco/lib/ros2_aruco\n'}
[2.359029] (planning) StdoutLine: {'line': b"writing list of installed files to '/home/cc/ee106a/fa25/class/ee106a-add/106A-CATCH/CATCH/build/planning/install.log'\n"}
[2.359857] (ros2_aruco) StdoutLine: {'line': b"writing list of installed files to '/home/cc/ee106a/fa25/class/ee106a-add/106A-CATCH/CATCH/build/ros2_aruco/install.log'\n"}
[2.381809] (perception) StdoutLine: {'line': b'Installing ball_trajectory_estimator script to /home/cc/ee106a/fa25/class/ee106a-add/106A-CATCH/CATCH/install/perception/lib/perception\n'}
[2.384461] (perception) StdoutLine: {'line': b'Installing blob_detector script to /home/cc/ee106a/fa25/class/ee106a-add/106A-CATCH/CATCH/install/perception/lib/perception\n'}
[2.387081] (perception) StdoutLine: {'line': b'Installing color_identifier script to /home/cc/ee106a/fa25/class/ee106a-add/106A-CATCH/CATCH/install/perception/lib/perception\n'}
[2.390046] (perception) StdoutLine: {'line': b'Installing display_plane script to /home/cc/ee106a/fa25/class/ee106a-add/106A-CATCH/CATCH/install/perception/lib/perception\n'}
[2.392567] (perception) StdoutLine: {'line': b'Installing process_depth_image script to /home/cc/ee106a/fa25/class/ee106a-add/106A-CATCH/CATCH/install/perception/lib/perception\n'}
[2.394957] (perception) StdoutLine: {'line': b'Installing zxLS script to /home/cc/ee106a/fa25/class/ee106a-add/106A-CATCH/CATCH/install/perception/lib/perception\n'}
[2.403869] (-) TimerEvent: {}
[2.411319] (perception) StdoutLine: {'line': b"writing list of installed files to '/home/cc/ee106a/fa25/class/ee106a-add/106A-CATCH/CATCH/build/perception/install.log'\n"}
[2.431601] (ros2_aruco_interfaces) JobEnded: {'identifier': 'ros2_aruco_interfaces', 'rc': 0}
[2.436506] (planning) CommandEnded: {'returncode': 0}
[2.468434] (planning) JobEnded: {'identifier': 'planning', 'rc': 0}
[2.473270] (perception) CommandEnded: {'returncode': 0}
[2.503948] (-) TimerEvent: {}
[2.506679] (perception) JobEnded: {'identifier': 'perception', 'rc': 0}
[2.511594] (ros2_aruco) CommandEnded: {'returncode': 0}
[2.549091] (ros2_aruco) JobEnded: {'identifier': 'ros2_aruco', 'rc': 0}
[2.553387] (-) EventReactorShutdown: {}
