[0.000000] (-) TimerEvent: {}
[0.000143] (mover_services) JobQueued: {'identifier': 'mover_services', 'dependencies': OrderedDict()}
[0.000173] (perception) JobQueued: {'identifier': 'perception', 'dependencies': OrderedDict()}
[0.000194] (planning) JobQueued: {'identifier': 'planning', 'dependencies': OrderedDict()}
[0.000212] (ros2_aruco) JobQueued: {'identifier': 'ros2_aruco', 'dependencies': OrderedDict()}
[0.000229] (ros2_aruco_interfaces) JobQueued: {'identifier': 'ros2_aruco_interfaces', 'dependencies': OrderedDict()}
[0.000247] (mover_services) JobStarted: {'identifier': 'mover_services'}
[0.016403] (perception) JobStarted: {'identifier': 'perception'}
[0.034579] (planning) JobStarted: {'identifier': 'planning'}
[0.053659] (ros2_aruco) JobStarted: {'identifier': 'ros2_aruco'}
[0.071740] (ros2_aruco_interfaces) JobStarted: {'identifier': 'ros2_aruco_interfaces'}
[0.084155] (mover_services) JobProgress: {'identifier': 'mover_services', 'progress': 'cmake'}
[0.091755] (mover_services) Command: {'cmd': ['/usr/bin/cmake', '/home/cc/ee106a/fa25/class/ee106a-add/106A-CATCH/lab7/src/mover_services', '-DCMAKE_INSTALL_PREFIX=/home/cc/ee106a/fa25/class/ee106a-add/106A-CATCH/lab7/src/install/mover_services'], 'cwd': '/home/cc/ee106a/fa25/class/ee106a-add/106A-CATCH/lab7/src/build/mover_services', 'env': OrderedDict([('ARCH', 'x86_64'), ('QT_SCALE_FACTOR', '1'), ('USER', 'ee106a-add'), ('HOSTNAME', 'ros2'), ('XDG_SESSION_TYPE', 'x11'), ('MASTERDIR', '/home/ff/ee106a'), ('COMPIZ_CONFIG_PROFILE', 'mate'), ('XDG_CACHE_HOME', '/home/cc/ee106a/fa25/class/ee106a-add/.cache'), ('SHLVL', '2'), ('LD_LIBRARY_PATH', '/home/ff/ee106a/librealsense/build/Release:/usr/lib/x86_64-linux-gnu/gazebo-11/plugins:/opt/ros/humble/opt/rviz_ogre_vendor/lib:/opt/ros/humble/lib/x86_64-linux-gnu:/opt/ros/humble/lib'), ('HOME', '/home/cc/ee106a/fa25/class/ee106a-add'), ('OLDPWD', '/'), ('DESKTOP_SESSION', 'mate'), ('ROS_PYTHON_VERSION', '3'), ('GTK_MODULES', 'gail:atk-bridge:appmenu-gtk-module:gail:atk-bridge:canberra-gtk-module'), ('EE106_UR_ROBOT_IP', '192.168.1.101'), ('DISTROBOX_ENTER_PATH', '/usr/local/bin/distrobox-enter'), ('SYSTEMD_EXEC_PID', '153033'), ('NNTPSERVER', 'news.csua.berkeley.edu'), ('VISUAL', 'emacs'), ('XDG_STATE_HOME', '/home/cc/ee106a/fa25/class/ee106a-add/.local/state'), ('DBUS_SESSION_BUS_ADDRESS', 'unix:path=/run/user/90081/bus'), ('COLORTERM', 'truecolor'), ('container', 'podman'), ('UBUNTU_MENUPROXY', '1'), ('QT_QPA_PLATFORMTHEME', 'gtk2'), ('COLCON_PREFIX_PATH', '/home/ff/ee106a/robot_workspaces/ur/install'), ('ROS_DISTRO', 'humble'), ('GTK_IM_MODULE', 'ibus'), ('LOGNAME', 'ee106a-add'), ('MASTER', 'ee106a'), ('WINDOWID', '50331654'), ('ROS_VERSION', '2'), ('XDG_SESSION_CLASS', 'user'), ('TERMINFO_DIRS', '/usr/share/terminfo:/run/host/usr/share/terminfo'), ('USERNAME', 'ee106a-add'), ('TERM', 'xterm-256color'), ('GTK_OVERLAY_SCROLLING', '0'), ('XDG_SESSION_ID', '689'), ('ROS_LOCALHOST_ONLY', '0'), ('WINDOWPATH', '2'), ('PATH', '/opt/ros/humble/bin:/share/b/grading/bin:/home/ff/ee106a/bin:/home/ff/ee106a/bin/arch/x86_64:/share/b/grading/bin:/home/ff/ee106a/bin:/home/ff/ee106a/bin/arch/x86_64:/usr/local/sbin:/usr/local/bin:/usr/sbin:/usr/bin:/sbin:/bin:/usr/games:/usr/local/games:/snap/bin:/snap/bin:/share/b/grading/bin:/share/b/grading/sbin:/share/b/runas/x86_64:/share/b/bin:/home/ff/ee106a/venvs/all:/usr/local/sbin:/usr/local/bin:/usr/sbin:/usr/bin:/sbin:/bin:/share/b/grading/bin:/share/b/grading/sbin:/share/b/runas/x86_64:/share/b/bin:/home/ff/ee106a/venvs/all'), ('SESSION_MANAGER', 'local/c105-7:@/tmp/.ICE-unix/153116,unix/c105-7:/tmp/.ICE-unix/153116'), ('OS', 'Linux'), ('XDG_RUNTIME_DIR', '/run/user/90081'), ('DISPLAY', ':1'), ('LANG', 'en_US.UTF-8'), ('XDG_CURRENT_DESKTOP', 'MATE'), ('XDG_DATA_HOME', '/home/cc/ee106a/fa25/class/ee106a-add/.local/share'), ('XDG_CONFIG_HOME', '/home/cc/ee106a/fa25/class/ee106a-add/.config'), ('XMODIFIERS', '@im=ibus'), ('XDG_SESSION_DESKTOP', 'mate'), ('XAUTHORITY', '/run/user/90081/gdm/Xauthority'), ('SSH_AUTH_SOCK', '/run/user/90081/keyring/ssh'), ('ROS_DOMAIN_ID', '27'), ('AMENT_PREFIX_PATH', '/home/ff/ee106a/robot_workspaces/ur/install/ur7e_utils:/opt/ros/humble'), ('SHELL', '/usr/bin/bash'), ('QT_ACCESSIBILITY', '1'), ('EE106_UR_ROBOT_NAME', 'r2d2'), ('GDMSESSION', 'mate'), ('RUNAS', '/share/b/runas/x86_64'), ('GPG_AGENT_INFO', '/run/user/90081/gnupg/S.gpg-agent:0:1'), ('CONFIG_SHELL', '/usr/bin/ksh'), ('QT_IM_MODULE', 'ibus'), ('PWD', '/home/cc/ee106a/fa25/class/ee106a-add/106A-CATCH/lab7/src/build/mover_services'), ('EE106_ENV_SETUP', 'ur_ros2'), ('CONTAINER_ID', 'ros2'), ('LC_ALL', 'C.UTF-8'), ('XDG_CONFIG_DIRS', '/etc/xdg/xdg-mate:/etc/xdg'), ('CLUTTER_IM_MODULE', 'ibus'), ('XDG_DATA_DIRS', '/usr/share/mate:/usr/share/mate:/usr/share/gnome:/home/cc/ee106a/fa25/class/ee106a-add/.local/share/flatpak/exports/share:/var/lib/flatpak/exports/share:/usr/local/share/:/usr/share/:/var/lib/snapd/desktop:/usr/local/share:/usr/share'), ('PYTHONPATH', '/home/ff/ee106a/robot_workspaces/ur/install/ur7e_utils/lib/python3.10/site-packages:/opt/ros/humble/lib/python3.10/site-packages:/opt/ros/humble/local/lib/python3.10/dist-packages'), ('MATE_DESKTOP_SESSION_ID', 'this-is-deprecated'), ('COLCON', '1'), ('MANPATH', '/usr/local/man:/usr/man:/usr/X11/man:/usr/local/man:/share/b/grading/man:/usr/local/man:/usr/man:/usr/X11/man:/usr/local/man:/share/b/grading/man:'), ('VTE_VERSION', '6800'), ('EDITOR', 'emacs'), ('QT_FONT_DPI', '122'), ('CMAKE_PREFIX_PATH', '/home/ff/ee106a/robot_workspaces/ur/install/ur7e_utils:/opt/ros/humble')]), 'shell': False}
[0.099196] (-) TimerEvent: {}
[0.199436] (-) TimerEvent: {}
[0.300043] (-) TimerEvent: {}
[0.400653] (-) TimerEvent: {}
[0.500945] (-) TimerEvent: {}
[0.601228] (-) TimerEvent: {}
[0.701515] (-) TimerEvent: {}
[0.801784] (-) TimerEvent: {}
[0.902069] (-) TimerEvent: {}
[1.002337] (-) TimerEvent: {}
[1.065626] (mover_services) StdoutLine: {'line': b'-- The C compiler identification is GNU 11.4.0\n'}
[1.066062] (mover_services) StdoutLine: {'line': b'-- The CXX compiler identification is GNU 11.4.0\n'}
[1.068213] (mover_services) StdoutLine: {'line': b'-- Detecting C compiler ABI info\n'}
[1.068304] (mover_services) StdoutLine: {'line': b'-- Detecting C compiler ABI info - done\n'}
[1.068767] (mover_services) StdoutLine: {'line': b'-- Check for working C compiler: /usr/bin/cc - skipped\n'}
[1.069313] (mover_services) StdoutLine: {'line': b'-- Detecting C compile features\n'}
[1.069721] (mover_services) StdoutLine: {'line': b'-- Detecting C compile features - done\n'}
[1.069801] (mover_services) StdoutLine: {'line': b'-- Detecting CXX compiler ABI info\n'}
[1.070214] (mover_services) StdoutLine: {'line': b'-- Detecting CXX compiler ABI info - done\n'}
[1.070320] (mover_services) StdoutLine: {'line': b'-- Check for working CXX compiler: /usr/bin/c++ - skipped\n'}
[1.071730] (mover_services) StdoutLine: {'line': b'-- Detecting CXX compile features\n'}
[1.072103] (mover_services) StdoutLine: {'line': b'-- Detecting CXX compile features - done\n'}
[1.072169] (mover_services) StdoutLine: {'line': b'-- Found ament_cmake: 1.3.12 (/opt/ros/humble/share/ament_cmake/cmake)\n'}
[1.072702] (mover_services) StdoutLine: {'line': b'-- Found Python3: /usr/bin/python3 (found version "3.10.12") found components: Interpreter \n'}
[1.073178] (ros2_aruco_interfaces) JobProgress: {'identifier': 'ros2_aruco_interfaces', 'progress': 'cmake'}
[1.073205] (mover_services) StdoutLine: {'line': b'-- Found rosidl_default_generators: 1.2.0 (/opt/ros/humble/share/rosidl_default_generators/cmake)\n'}
[1.076881] (ros2_aruco_interfaces) Command: {'cmd': ['/usr/bin/cmake', '/home/cc/ee106a/fa25/class/ee106a-add/106A-CATCH/lab7/src/ros2_aruco/ros2_aruco_interfaces', '-DCMAKE_INSTALL_PREFIX=/home/cc/ee106a/fa25/class/ee106a-add/106A-CATCH/lab7/src/install/ros2_aruco_interfaces'], 'cwd': '/home/cc/ee106a/fa25/class/ee106a-add/106A-CATCH/lab7/src/build/ros2_aruco_interfaces', 'env': OrderedDict([('ARCH', 'x86_64'), ('QT_SCALE_FACTOR', '1'), ('USER', 'ee106a-add'), ('HOSTNAME', 'ros2'), ('XDG_SESSION_TYPE', 'x11'), ('MASTERDIR', '/home/ff/ee106a'), ('COMPIZ_CONFIG_PROFILE', 'mate'), ('XDG_CACHE_HOME', '/home/cc/ee106a/fa25/class/ee106a-add/.cache'), ('SHLVL', '2'), ('LD_LIBRARY_PATH', '/home/ff/ee106a/librealsense/build/Release:/usr/lib/x86_64-linux-gnu/gazebo-11/plugins:/opt/ros/humble/opt/rviz_ogre_vendor/lib:/opt/ros/humble/lib/x86_64-linux-gnu:/opt/ros/humble/lib'), ('HOME', '/home/cc/ee106a/fa25/class/ee106a-add'), ('OLDPWD', '/'), ('DESKTOP_SESSION', 'mate'), ('ROS_PYTHON_VERSION', '3'), ('GTK_MODULES', 'gail:atk-bridge:appmenu-gtk-module:gail:atk-bridge:canberra-gtk-module'), ('EE106_UR_ROBOT_IP', '192.168.1.101'), ('DISTROBOX_ENTER_PATH', '/usr/local/bin/distrobox-enter'), ('SYSTEMD_EXEC_PID', '153033'), ('NNTPSERVER', 'news.csua.berkeley.edu'), ('VISUAL', 'emacs'), ('XDG_STATE_HOME', '/home/cc/ee106a/fa25/class/ee106a-add/.local/state'), ('DBUS_SESSION_BUS_ADDRESS', 'unix:path=/run/user/90081/bus'), ('COLORTERM', 'truecolor'), ('container', 'podman'), ('UBUNTU_MENUPROXY', '1'), ('QT_QPA_PLATFORMTHEME', 'gtk2'), ('COLCON_PREFIX_PATH', '/home/ff/ee106a/robot_workspaces/ur/install'), ('ROS_DISTRO', 'humble'), ('GTK_IM_MODULE', 'ibus'), ('LOGNAME', 'ee106a-add'), ('MASTER', 'ee106a'), ('WINDOWID', '50331654'), ('ROS_VERSION', '2'), ('XDG_SESSION_CLASS', 'user'), ('TERMINFO_DIRS', '/usr/share/terminfo:/run/host/usr/share/terminfo'), ('USERNAME', 'ee106a-add'), ('TERM', 'xterm-256color'), ('GTK_OVERLAY_SCROLLING', '0'), ('XDG_SESSION_ID', '689'), ('ROS_LOCALHOST_ONLY', '0'), ('WINDOWPATH', '2'), ('PATH', '/opt/ros/humble/bin:/share/b/grading/bin:/home/ff/ee106a/bin:/home/ff/ee106a/bin/arch/x86_64:/share/b/grading/bin:/home/ff/ee106a/bin:/home/ff/ee106a/bin/arch/x86_64:/usr/local/sbin:/usr/local/bin:/usr/sbin:/usr/bin:/sbin:/bin:/usr/games:/usr/local/games:/snap/bin:/snap/bin:/share/b/grading/bin:/share/b/grading/sbin:/share/b/runas/x86_64:/share/b/bin:/home/ff/ee106a/venvs/all:/usr/local/sbin:/usr/local/bin:/usr/sbin:/usr/bin:/sbin:/bin:/share/b/grading/bin:/share/b/grading/sbin:/share/b/runas/x86_64:/share/b/bin:/home/ff/ee106a/venvs/all'), ('SESSION_MANAGER', 'local/c105-7:@/tmp/.ICE-unix/153116,unix/c105-7:/tmp/.ICE-unix/153116'), ('OS', 'Linux'), ('XDG_RUNTIME_DIR', '/run/user/90081'), ('DISPLAY', ':1'), ('LANG', 'en_US.UTF-8'), ('XDG_CURRENT_DESKTOP', 'MATE'), ('XDG_DATA_HOME', '/home/cc/ee106a/fa25/class/ee106a-add/.local/share'), ('XDG_CONFIG_HOME', '/home/cc/ee106a/fa25/class/ee106a-add/.config'), ('XMODIFIERS', '@im=ibus'), ('XDG_SESSION_DESKTOP', 'mate'), ('XAUTHORITY', '/run/user/90081/gdm/Xauthority'), ('SSH_AUTH_SOCK', '/run/user/90081/keyring/ssh'), ('ROS_DOMAIN_ID', '27'), ('AMENT_PREFIX_PATH', '/home/ff/ee106a/robot_workspaces/ur/install/ur7e_utils:/opt/ros/humble'), ('SHELL', '/usr/bin/bash'), ('QT_ACCESSIBILITY', '1'), ('EE106_UR_ROBOT_NAME', 'r2d2'), ('GDMSESSION', 'mate'), ('RUNAS', '/share/b/runas/x86_64'), ('GPG_AGENT_INFO', '/run/user/90081/gnupg/S.gpg-agent:0:1'), ('CONFIG_SHELL', '/usr/bin/ksh'), ('QT_IM_MODULE', 'ibus'), ('PWD', '/home/cc/ee106a/fa25/class/ee106a-add/106A-CATCH/lab7/src/build/ros2_aruco_interfaces'), ('EE106_ENV_SETUP', 'ur_ros2'), ('CONTAINER_ID', 'ros2'), ('LC_ALL', 'C.UTF-8'), ('XDG_CONFIG_DIRS', '/etc/xdg/xdg-mate:/etc/xdg'), ('CLUTTER_IM_MODULE', 'ibus'), ('XDG_DATA_DIRS', '/usr/share/mate:/usr/share/mate:/usr/share/gnome:/home/cc/ee106a/fa25/class/ee106a-add/.local/share/flatpak/exports/share:/var/lib/flatpak/exports/share:/usr/local/share/:/usr/share/:/var/lib/snapd/desktop:/usr/local/share:/usr/share'), ('PYTHONPATH', '/home/ff/ee106a/robot_workspaces/ur/install/ur7e_utils/lib/python3.10/site-packages:/opt/ros/humble/lib/python3.10/site-packages:/opt/ros/humble/local/lib/python3.10/dist-packages'), ('MATE_DESKTOP_SESSION_ID', 'this-is-deprecated'), ('COLCON', '1'), ('MANPATH', '/usr/local/man:/usr/man:/usr/X11/man:/usr/local/man:/share/b/grading/man:/usr/local/man:/usr/man:/usr/X11/man:/usr/local/man:/share/b/grading/man:'), ('VTE_VERSION', '6800'), ('EDITOR', 'emacs'), ('QT_FONT_DPI', '122'), ('CMAKE_PREFIX_PATH', '/home/ff/ee106a/robot_workspaces/ur/install/ur7e_utils:/opt/ros/humble')]), 'shell': False}
[1.082906] (mover_services) StdoutLine: {'line': b'-- Using all available rosidl_typesupport_c: rosidl_typesupport_fastrtps_c;rosidl_typesupport_introspection_c\n'}
[1.090397] (mover_services) StdoutLine: {'line': b'-- Found rosidl_adapter: 3.1.7 (/opt/ros/humble/share/rosidl_adapter/cmake)\n'}
[1.102624] (-) TimerEvent: {}
[1.164227] (mover_services) StdoutLine: {'line': b'-- Using all available rosidl_typesupport_cpp: rosidl_typesupport_fastrtps_cpp;rosidl_typesupport_introspection_cpp\n'}
[1.196144] (ros2_aruco_interfaces) StdoutLine: {'line': b'-- The C compiler identification is GNU 11.4.0\n'}
[1.202704] (-) TimerEvent: {}
[1.288141] (ros2_aruco_interfaces) StdoutLine: {'line': b'-- The CXX compiler identification is GNU 11.4.0\n'}
[1.302806] (-) TimerEvent: {}
[1.304967] (ros2_aruco_interfaces) StdoutLine: {'line': b'-- Detecting C compiler ABI info\n'}
[1.402909] (-) TimerEvent: {}
[1.497400] (ros2_aruco_interfaces) StdoutLine: {'line': b'-- Detecting C compiler ABI info - done\n'}
[1.502968] (-) TimerEvent: {}
[1.509405] (ros2_aruco_interfaces) StdoutLine: {'line': b'-- Check for working C compiler: /usr/bin/cc - skipped\n'}
[1.509637] (ros2_aruco_interfaces) StdoutLine: {'line': b'-- Detecting C compile features\n'}
[1.510080] (ros2_aruco_interfaces) StdoutLine: {'line': b'-- Detecting C compile features - done\n'}
[1.523136] (ros2_aruco_interfaces) StdoutLine: {'line': b'-- Detecting CXX compiler ABI info\n'}
[1.603073] (-) TimerEvent: {}
[1.609445] (perception) Command: {'cmd': ['/usr/bin/python3', '-W', 'ignore:setup.py install is deprecated', '-W', 'ignore:easy_install command is deprecated', 'setup.py', 'egg_info', '--egg-base', '../build/perception', 'build', '--build-base', '/home/cc/ee106a/fa25/class/ee106a-add/106A-CATCH/lab7/src/build/perception/build', 'install', '--record', '/home/cc/ee106a/fa25/class/ee106a-add/106A-CATCH/lab7/src/build/perception/install.log', '--single-version-externally-managed', 'install_data'], 'cwd': '/home/cc/ee106a/fa25/class/ee106a-add/106A-CATCH/lab7/src/perception', 'env': {'ARCH': 'x86_64', 'QT_SCALE_FACTOR': '1', 'USER': 'ee106a-add', 'HOSTNAME': 'ros2', 'XDG_SESSION_TYPE': 'x11', 'MASTERDIR': '/home/ff/ee106a', 'COMPIZ_CONFIG_PROFILE': 'mate', 'XDG_CACHE_HOME': '/home/cc/ee106a/fa25/class/ee106a-add/.cache', 'SHLVL': '2', 'LD_LIBRARY_PATH': '/home/ff/ee106a/librealsense/build/Release:/usr/lib/x86_64-linux-gnu/gazebo-11/plugins:/opt/ros/humble/opt/rviz_ogre_vendor/lib:/opt/ros/humble/lib/x86_64-linux-gnu:/opt/ros/humble/lib', 'HOME': '/home/cc/ee106a/fa25/class/ee106a-add', 'OLDPWD': '/', 'DESKTOP_SESSION': 'mate', 'ROS_PYTHON_VERSION': '3', 'GTK_MODULES': 'gail:atk-bridge:appmenu-gtk-module:gail:atk-bridge:canberra-gtk-module', 'EE106_UR_ROBOT_IP': '192.168.1.101', 'DISTROBOX_ENTER_PATH': '/usr/local/bin/distrobox-enter', 'SYSTEMD_EXEC_PID': '153033', 'NNTPSERVER': 'news.csua.berkeley.edu', 'VISUAL': 'emacs', 'XDG_STATE_HOME': '/home/cc/ee106a/fa25/class/ee106a-add/.local/state', 'DBUS_SESSION_BUS_ADDRESS': 'unix:path=/run/user/90081/bus', 'COLORTERM': 'truecolor', 'container': 'podman', 'UBUNTU_MENUPROXY': '1', 'QT_QPA_PLATFORMTHEME': 'gtk2', 'COLCON_PREFIX_PATH': '/home/ff/ee106a/robot_workspaces/ur/install', 'ROS_DISTRO': 'humble', 'GTK_IM_MODULE': 'ibus', 'LOGNAME': 'ee106a-add', 'MASTER': 'ee106a', 'WINDOWID': '50331654', 'ROS_VERSION': '2', 'XDG_SESSION_CLASS': 'user', 'TERMINFO_DIRS': '/usr/share/terminfo:/run/host/usr/share/terminfo', 'USERNAME': 'ee106a-add', 'TERM': 'xterm-256color', 'GTK_OVERLAY_SCROLLING': '0', 'XDG_SESSION_ID': '689', 'ROS_LOCALHOST_ONLY': '0', 'WINDOWPATH': '2', 'PATH': '/opt/ros/humble/bin:/share/b/grading/bin:/home/ff/ee106a/bin:/home/ff/ee106a/bin/arch/x86_64:/share/b/grading/bin:/home/ff/ee106a/bin:/home/ff/ee106a/bin/arch/x86_64:/usr/local/sbin:/usr/local/bin:/usr/sbin:/usr/bin:/sbin:/bin:/usr/games:/usr/local/games:/snap/bin:/snap/bin:/share/b/grading/bin:/share/b/grading/sbin:/share/b/runas/x86_64:/share/b/bin:/home/ff/ee106a/venvs/all:/usr/local/sbin:/usr/local/bin:/usr/sbin:/usr/bin:/sbin:/bin:/share/b/grading/bin:/share/b/grading/sbin:/share/b/runas/x86_64:/share/b/bin:/home/ff/ee106a/venvs/all', 'SESSION_MANAGER': 'local/c105-7:@/tmp/.ICE-unix/153116,unix/c105-7:/tmp/.ICE-unix/153116', 'OS': 'Linux', 'XDG_RUNTIME_DIR': '/run/user/90081', 'DISPLAY': ':1', 'LANG': 'en_US.UTF-8', 'XDG_CURRENT_DESKTOP': 'MATE', 'XDG_DATA_HOME': '/home/cc/ee106a/fa25/class/ee106a-add/.local/share', 'XDG_CONFIG_HOME': '/home/cc/ee106a/fa25/class/ee106a-add/.config', 'XMODIFIERS': '@im=ibus', 'XDG_SESSION_DESKTOP': 'mate', 'XAUTHORITY': '/run/user/90081/gdm/Xauthority', 'SSH_AUTH_SOCK': '/run/user/90081/keyring/ssh', 'ROS_DOMAIN_ID': '27', 'AMENT_PREFIX_PATH': '/home/ff/ee106a/robot_workspaces/ur/install/ur7e_utils:/opt/ros/humble', 'SHELL': '/usr/bin/bash', 'QT_ACCESSIBILITY': '1', 'EE106_UR_ROBOT_NAME': 'r2d2', 'GDMSESSION': 'mate', 'RUNAS': '/share/b/runas/x86_64', 'GPG_AGENT_INFO': '/run/user/90081/gnupg/S.gpg-agent:0:1', 'CONFIG_SHELL': '/usr/bin/ksh', 'QT_IM_MODULE': 'ibus', 'PWD': '/home/cc/ee106a/fa25/class/ee106a-add/106A-CATCH/lab7/src/build/perception', 'EE106_ENV_SETUP': 'ur_ros2', 'CONTAINER_ID': 'ros2', 'LC_ALL': 'C.UTF-8', 'XDG_CONFIG_DIRS': '/etc/xdg/xdg-mate:/etc/xdg', 'CLUTTER_IM_MODULE': 'ibus', 'XDG_DATA_DIRS': '/usr/share/mate:/usr/share/mate:/usr/share/gnome:/home/cc/ee106a/fa25/class/ee106a-add/.local/share/flatpak/exports/share:/var/lib/flatpak/exports/share:/usr/local/share/:/usr/share/:/var/lib/snapd/desktop:/usr/local/share:/usr/share', 'PYTHONPATH': '/home/cc/ee106a/fa25/class/ee106a-add/106A-CATCH/lab7/src/build/perception/prefix_override:/usr/lib/python3/dist-packages/colcon_core/task/python/colcon_distutils_commands:/home/cc/ee106a/fa25/class/ee106a-add/106A-CATCH/lab7/src/install/perception/lib/python3.10/site-packages:/home/ff/ee106a/robot_workspaces/ur/install/ur7e_utils/lib/python3.10/site-packages:/opt/ros/humble/lib/python3.10/site-packages:/opt/ros/humble/local/lib/python3.10/dist-packages', 'MATE_DESKTOP_SESSION_ID': 'this-is-deprecated', 'COLCON': '1', 'MANPATH': '/usr/local/man:/usr/man:/usr/X11/man:/usr/local/man:/share/b/grading/man:/usr/local/man:/usr/man:/usr/X11/man:/usr/local/man:/share/b/grading/man:', 'VTE_VERSION': '6800', 'EDITOR': 'emacs', 'QT_FONT_DPI': '122'}, 'shell': False}
[1.616659] (planning) Command: {'cmd': ['/usr/bin/python3', '-W', 'ignore:setup.py install is deprecated', '-W', 'ignore:easy_install command is deprecated', 'setup.py', 'egg_info', '--egg-base', '../build/planning', 'build', '--build-base', '/home/cc/ee106a/fa25/class/ee106a-add/106A-CATCH/lab7/src/build/planning/build', 'install', '--record', '/home/cc/ee106a/fa25/class/ee106a-add/106A-CATCH/lab7/src/build/planning/install.log', '--single-version-externally-managed', 'install_data'], 'cwd': '/home/cc/ee106a/fa25/class/ee106a-add/106A-CATCH/lab7/src/planning', 'env': {'ARCH': 'x86_64', 'QT_SCALE_FACTOR': '1', 'USER': 'ee106a-add', 'HOSTNAME': 'ros2', 'XDG_SESSION_TYPE': 'x11', 'MASTERDIR': '/home/ff/ee106a', 'COMPIZ_CONFIG_PROFILE': 'mate', 'XDG_CACHE_HOME': '/home/cc/ee106a/fa25/class/ee106a-add/.cache', 'SHLVL': '2', 'LD_LIBRARY_PATH': '/home/ff/ee106a/librealsense/build/Release:/usr/lib/x86_64-linux-gnu/gazebo-11/plugins:/opt/ros/humble/opt/rviz_ogre_vendor/lib:/opt/ros/humble/lib/x86_64-linux-gnu:/opt/ros/humble/lib', 'HOME': '/home/cc/ee106a/fa25/class/ee106a-add', 'OLDPWD': '/', 'DESKTOP_SESSION': 'mate', 'ROS_PYTHON_VERSION': '3', 'GTK_MODULES': 'gail:atk-bridge:appmenu-gtk-module:gail:atk-bridge:canberra-gtk-module', 'EE106_UR_ROBOT_IP': '192.168.1.101', 'DISTROBOX_ENTER_PATH': '/usr/local/bin/distrobox-enter', 'SYSTEMD_EXEC_PID': '153033', 'NNTPSERVER': 'news.csua.berkeley.edu', 'VISUAL': 'emacs', 'XDG_STATE_HOME': '/home/cc/ee106a/fa25/class/ee106a-add/.local/state', 'DBUS_SESSION_BUS_ADDRESS': 'unix:path=/run/user/90081/bus', 'COLORTERM': 'truecolor', 'container': 'podman', 'UBUNTU_MENUPROXY': '1', 'QT_QPA_PLATFORMTHEME': 'gtk2', 'COLCON_PREFIX_PATH': '/home/ff/ee106a/robot_workspaces/ur/install', 'ROS_DISTRO': 'humble', 'GTK_IM_MODULE': 'ibus', 'LOGNAME': 'ee106a-add', 'MASTER': 'ee106a', 'WINDOWID': '50331654', 'ROS_VERSION': '2', 'XDG_SESSION_CLASS': 'user', 'TERMINFO_DIRS': '/usr/share/terminfo:/run/host/usr/share/terminfo', 'USERNAME': 'ee106a-add', 'TERM': 'xterm-256color', 'GTK_OVERLAY_SCROLLING': '0', 'XDG_SESSION_ID': '689', 'ROS_LOCALHOST_ONLY': '0', 'WINDOWPATH': '2', 'PATH': '/opt/ros/humble/bin:/share/b/grading/bin:/home/ff/ee106a/bin:/home/ff/ee106a/bin/arch/x86_64:/share/b/grading/bin:/home/ff/ee106a/bin:/home/ff/ee106a/bin/arch/x86_64:/usr/local/sbin:/usr/local/bin:/usr/sbin:/usr/bin:/sbin:/bin:/usr/games:/usr/local/games:/snap/bin:/snap/bin:/share/b/grading/bin:/share/b/grading/sbin:/share/b/runas/x86_64:/share/b/bin:/home/ff/ee106a/venvs/all:/usr/local/sbin:/usr/local/bin:/usr/sbin:/usr/bin:/sbin:/bin:/share/b/grading/bin:/share/b/grading/sbin:/share/b/runas/x86_64:/share/b/bin:/home/ff/ee106a/venvs/all', 'SESSION_MANAGER': 'local/c105-7:@/tmp/.ICE-unix/153116,unix/c105-7:/tmp/.ICE-unix/153116', 'OS': 'Linux', 'XDG_RUNTIME_DIR': '/run/user/90081', 'DISPLAY': ':1', 'LANG': 'en_US.UTF-8', 'XDG_CURRENT_DESKTOP': 'MATE', 'XDG_DATA_HOME': '/home/cc/ee106a/fa25/class/ee106a-add/.local/share', 'XDG_CONFIG_HOME': '/home/cc/ee106a/fa25/class/ee106a-add/.config', 'XMODIFIERS': '@im=ibus', 'XDG_SESSION_DESKTOP': 'mate', 'XAUTHORITY': '/run/user/90081/gdm/Xauthority', 'SSH_AUTH_SOCK': '/run/user/90081/keyring/ssh', 'ROS_DOMAIN_ID': '27', 'AMENT_PREFIX_PATH': '/home/ff/ee106a/robot_workspaces/ur/install/ur7e_utils:/opt/ros/humble', 'SHELL': '/usr/bin/bash', 'QT_ACCESSIBILITY': '1', 'EE106_UR_ROBOT_NAME': 'r2d2', 'GDMSESSION': 'mate', 'RUNAS': '/share/b/runas/x86_64', 'GPG_AGENT_INFO': '/run/user/90081/gnupg/S.gpg-agent:0:1', 'CONFIG_SHELL': '/usr/bin/ksh', 'QT_IM_MODULE': 'ibus', 'PWD': '/home/cc/ee106a/fa25/class/ee106a-add/106A-CATCH/lab7/src/build/planning', 'EE106_ENV_SETUP': 'ur_ros2', 'CONTAINER_ID': 'ros2', 'LC_ALL': 'C.UTF-8', 'XDG_CONFIG_DIRS': '/etc/xdg/xdg-mate:/etc/xdg', 'CLUTTER_IM_MODULE': 'ibus', 'XDG_DATA_DIRS': '/usr/share/mate:/usr/share/mate:/usr/share/gnome:/home/cc/ee106a/fa25/class/ee106a-add/.local/share/flatpak/exports/share:/var/lib/flatpak/exports/share:/usr/local/share/:/usr/share/:/var/lib/snapd/desktop:/usr/local/share:/usr/share', 'PYTHONPATH': '/home/cc/ee106a/fa25/class/ee106a-add/106A-CATCH/lab7/src/build/planning/prefix_override:/usr/lib/python3/dist-packages/colcon_core/task/python/colcon_distutils_commands:/home/cc/ee106a/fa25/class/ee106a-add/106A-CATCH/lab7/src/install/planning/lib/python3.10/site-packages:/home/ff/ee106a/robot_workspaces/ur/install/ur7e_utils/lib/python3.10/site-packages:/opt/ros/humble/lib/python3.10/site-packages:/opt/ros/humble/local/lib/python3.10/dist-packages', 'MATE_DESKTOP_SESSION_ID': 'this-is-deprecated', 'COLCON': '1', 'MANPATH': '/usr/local/man:/usr/man:/usr/X11/man:/usr/local/man:/share/b/grading/man:/usr/local/man:/usr/man:/usr/X11/man:/usr/local/man:/share/b/grading/man:', 'VTE_VERSION': '6800', 'EDITOR': 'emacs', 'QT_FONT_DPI': '122'}, 'shell': False}
[1.626901] (ros2_aruco) Command: {'cmd': ['/usr/bin/python3', '-W', 'ignore:setup.py install is deprecated', '-W', 'ignore:easy_install command is deprecated', 'setup.py', 'egg_info', '--egg-base', '../../build/ros2_aruco', 'build', '--build-base', '/home/cc/ee106a/fa25/class/ee106a-add/106A-CATCH/lab7/src/build/ros2_aruco/build', 'install', '--record', '/home/cc/ee106a/fa25/class/ee106a-add/106A-CATCH/lab7/src/build/ros2_aruco/install.log', '--single-version-externally-managed', 'install_data'], 'cwd': '/home/cc/ee106a/fa25/class/ee106a-add/106A-CATCH/lab7/src/ros2_aruco/ros2_aruco', 'env': {'ARCH': 'x86_64', 'QT_SCALE_FACTOR': '1', 'USER': 'ee106a-add', 'HOSTNAME': 'ros2', 'XDG_SESSION_TYPE': 'x11', 'MASTERDIR': '/home/ff/ee106a', 'COMPIZ_CONFIG_PROFILE': 'mate', 'XDG_CACHE_HOME': '/home/cc/ee106a/fa25/class/ee106a-add/.cache', 'SHLVL': '2', 'LD_LIBRARY_PATH': '/home/ff/ee106a/librealsense/build/Release:/usr/lib/x86_64-linux-gnu/gazebo-11/plugins:/opt/ros/humble/opt/rviz_ogre_vendor/lib:/opt/ros/humble/lib/x86_64-linux-gnu:/opt/ros/humble/lib', 'HOME': '/home/cc/ee106a/fa25/class/ee106a-add', 'OLDPWD': '/', 'DESKTOP_SESSION': 'mate', 'ROS_PYTHON_VERSION': '3', 'GTK_MODULES': 'gail:atk-bridge:appmenu-gtk-module:gail:atk-bridge:canberra-gtk-module', 'EE106_UR_ROBOT_IP': '192.168.1.101', 'DISTROBOX_ENTER_PATH': '/usr/local/bin/distrobox-enter', 'SYSTEMD_EXEC_PID': '153033', 'NNTPSERVER': 'news.csua.berkeley.edu', 'VISUAL': 'emacs', 'XDG_STATE_HOME': '/home/cc/ee106a/fa25/class/ee106a-add/.local/state', 'DBUS_SESSION_BUS_ADDRESS': 'unix:path=/run/user/90081/bus', 'COLORTERM': 'truecolor', 'container': 'podman', 'UBUNTU_MENUPROXY': '1', 'QT_QPA_PLATFORMTHEME': 'gtk2', 'COLCON_PREFIX_PATH': '/home/ff/ee106a/robot_workspaces/ur/install', 'ROS_DISTRO': 'humble', 'GTK_IM_MODULE': 'ibus', 'LOGNAME': 'ee106a-add', 'MASTER': 'ee106a', 'WINDOWID': '50331654', 'ROS_VERSION': '2', 'XDG_SESSION_CLASS': 'user', 'TERMINFO_DIRS': '/usr/share/terminfo:/run/host/usr/share/terminfo', 'USERNAME': 'ee106a-add', 'TERM': 'xterm-256color', 'GTK_OVERLAY_SCROLLING': '0', 'XDG_SESSION_ID': '689', 'ROS_LOCALHOST_ONLY': '0', 'WINDOWPATH': '2', 'PATH': '/opt/ros/humble/bin:/share/b/grading/bin:/home/ff/ee106a/bin:/home/ff/ee106a/bin/arch/x86_64:/share/b/grading/bin:/home/ff/ee106a/bin:/home/ff/ee106a/bin/arch/x86_64:/usr/local/sbin:/usr/local/bin:/usr/sbin:/usr/bin:/sbin:/bin:/usr/games:/usr/local/games:/snap/bin:/snap/bin:/share/b/grading/bin:/share/b/grading/sbin:/share/b/runas/x86_64:/share/b/bin:/home/ff/ee106a/venvs/all:/usr/local/sbin:/usr/local/bin:/usr/sbin:/usr/bin:/sbin:/bin:/share/b/grading/bin:/share/b/grading/sbin:/share/b/runas/x86_64:/share/b/bin:/home/ff/ee106a/venvs/all', 'SESSION_MANAGER': 'local/c105-7:@/tmp/.ICE-unix/153116,unix/c105-7:/tmp/.ICE-unix/153116', 'OS': 'Linux', 'XDG_RUNTIME_DIR': '/run/user/90081', 'DISPLAY': ':1', 'LANG': 'en_US.UTF-8', 'XDG_CURRENT_DESKTOP': 'MATE', 'XDG_DATA_HOME': '/home/cc/ee106a/fa25/class/ee106a-add/.local/share', 'XDG_CONFIG_HOME': '/home/cc/ee106a/fa25/class/ee106a-add/.config', 'XMODIFIERS': '@im=ibus', 'XDG_SESSION_DESKTOP': 'mate', 'XAUTHORITY': '/run/user/90081/gdm/Xauthority', 'SSH_AUTH_SOCK': '/run/user/90081/keyring/ssh', 'ROS_DOMAIN_ID': '27', 'AMENT_PREFIX_PATH': '/home/ff/ee106a/robot_workspaces/ur/install/ur7e_utils:/opt/ros/humble', 'SHELL': '/usr/bin/bash', 'QT_ACCESSIBILITY': '1', 'EE106_UR_ROBOT_NAME': 'r2d2', 'GDMSESSION': 'mate', 'RUNAS': '/share/b/runas/x86_64', 'GPG_AGENT_INFO': '/run/user/90081/gnupg/S.gpg-agent:0:1', 'CONFIG_SHELL': '/usr/bin/ksh', 'QT_IM_MODULE': 'ibus', 'PWD': '/home/cc/ee106a/fa25/class/ee106a-add/106A-CATCH/lab7/src/build/ros2_aruco', 'EE106_ENV_SETUP': 'ur_ros2', 'CONTAINER_ID': 'ros2', 'LC_ALL': 'C.UTF-8', 'XDG_CONFIG_DIRS': '/etc/xdg/xdg-mate:/etc/xdg', 'CLUTTER_IM_MODULE': 'ibus', 'XDG_DATA_DIRS': '/usr/share/mate:/usr/share/mate:/usr/share/gnome:/home/cc/ee106a/fa25/class/ee106a-add/.local/share/flatpak/exports/share:/var/lib/flatpak/exports/share:/usr/local/share/:/usr/share/:/var/lib/snapd/desktop:/usr/local/share:/usr/share', 'PYTHONPATH': '/home/cc/ee106a/fa25/class/ee106a-add/106A-CATCH/lab7/src/build/ros2_aruco/prefix_override:/usr/lib/python3/dist-packages/colcon_core/task/python/colcon_distutils_commands:/home/cc/ee106a/fa25/class/ee106a-add/106A-CATCH/lab7/src/install/ros2_aruco/lib/python3.10/site-packages:/home/ff/ee106a/robot_workspaces/ur/install/ur7e_utils/lib/python3.10/site-packages:/opt/ros/humble/lib/python3.10/site-packages:/opt/ros/humble/local/lib/python3.10/dist-packages', 'MATE_DESKTOP_SESSION_ID': 'this-is-deprecated', 'COLCON': '1', 'MANPATH': '/usr/local/man:/usr/man:/usr/X11/man:/usr/local/man:/share/b/grading/man:/usr/local/man:/usr/man:/usr/X11/man:/usr/local/man:/share/b/grading/man:', 'VTE_VERSION': '6800', 'EDITOR': 'emacs', 'QT_FONT_DPI': '122'}, 'shell': False}
[1.638400] (mover_services) StdoutLine: {'line': b'-- Found ament_cmake_ros: 0.10.0 (/opt/ros/humble/share/ament_cmake_ros/cmake)\n'}
[1.703168] (-) TimerEvent: {}
[1.721653] (ros2_aruco_interfaces) StdoutLine: {'line': b'-- Detecting CXX compiler ABI info - done\n'}
[1.733701] (ros2_aruco_interfaces) StdoutLine: {'line': b'-- Check for working CXX compiler: /usr/bin/c++ - skipped\n'}
[1.733971] (ros2_aruco_interfaces) StdoutLine: {'line': b'-- Detecting CXX compile features\n'}
[1.734365] (ros2_aruco_interfaces) StdoutLine: {'line': b'-- Detecting CXX compile features - done\n'}
[1.746399] (ros2_aruco_interfaces) StdoutLine: {'line': b'-- Found ament_cmake: 1.3.12 (/opt/ros/humble/share/ament_cmake/cmake)\n'}
[1.803256] (-) TimerEvent: {}
[1.903573] (-) TimerEvent: {}
[1.950787] (ros2_aruco_interfaces) StdoutLine: {'line': b'-- Found Python3: /usr/bin/python3 (found version "3.10.12") found components: Interpreter \n'}
[1.967083] (planning) StdoutLine: {'line': b'running egg_info\n'}
[1.967651] (planning) StdoutLine: {'line': b'creating ../build/planning/planning.egg-info\n'}
[1.968728] (planning) StdoutLine: {'line': b'writing ../build/planning/planning.egg-info/PKG-INFO\n'}
[1.971106] (perception) StdoutLine: {'line': b'running egg_info\n'}
[1.971665] (perception) StdoutLine: {'line': b'creating ../build/perception/perception.egg-info\n'}
[1.972716] (perception) StdoutLine: {'line': b'writing ../build/perception/perception.egg-info/PKG-INFO\n'}
[1.974423] (planning) StdoutLine: {'line': b'writing dependency_links to ../build/planning/planning.egg-info/dependency_links.txt\n'}
[1.977121] (planning) StdoutLine: {'line': b'writing entry points to ../build/planning/planning.egg-info/entry_points.txt\n'}
[1.977811] (perception) StdoutLine: {'line': b'writing dependency_links to ../build/perception/perception.egg-info/dependency_links.txt\n'}
[1.978409] (ros2_aruco) StdoutLine: {'line': b'running egg_info\n'}
[1.979015] (planning) StdoutLine: {'line': b'writing requirements to ../build/planning/planning.egg-info/requires.txt\n'}
[1.979553] (ros2_aruco) StdoutLine: {'line': b'creating ../../build/ros2_aruco/ros2_aruco.egg-info\n'}
[1.979719] (perception) StdoutLine: {'line': b'writing entry points to ../build/perception/perception.egg-info/entry_points.txt\n'}
[1.980696] (planning) StdoutLine: {'line': b'writing top-level names to ../build/planning/planning.egg-info/top_level.txt\n'}
[1.981063] (ros2_aruco) StdoutLine: {'line': b'writing ../../build/ros2_aruco/ros2_aruco.egg-info/PKG-INFO\n'}
[1.982199] (perception) StdoutLine: {'line': b'writing requirements to ../build/perception/perception.egg-info/requires.txt\n'}
[1.983596] (planning) StdoutLine: {'line': b"writing manifest file '../build/planning/planning.egg-info/SOURCES.txt'\n"}
[1.985006] (perception) StdoutLine: {'line': b'writing top-level names to ../build/perception/perception.egg-info/top_level.txt\n'}
[1.987658] (ros2_aruco) StdoutLine: {'line': b'writing dependency_links to ../../build/ros2_aruco/ros2_aruco.egg-info/dependency_links.txt\n'}
[1.988530] (perception) StdoutLine: {'line': b"writing manifest file '../build/perception/perception.egg-info/SOURCES.txt'\n"}
[1.989658] (planning) StdoutLine: {'line': b"reading manifest file '../build/planning/planning.egg-info/SOURCES.txt'\n"}
[1.990230] (ros2_aruco) StdoutLine: {'line': b'writing entry points to ../../build/ros2_aruco/ros2_aruco.egg-info/entry_points.txt\n'}
[1.992169] (ros2_aruco) StdoutLine: {'line': b'writing requirements to ../../build/ros2_aruco/ros2_aruco.egg-info/requires.txt\n'}
[1.992663] (perception) StdoutLine: {'line': b"reading manifest file '../build/perception/perception.egg-info/SOURCES.txt'\n"}
[1.992727] (planning) StdoutLine: {'line': b"writing manifest file '../build/planning/planning.egg-info/SOURCES.txt'\n"}
[1.994210] (ros2_aruco) StdoutLine: {'line': b'writing top-level names to ../../build/ros2_aruco/ros2_aruco.egg-info/top_level.txt\n'}
[1.994382] (mover_services) StdoutLine: {'line': b'-- Using all available rosidl_typesupport_c: rosidl_typesupport_fastrtps_c;rosidl_typesupport_introspection_c\n'}
[1.994769] (planning) StdoutLine: {'line': b'running build\n'}
[1.994824] (planning) StdoutLine: {'line': b'running build_py\n'}
[1.995812] (perception) StdoutLine: {'line': b"writing manifest file '../build/perception/perception.egg-info/SOURCES.txt'\n"}
[1.996204] (planning) StdoutLine: {'line': b'creating /home/cc/ee106a/fa25/class/ee106a-add/106A-CATCH/lab7/src/build/planning/build\n'}
[1.996427] (planning) StdoutLine: {'line': b'creating /home/cc/ee106a/fa25/class/ee106a-add/106A-CATCH/lab7/src/build/planning/build/lib\n'}
[1.996886] (ros2_aruco) StdoutLine: {'line': b"writing manifest file '../../build/ros2_aruco/ros2_aruco.egg-info/SOURCES.txt'\n"}
[1.997289] (planning) StdoutLine: {'line': b'creating /home/cc/ee106a/fa25/class/ee106a-add/106A-CATCH/lab7/src/build/planning/build/lib/planning\n'}
[1.997394] (perception) StdoutLine: {'line': b'running build\n'}
[1.997476] (perception) StdoutLine: {'line': b'running build_py\n'}
[1.998558] (perception) StdoutLine: {'line': b'creating /home/cc/ee106a/fa25/class/ee106a-add/106A-CATCH/lab7/src/build/perception/build\n'}
[1.999008] (planning) StdoutLine: {'line': b'copying planning/__init__.py -> /home/cc/ee106a/fa25/class/ee106a-add/106A-CATCH/lab7/src/build/planning/build/lib/planning\n'}
[1.999092] (perception) StdoutLine: {'line': b'creating /home/cc/ee106a/fa25/class/ee106a-add/106A-CATCH/lab7/src/build/perception/build/lib\n'}
[2.000076] (perception) StdoutLine: {'line': b'creating /home/cc/ee106a/fa25/class/ee106a-add/106A-CATCH/lab7/src/build/perception/build/lib/perception\n'}
[2.001714] (perception) StdoutLine: {'line': b'copying perception/__init__.py -> /home/cc/ee106a/fa25/class/ee106a-add/106A-CATCH/lab7/src/build/perception/build/lib/perception\n'}
[2.003274] (planning) StdoutLine: {'line': b'copying planning/ik.py -> /home/cc/ee106a/fa25/class/ee106a-add/106A-CATCH/lab7/src/build/planning/build/lib/planning\n'}
[2.003507] (ros2_aruco) StdoutLine: {'line': b"reading manifest file '../../build/ros2_aruco/ros2_aruco.egg-info/SOURCES.txt'\n"}
[2.003621] (-) TimerEvent: {}
[2.007110] (perception) StdoutLine: {'line': b'copying perception/interactive_plane.py -> /home/cc/ee106a/fa25/class/ee106a-add/106A-CATCH/lab7/src/build/perception/build/lib/perception\n'}
[2.008230] (ros2_aruco) StdoutLine: {'line': b"writing manifest file '../../build/ros2_aruco/ros2_aruco.egg-info/SOURCES.txt'\n"}
[2.008574] (planning) StdoutLine: {'line': b'copying planning/main.py -> /home/cc/ee106a/fa25/class/ee106a-add/106A-CATCH/lab7/src/build/planning/build/lib/planning\n'}
[2.010668] (ros2_aruco) StdoutLine: {'line': b'running build\n'}
[2.010737] (ros2_aruco) StdoutLine: {'line': b'running build_py\n'}
[2.011928] (ros2_aruco) StdoutLine: {'line': b'creating /home/cc/ee106a/fa25/class/ee106a-add/106A-CATCH/lab7/src/build/ros2_aruco/build\n'}
[2.012504] (ros2_aruco) StdoutLine: {'line': b'creating /home/cc/ee106a/fa25/class/ee106a-add/106A-CATCH/lab7/src/build/ros2_aruco/build/lib\n'}
[2.013491] (ros2_aruco) StdoutLine: {'line': b'creating /home/cc/ee106a/fa25/class/ee106a-add/106A-CATCH/lab7/src/build/ros2_aruco/build/lib/ros2_aruco\n'}
[2.013543] (perception) StdoutLine: {'line': b'copying perception/process_pointcloud.py -> /home/cc/ee106a/fa25/class/ee106a-add/106A-CATCH/lab7/src/build/perception/build/lib/perception\n'}
[2.014748] (planning) StdoutLine: {'line': b'copying planning/static_tf_transform.py -> /home/cc/ee106a/fa25/class/ee106a-add/106A-CATCH/lab7/src/build/planning/build/lib/planning\n'}
[2.014968] (ros2_aruco) StdoutLine: {'line': b'copying ros2_aruco/__init__.py -> /home/cc/ee106a/fa25/class/ee106a-add/106A-CATCH/lab7/src/build/ros2_aruco/build/lib/ros2_aruco\n'}
[2.018998] (perception) StdoutLine: {'line': b'running install\n'}
[2.019352] (perception) StdoutLine: {'line': b'running install_lib\n'}
[2.021091] (planning) StdoutLine: {'line': b'copying planning/transform_cube_pose.py -> /home/cc/ee106a/fa25/class/ee106a-add/106A-CATCH/lab7/src/build/planning/build/lib/planning\n'}
[2.021548] (ros2_aruco) StdoutLine: {'line': b'copying ros2_aruco/aruco_generate_marker.py -> /home/cc/ee106a/fa25/class/ee106a-add/106A-CATCH/lab7/src/build/ros2_aruco/build/lib/ros2_aruco\n'}
[2.022664] (perception) StdoutLine: {'line': b'creating /home/cc/ee106a/fa25/class/ee106a-add/106A-CATCH/lab7/src/install/perception/lib/python3.10/site-packages/perception\n'}
[2.024079] (perception) StdoutLine: {'line': b'copying /home/cc/ee106a/fa25/class/ee106a-add/106A-CATCH/lab7/src/build/perception/build/lib/perception/__init__.py -> /home/cc/ee106a/fa25/class/ee106a-add/106A-CATCH/lab7/src/install/perception/lib/python3.10/site-packages/perception\n'}
[2.026079] (planning) StdoutLine: {'line': b'running install\n'}
[2.026353] (planning) StdoutLine: {'line': b'running install_lib\n'}
[2.027627] (ros2_aruco) StdoutLine: {'line': b'copying ros2_aruco/aruco_node.py -> /home/cc/ee106a/fa25/class/ee106a-add/106A-CATCH/lab7/src/build/ros2_aruco/build/lib/ros2_aruco\n'}
[2.029416] (planning) StdoutLine: {'line': b'creating /home/cc/ee106a/fa25/class/ee106a-add/106A-CATCH/lab7/src/install/planning/lib/python3.10/site-packages/planning\n'}
[2.030590] (perception) StdoutLine: {'line': b'copying /home/cc/ee106a/fa25/class/ee106a-add/106A-CATCH/lab7/src/build/perception/build/lib/perception/interactive_plane.py -> /home/cc/ee106a/fa25/class/ee106a-add/106A-CATCH/lab7/src/install/perception/lib/python3.10/site-packages/perception\n'}
[2.030797] (planning) StdoutLine: {'line': b'copying /home/cc/ee106a/fa25/class/ee106a-add/106A-CATCH/lab7/src/build/planning/build/lib/planning/__init__.py -> /home/cc/ee106a/fa25/class/ee106a-add/106A-CATCH/lab7/src/install/planning/lib/python3.10/site-packages/planning\n'}
[2.032737] (ros2_aruco) StdoutLine: {'line': b'running install\n'}
[2.033125] (ros2_aruco) StdoutLine: {'line': b'running install_lib\n'}
[2.036873] (ros2_aruco) StdoutLine: {'line': b'creating /home/cc/ee106a/fa25/class/ee106a-add/106A-CATCH/lab7/src/install/ros2_aruco/lib/python3.10/site-packages/ros2_aruco\n'}
[2.037868] (ros2_aruco) StdoutLine: {'line': b'copying /home/cc/ee106a/fa25/class/ee106a-add/106A-CATCH/lab7/src/build/ros2_aruco/build/lib/ros2_aruco/__init__.py -> /home/cc/ee106a/fa25/class/ee106a-add/106A-CATCH/lab7/src/install/ros2_aruco/lib/python3.10/site-packages/ros2_aruco\n'}
[2.038421] (planning) StdoutLine: {'line': b'copying /home/cc/ee106a/fa25/class/ee106a-add/106A-CATCH/lab7/src/build/planning/build/lib/planning/ik.py -> /home/cc/ee106a/fa25/class/ee106a-add/106A-CATCH/lab7/src/install/planning/lib/python3.10/site-packages/planning\n'}
[2.039373] (perception) StdoutLine: {'line': b'copying /home/cc/ee106a/fa25/class/ee106a-add/106A-CATCH/lab7/src/build/perception/build/lib/perception/process_pointcloud.py -> /home/cc/ee106a/fa25/class/ee106a-add/106A-CATCH/lab7/src/install/perception/lib/python3.10/site-packages/perception\n'}
[2.044305] (ros2_aruco) StdoutLine: {'line': b'copying /home/cc/ee106a/fa25/class/ee106a-add/106A-CATCH/lab7/src/build/ros2_aruco/build/lib/ros2_aruco/aruco_generate_marker.py -> /home/cc/ee106a/fa25/class/ee106a-add/106A-CATCH/lab7/src/install/ros2_aruco/lib/python3.10/site-packages/ros2_aruco\n'}
[2.046433] (planning) StdoutLine: {'line': b'copying /home/cc/ee106a/fa25/class/ee106a-add/106A-CATCH/lab7/src/build/planning/build/lib/planning/main.py -> /home/cc/ee106a/fa25/class/ee106a-add/106A-CATCH/lab7/src/install/planning/lib/python3.10/site-packages/planning\n'}
[2.049913] (perception) StdoutLine: {'line': b'byte-compiling /home/cc/ee106a/fa25/class/ee106a-add/106A-CATCH/lab7/src/install/perception/lib/python3.10/site-packages/perception/__init__.py to __init__.cpython-310.pyc\n'}
[2.052220] (ros2_aruco) StdoutLine: {'line': b'copying /home/cc/ee106a/fa25/class/ee106a-add/106A-CATCH/lab7/src/build/ros2_aruco/build/lib/ros2_aruco/aruco_node.py -> /home/cc/ee106a/fa25/class/ee106a-add/106A-CATCH/lab7/src/install/ros2_aruco/lib/python3.10/site-packages/ros2_aruco\n'}
[2.054729] (planning) StdoutLine: {'line': b'copying /home/cc/ee106a/fa25/class/ee106a-add/106A-CATCH/lab7/src/build/planning/build/lib/planning/static_tf_transform.py -> /home/cc/ee106a/fa25/class/ee106a-add/106A-CATCH/lab7/src/install/planning/lib/python3.10/site-packages/planning\n'}
[2.058909] (perception) StdoutLine: {'line': b'byte-compiling /home/cc/ee106a/fa25/class/ee106a-add/106A-CATCH/lab7/src/install/perception/lib/python3.10/site-packages/perception/interactive_plane.py to interactive_plane.cpython-310.pyc\n'}
[2.062866] (planning) StdoutLine: {'line': b'copying /home/cc/ee106a/fa25/class/ee106a-add/106A-CATCH/lab7/src/build/planning/build/lib/planning/transform_cube_pose.py -> /home/cc/ee106a/fa25/class/ee106a-add/106A-CATCH/lab7/src/install/planning/lib/python3.10/site-packages/planning\n'}
[2.063156] (ros2_aruco) StdoutLine: {'line': b'byte-compiling /home/cc/ee106a/fa25/class/ee106a-add/106A-CATCH/lab7/src/install/ros2_aruco/lib/python3.10/site-packages/ros2_aruco/__init__.py to __init__.cpython-310.pyc\n'}
[2.067625] (perception) StdoutLine: {'line': b'byte-compiling /home/cc/ee106a/fa25/class/ee106a-add/106A-CATCH/lab7/src/install/perception/lib/python3.10/site-packages/perception/process_pointcloud.py to process_pointcloud.cpython-310.pyc\n'}
[2.070484] (ros2_aruco) StdoutLine: {'line': b'byte-compiling /home/cc/ee106a/fa25/class/ee106a-add/106A-CATCH/lab7/src/install/ros2_aruco/lib/python3.10/site-packages/ros2_aruco/aruco_generate_marker.py to aruco_generate_marker.cpython-310.pyc\n'}
[2.072057] (planning) StdoutLine: {'line': b'byte-compiling /home/cc/ee106a/fa25/class/ee106a-add/106A-CATCH/lab7/src/install/planning/lib/python3.10/site-packages/planning/__init__.py to __init__.cpython-310.pyc\n'}
[2.074422] (perception) StdoutLine: {'line': b'running install_data\n'}
[2.074780] (perception) StdoutLine: {'line': b'creating /home/cc/ee106a/fa25/class/ee106a-add/106A-CATCH/lab7/src/install/perception/share/ament_index\n'}
[2.075298] (perception) StdoutLine: {'line': b'creating /home/cc/ee106a/fa25/class/ee106a-add/106A-CATCH/lab7/src/install/perception/share/ament_index/resource_index\n'}
[2.076205] (perception) StdoutLine: {'line': b'creating /home/cc/ee106a/fa25/class/ee106a-add/106A-CATCH/lab7/src/install/perception/share/ament_index/resource_index/packages\n'}
[2.077784] (ros2_aruco) StdoutLine: {'line': b'byte-compiling /home/cc/ee106a/fa25/class/ee106a-add/106A-CATCH/lab7/src/install/ros2_aruco/lib/python3.10/site-packages/ros2_aruco/aruco_node.py to aruco_node.cpython-310.pyc\n'}
[2.078106] (perception) StdoutLine: {'line': b'copying resource/perception -> /home/cc/ee106a/fa25/class/ee106a-add/106A-CATCH/lab7/src/install/perception/share/ament_index/resource_index/packages\n'}
[2.078728] (planning) StdoutLine: {'line': b'byte-compiling /home/cc/ee106a/fa25/class/ee106a-add/106A-CATCH/lab7/src/install/planning/lib/python3.10/site-packages/planning/ik.py to ik.cpython-310.pyc\n'}
[2.083867] (perception) StdoutLine: {'line': b'copying package.xml -> /home/cc/ee106a/fa25/class/ee106a-add/106A-CATCH/lab7/src/install/perception/share/perception\n'}
[2.086085] (ros2_aruco) StdoutLine: {'line': b'running install_data\n'}
[2.086537] (ros2_aruco) StdoutLine: {'line': b'creating /home/cc/ee106a/fa25/class/ee106a-add/106A-CATCH/lab7/src/install/ros2_aruco/share/ament_index\n'}
[2.087118] (ros2_aruco) StdoutLine: {'line': b'creating /home/cc/ee106a/fa25/class/ee106a-add/106A-CATCH/lab7/src/install/ros2_aruco/share/ament_index/resource_index\n'}
[2.087536] (planning) StdoutLine: {'line': b'byte-compiling /home/cc/ee106a/fa25/class/ee106a-add/106A-CATCH/lab7/src/install/planning/lib/python3.10/site-packages/planning/main.py to main.cpython-310.pyc\n'}
[2.088032] (ros2_aruco) StdoutLine: {'line': b'creating /home/cc/ee106a/fa25/class/ee106a-add/106A-CATCH/lab7/src/install/ros2_aruco/share/ament_index/resource_index/packages\n'}
[2.089124] (perception) StdoutLine: {'line': b'running install_egg_info\n'}
[2.089780] (ros2_aruco) StdoutLine: {'line': b'copying resource/ros2_aruco -> /home/cc/ee106a/fa25/class/ee106a-add/106A-CATCH/lab7/src/install/ros2_aruco/share/ament_index/resource_index/packages\n'}
[2.092261] (perception) StdoutLine: {'line': b'Copying ../build/perception/perception.egg-info to /home/cc/ee106a/fa25/class/ee106a-add/106A-CATCH/lab7/src/install/perception/lib/python3.10/site-packages/perception-0.0.0-py3.10.egg-info\n'}
[2.094076] (ros2_aruco) StdoutLine: {'line': b'copying package.xml -> /home/cc/ee106a/fa25/class/ee106a-add/106A-CATCH/lab7/src/install/ros2_aruco/share/ros2_aruco\n'}
[2.094630] (planning) StdoutLine: {'line': b'byte-compiling /home/cc/ee106a/fa25/class/ee106a-add/106A-CATCH/lab7/src/install/planning/lib/python3.10/site-packages/planning/static_tf_transform.py to static_tf_transform.cpython-310.pyc\n'}
[2.099138] (ros2_aruco) StdoutLine: {'line': b'creating /home/cc/ee106a/fa25/class/ee106a-add/106A-CATCH/lab7/src/install/ros2_aruco/share/ros2_aruco/launch\n'}
[2.100300] (ros2_aruco) StdoutLine: {'line': b'copying launch/aruco_recognition.launch.py -> /home/cc/ee106a/fa25/class/ee106a-add/106A-CATCH/lab7/src/install/ros2_aruco/share/ros2_aruco/launch\n'}
[2.101399] (planning) StdoutLine: {'line': b'byte-compiling /home/cc/ee106a/fa25/class/ee106a-add/106A-CATCH/lab7/src/install/planning/lib/python3.10/site-packages/planning/transform_cube_pose.py to transform_cube_pose.cpython-310.pyc\n'}
[2.103722] (-) TimerEvent: {}
[2.105662] (ros2_aruco) StdoutLine: {'line': b'creating /home/cc/ee106a/fa25/class/ee106a-add/106A-CATCH/lab7/src/install/ros2_aruco/share/ros2_aruco/config\n'}
[2.106965] (planning) StdoutLine: {'line': b'running install_data\n'}
[2.107332] (ros2_aruco) StdoutLine: {'line': b'copying config/aruco_parameters.yaml -> /home/cc/ee106a/fa25/class/ee106a-add/106A-CATCH/lab7/src/install/ros2_aruco/share/ros2_aruco/config\n'}
[2.107888] (planning) StdoutLine: {'line': b'creating /home/cc/ee106a/fa25/class/ee106a-add/106A-CATCH/lab7/src/install/planning/share/ament_index\n'}
[2.108036] (planning) StdoutLine: {'line': b'creating /home/cc/ee106a/fa25/class/ee106a-add/106A-CATCH/lab7/src/install/planning/share/ament_index/resource_index\n'}
[2.109224] (planning) StdoutLine: {'line': b'creating /home/cc/ee106a/fa25/class/ee106a-add/106A-CATCH/lab7/src/install/planning/share/ament_index/resource_index/packages\n'}
[2.111312] (planning) StdoutLine: {'line': b'copying resource/planning -> /home/cc/ee106a/fa25/class/ee106a-add/106A-CATCH/lab7/src/install/planning/share/ament_index/resource_index/packages\n'}
[2.111939] (ros2_aruco) StdoutLine: {'line': b'copying config/aruco_parameters_old.yaml -> /home/cc/ee106a/fa25/class/ee106a-add/106A-CATCH/lab7/src/install/ros2_aruco/share/ros2_aruco/config\n'}
[2.115378] (planning) StdoutLine: {'line': b'copying package.xml -> /home/cc/ee106a/fa25/class/ee106a-add/106A-CATCH/lab7/src/install/planning/share/planning\n'}
[2.117388] (ros2_aruco) StdoutLine: {'line': b'running install_egg_info\n'}
[2.120260] (ros2_aruco) StdoutLine: {'line': b'Copying ../../build/ros2_aruco/ros2_aruco.egg-info to /home/cc/ee106a/fa25/class/ee106a-add/106A-CATCH/lab7/src/install/ros2_aruco/lib/python3.10/site-packages/ros2_aruco-0.1.0-py3.10.egg-info\n'}
[2.120901] (planning) StdoutLine: {'line': b'creating /home/cc/ee106a/fa25/class/ee106a-add/106A-CATCH/lab7/src/install/planning/share/planning/launch\n'}
[2.122378] (planning) StdoutLine: {'line': b'copying launch/lab7_bringup.launch.py -> /home/cc/ee106a/fa25/class/ee106a-add/106A-CATCH/lab7/src/install/planning/share/planning/launch\n'}
[2.127287] (planning) StdoutLine: {'line': b'running install_egg_info\n'}
[2.130236] (planning) StdoutLine: {'line': b'Copying ../build/planning/planning.egg-info to /home/cc/ee106a/fa25/class/ee106a-add/106A-CATCH/lab7/src/install/planning/lib/python3.10/site-packages/planning-0.0.0-py3.10.egg-info\n'}
[2.138139] (perception) StdoutLine: {'line': b'running install_scripts\n'}
[2.152568] (ros2_aruco_interfaces) StdoutLine: {'line': b'-- Found geometry_msgs: 4.9.0 (/opt/ros/humble/share/geometry_msgs/cmake)\n'}
[2.161387] (perception) StdoutLine: {'line': b'Installing interactive_plane script to /home/cc/ee106a/fa25/class/ee106a-add/106A-CATCH/lab7/src/install/perception/lib/perception\n'}
[2.162577] (ros2_aruco) StdoutLine: {'line': b'running install_scripts\n'}
[2.164208] (perception) StdoutLine: {'line': b'Installing process_pointcloud script to /home/cc/ee106a/fa25/class/ee106a-add/106A-CATCH/lab7/src/install/perception/lib/perception\n'}
[2.168178] (perception) StdoutLine: {'line': b"writing list of installed files to '/home/cc/ee106a/fa25/class/ee106a-add/106A-CATCH/lab7/src/build/perception/install.log'\n"}
[2.170568] (planning) StdoutLine: {'line': b'running install_scripts\n'}
[2.187049] (ros2_aruco) StdoutLine: {'line': b'Installing aruco_generate_marker script to /home/cc/ee106a/fa25/class/ee106a-add/106A-CATCH/lab7/src/install/ros2_aruco/lib/ros2_aruco\n'}
[2.187803] (perception) CommandEnded: {'returncode': 0}
[2.190207] (ros2_aruco) StdoutLine: {'line': b'Installing aruco_node script to /home/cc/ee106a/fa25/class/ee106a-add/106A-CATCH/lab7/src/install/ros2_aruco/lib/ros2_aruco\n'}
[2.193440] (ros2_aruco) StdoutLine: {'line': b"writing list of installed files to '/home/cc/ee106a/fa25/class/ee106a-add/106A-CATCH/lab7/src/build/ros2_aruco/install.log'\n"}
[2.193789] (planning) StdoutLine: {'line': b'Installing ik script to /home/cc/ee106a/fa25/class/ee106a-add/106A-CATCH/lab7/src/install/planning/lib/planning\n'}
[2.197312] (planning) StdoutLine: {'line': b'Installing main script to /home/cc/ee106a/fa25/class/ee106a-add/106A-CATCH/lab7/src/install/planning/lib/planning\n'}
[2.200520] (planning) StdoutLine: {'line': b'Installing tf script to /home/cc/ee106a/fa25/class/ee106a-add/106A-CATCH/lab7/src/install/planning/lib/planning\n'}
[2.203107] (planning) StdoutLine: {'line': b'Installing transform_cube_pose script to /home/cc/ee106a/fa25/class/ee106a-add/106A-CATCH/lab7/src/install/planning/lib/planning\n'}
[2.203762] (-) TimerEvent: {}
[2.206228] (planning) StdoutLine: {'line': b"writing list of installed files to '/home/cc/ee106a/fa25/class/ee106a-add/106A-CATCH/lab7/src/build/planning/install.log'\n"}
[2.224615] (ros2_aruco_interfaces) StdoutLine: {'line': b'-- Found rosidl_generator_c: 3.1.7 (/opt/ros/humble/share/rosidl_generator_c/cmake)\n'}
[2.235111] (ros2_aruco_interfaces) StdoutLine: {'line': b'-- Found rosidl_adapter: 3.1.7 (/opt/ros/humble/share/rosidl_adapter/cmake)\n'}
[2.237344] (perception) JobEnded: {'identifier': 'perception', 'rc': 0}
[2.241292] (ros2_aruco) CommandEnded: {'returncode': 0}
[2.250535] (ros2_aruco_interfaces) StdoutLine: {'line': b'-- Found rosidl_generator_cpp: 3.1.7 (/opt/ros/humble/share/rosidl_generator_cpp/cmake)\n'}
[2.267981] (ros2_aruco_interfaces) StdoutLine: {'line': b'-- Using all available rosidl_typesupport_c: rosidl_typesupport_fastrtps_c;rosidl_typesupport_introspection_c\n'}
[2.281149] (ros2_aruco) JobEnded: {'identifier': 'ros2_aruco', 'rc': 0}
[2.285232] (planning) CommandEnded: {'returncode': 0}
[2.294953] (ros2_aruco_interfaces) StdoutLine: {'line': b'-- Using all available rosidl_typesupport_cpp: rosidl_typesupport_fastrtps_cpp;rosidl_typesupport_introspection_cpp\n'}
[2.303867] (-) TimerEvent: {}
[2.325640] (planning) JobEnded: {'identifier': 'planning', 'rc': 0}
[2.344172] (ros2_aruco_interfaces) StdoutLine: {'line': b'-- Found rosidl_default_generators: 1.2.0 (/opt/ros/humble/share/rosidl_default_generators/cmake)\n'}
[2.403969] (-) TimerEvent: {}
[2.504222] (-) TimerEvent: {}
[2.523143] (mover_services) StdoutLine: {'line': b'-- Using all available rosidl_typesupport_cpp: rosidl_typesupport_fastrtps_cpp;rosidl_typesupport_introspection_cpp\n'}
[2.556599] (mover_services) StdoutLine: {'line': b'-- Found PythonInterp: /usr/bin/python3 (found suitable version "3.10.12", minimum required is "3.6") \n'}
[2.560975] (mover_services) StdoutLine: {'line': b'-- Found python_cmake_module: 0.10.0 (/opt/ros/humble/share/python_cmake_module/cmake)\n'}
[2.598531] (mover_services) StdoutLine: {'line': b'-- Found PythonLibs: /usr/lib/x86_64-linux-gnu/libpython3.10.so (found suitable version "3.10.12", minimum required is "3.5") \n'}
[2.598697] (mover_services) StdoutLine: {'line': b'-- Using PYTHON_EXECUTABLE: /usr/bin/python3\n'}
[2.599181] (mover_services) StdoutLine: {'line': b'-- Using PYTHON_INCLUDE_DIRS: /usr/include/python3.10\n'}
[2.599219] (mover_services) StdoutLine: {'line': b'-- Using PYTHON_LIBRARIES: /usr/lib/x86_64-linux-gnu/libpython3.10.so\n'}
[2.604307] (-) TimerEvent: {}
[2.628939] (mover_services) StdoutLine: {'line': b'-- Found PythonExtra: .so  \n'}
[2.704443] (-) TimerEvent: {}
[2.761382] (mover_services) StdoutLine: {'line': b'-- Found ament_lint_auto: 0.12.14 (/opt/ros/humble/share/ament_lint_auto/cmake)\n'}
[2.804595] (-) TimerEvent: {}
[2.905101] (-) TimerEvent: {}
[2.942522] (mover_services) StdoutLine: {'line': b"-- Added test 'lint_cmake' to check CMake code style\n"}
[2.958256] (ros2_aruco_interfaces) StdoutLine: {'line': b'-- Found ament_cmake_ros: 0.10.0 (/opt/ros/humble/share/ament_cmake_ros/cmake)\n'}
[2.964008] (mover_services) StdoutLine: {'line': b"-- Added test 'xmllint' to check XML markup files\n"}
[3.005195] (-) TimerEvent: {}
[3.043098] (mover_services) StdoutLine: {'line': b'-- Configuring done\n'}
[3.105289] (-) TimerEvent: {}
[3.205563] (-) TimerEvent: {}
[3.305976] (-) TimerEvent: {}
[3.406244] (-) TimerEvent: {}
[3.506507] (-) TimerEvent: {}
[3.606865] (-) TimerEvent: {}
[3.707338] (-) TimerEvent: {}
[3.770014] (mover_services) StdoutLine: {'line': b'-- Generating done\n'}
[3.807422] (-) TimerEvent: {}
[3.907655] (-) TimerEvent: {}
[3.927338] (mover_services) StdoutLine: {'line': b'-- Build files have been written to: /home/cc/ee106a/fa25/class/ee106a-add/106A-CATCH/lab7/src/build/mover_services\n'}
[3.932234] (mover_services) CommandEnded: {'returncode': 0}
[3.933378] (mover_services) JobProgress: {'identifier': 'mover_services', 'progress': 'build'}
[3.935516] (mover_services) Command: {'cmd': ['/usr/bin/cmake', '--build', '/home/cc/ee106a/fa25/class/ee106a-add/106A-CATCH/lab7/src/build/mover_services', '--', '-j32', '-l32'], 'cwd': '/home/cc/ee106a/fa25/class/ee106a-add/106A-CATCH/lab7/src/build/mover_services', 'env': OrderedDict([('ARCH', 'x86_64'), ('QT_SCALE_FACTOR', '1'), ('USER', 'ee106a-add'), ('HOSTNAME', 'ros2'), ('XDG_SESSION_TYPE', 'x11'), ('MASTERDIR', '/home/ff/ee106a'), ('COMPIZ_CONFIG_PROFILE', 'mate'), ('XDG_CACHE_HOME', '/home/cc/ee106a/fa25/class/ee106a-add/.cache'), ('SHLVL', '2'), ('LD_LIBRARY_PATH', '/home/ff/ee106a/librealsense/build/Release:/usr/lib/x86_64-linux-gnu/gazebo-11/plugins:/opt/ros/humble/opt/rviz_ogre_vendor/lib:/opt/ros/humble/lib/x86_64-linux-gnu:/opt/ros/humble/lib'), ('HOME', '/home/cc/ee106a/fa25/class/ee106a-add'), ('OLDPWD', '/'), ('DESKTOP_SESSION', 'mate'), ('ROS_PYTHON_VERSION', '3'), ('GTK_MODULES', 'gail:atk-bridge:appmenu-gtk-module:gail:atk-bridge:canberra-gtk-module'), ('EE106_UR_ROBOT_IP', '192.168.1.101'), ('DISTROBOX_ENTER_PATH', '/usr/local/bin/distrobox-enter'), ('SYSTEMD_EXEC_PID', '153033'), ('NNTPSERVER', 'news.csua.berkeley.edu'), ('VISUAL', 'emacs'), ('XDG_STATE_HOME', '/home/cc/ee106a/fa25/class/ee106a-add/.local/state'), ('DBUS_SESSION_BUS_ADDRESS', 'unix:path=/run/user/90081/bus'), ('COLORTERM', 'truecolor'), ('container', 'podman'), ('UBUNTU_MENUPROXY', '1'), ('QT_QPA_PLATFORMTHEME', 'gtk2'), ('COLCON_PREFIX_PATH', '/home/ff/ee106a/robot_workspaces/ur/install'), ('ROS_DISTRO', 'humble'), ('GTK_IM_MODULE', 'ibus'), ('LOGNAME', 'ee106a-add'), ('MASTER', 'ee106a'), ('WINDOWID', '50331654'), ('ROS_VERSION', '2'), ('XDG_SESSION_CLASS', 'user'), ('TERMINFO_DIRS', '/usr/share/terminfo:/run/host/usr/share/terminfo'), ('USERNAME', 'ee106a-add'), ('TERM', 'xterm-256color'), ('GTK_OVERLAY_SCROLLING', '0'), ('XDG_SESSION_ID', '689'), ('ROS_LOCALHOST_ONLY', '0'), ('WINDOWPATH', '2'), ('PATH', '/opt/ros/humble/bin:/share/b/grading/bin:/home/ff/ee106a/bin:/home/ff/ee106a/bin/arch/x86_64:/share/b/grading/bin:/home/ff/ee106a/bin:/home/ff/ee106a/bin/arch/x86_64:/usr/local/sbin:/usr/local/bin:/usr/sbin:/usr/bin:/sbin:/bin:/usr/games:/usr/local/games:/snap/bin:/snap/bin:/share/b/grading/bin:/share/b/grading/sbin:/share/b/runas/x86_64:/share/b/bin:/home/ff/ee106a/venvs/all:/usr/local/sbin:/usr/local/bin:/usr/sbin:/usr/bin:/sbin:/bin:/share/b/grading/bin:/share/b/grading/sbin:/share/b/runas/x86_64:/share/b/bin:/home/ff/ee106a/venvs/all'), ('SESSION_MANAGER', 'local/c105-7:@/tmp/.ICE-unix/153116,unix/c105-7:/tmp/.ICE-unix/153116'), ('OS', 'Linux'), ('XDG_RUNTIME_DIR', '/run/user/90081'), ('DISPLAY', ':1'), ('LANG', 'en_US.UTF-8'), ('XDG_CURRENT_DESKTOP', 'MATE'), ('XDG_DATA_HOME', '/home/cc/ee106a/fa25/class/ee106a-add/.local/share'), ('XDG_CONFIG_HOME', '/home/cc/ee106a/fa25/class/ee106a-add/.config'), ('XMODIFIERS', '@im=ibus'), ('XDG_SESSION_DESKTOP', 'mate'), ('XAUTHORITY', '/run/user/90081/gdm/Xauthority'), ('SSH_AUTH_SOCK', '/run/user/90081/keyring/ssh'), ('ROS_DOMAIN_ID', '27'), ('AMENT_PREFIX_PATH', '/home/ff/ee106a/robot_workspaces/ur/install/ur7e_utils:/opt/ros/humble'), ('SHELL', '/usr/bin/bash'), ('QT_ACCESSIBILITY', '1'), ('EE106_UR_ROBOT_NAME', 'r2d2'), ('GDMSESSION', 'mate'), ('RUNAS', '/share/b/runas/x86_64'), ('GPG_AGENT_INFO', '/run/user/90081/gnupg/S.gpg-agent:0:1'), ('CONFIG_SHELL', '/usr/bin/ksh'), ('QT_IM_MODULE', 'ibus'), ('PWD', '/home/cc/ee106a/fa25/class/ee106a-add/106A-CATCH/lab7/src/build/mover_services'), ('EE106_ENV_SETUP', 'ur_ros2'), ('CONTAINER_ID', 'ros2'), ('LC_ALL', 'C.UTF-8'), ('XDG_CONFIG_DIRS', '/etc/xdg/xdg-mate:/etc/xdg'), ('CLUTTER_IM_MODULE', 'ibus'), ('XDG_DATA_DIRS', '/usr/share/mate:/usr/share/mate:/usr/share/gnome:/home/cc/ee106a/fa25/class/ee106a-add/.local/share/flatpak/exports/share:/var/lib/flatpak/exports/share:/usr/local/share/:/usr/share/:/var/lib/snapd/desktop:/usr/local/share:/usr/share'), ('PYTHONPATH', '/home/ff/ee106a/robot_workspaces/ur/install/ur7e_utils/lib/python3.10/site-packages:/opt/ros/humble/lib/python3.10/site-packages:/opt/ros/humble/local/lib/python3.10/dist-packages'), ('MATE_DESKTOP_SESSION_ID', 'this-is-deprecated'), ('COLCON', '1'), ('MANPATH', '/usr/local/man:/usr/man:/usr/X11/man:/usr/local/man:/share/b/grading/man:/usr/local/man:/usr/man:/usr/X11/man:/usr/local/man:/share/b/grading/man:'), ('VTE_VERSION', '6800'), ('EDITOR', 'emacs'), ('QT_FONT_DPI', '122'), ('CMAKE_PREFIX_PATH', '/home/ff/ee106a/robot_workspaces/ur/install/ur7e_utils:/opt/ros/humble')]), 'shell': False}
[4.007763] (-) TimerEvent: {}
[4.039203] (mover_services) StdoutLine: {'line': b'[  2%] \x1b[34m\x1b[1mGenerating C code for ROS interfaces\x1b[0m\n'}
[4.060605] (mover_services) StdoutLine: {'line': b'[  5%] \x1b[34m\x1b[1mGenerating C++ code for ROS interfaces\x1b[0m\n'}
[4.087349] (mover_services) StdoutLine: {'line': b'[  5%] Built target ament_cmake_python_copy_mover_services\n'}
[4.107860] (-) TimerEvent: {}
[4.208150] (-) TimerEvent: {}
[4.308424] (-) TimerEvent: {}
[4.408706] (-) TimerEvent: {}
[4.414348] (mover_services) StdoutLine: {'line': b'[ 10%] \x1b[32mBuilding C object CMakeFiles/mover_services__rosidl_generator_c.dir/rosidl_generator_c/mover_services/srv/detail/move_abs__functions.c.o\x1b[0m\n'}
[4.415534] (mover_services) StdoutLine: {'line': b'[ 10%] \x1b[32mBuilding C object CMakeFiles/mover_services__rosidl_generator_c.dir/rosidl_generator_c/mover_services/srv/detail/move_dir__functions.c.o\x1b[0m\n'}
[4.416172] (mover_services) StdoutLine: {'line': b'[ 10%] Built target mover_services__cpp\n'}
[4.458164] (mover_services) StdoutLine: {'line': b'[ 12%] \x1b[34m\x1b[1mGenerating C++ type support dispatch for ROS interfaces\x1b[0m\n'}
[4.464575] (mover_services) StdoutLine: {'line': b'[ 17%] \x1b[34m\x1b[1mGenerating C++ type support for eProsima Fast-RTPS\x1b[0m\n'}
[4.465362] (mover_services) StdoutLine: {'line': b'[ 17%] \x1b[34m\x1b[1mGenerating C++ introspection for ROS interfaces\x1b[0m\n'}
[4.487556] (mover_services) StdoutLine: {'line': b'running egg_info\n'}
[4.488603] (mover_services) StdoutLine: {'line': b'creating mover_services.egg-info\n'}
[4.489802] (mover_services) StdoutLine: {'line': b'writing mover_services.egg-info/PKG-INFO\n'}
[4.492834] (mover_services) StdoutLine: {'line': b'writing dependency_links to mover_services.egg-info/dependency_links.txt\n'}
[4.495876] (mover_services) StdoutLine: {'line': b'writing top-level names to mover_services.egg-info/top_level.txt\n'}
[4.498470] (mover_services) StdoutLine: {'line': b"writing manifest file 'mover_services.egg-info/SOURCES.txt'\n"}
[4.506037] (mover_services) StdoutLine: {'line': b"reading manifest file 'mover_services.egg-info/SOURCES.txt'\n"}
[4.508769] (-) TimerEvent: {}
[4.509338] (mover_services) StdoutLine: {'line': b"writing manifest file 'mover_services.egg-info/SOURCES.txt'\n"}
[4.526239] (ros2_aruco_interfaces) StdoutLine: {'line': b'-- Using all available rosidl_typesupport_c: rosidl_typesupport_fastrtps_c;rosidl_typesupport_introspection_c\n'}
[4.529084] (mover_services) StdoutLine: {'line': b'[ 20%] \x1b[32m\x1b[1mLinking C shared library libmover_services__rosidl_generator_c.so\x1b[0m\n'}
[4.542735] (mover_services) StdoutLine: {'line': b'[ 20%] Built target ament_cmake_python_build_mover_services_egg\n'}
[4.596612] (mover_services) StdoutLine: {'line': b'[ 20%] Built target mover_services__rosidl_generator_c\n'}
[4.608864] (-) TimerEvent: {}
[4.636660] (mover_services) StdoutLine: {'line': b'[ 28%] \x1b[34m\x1b[1mGenerating C type support dispatch for ROS interfaces\x1b[0m\n'}
[4.636807] (mover_services) StdoutLine: {'line': b'[ 28%] \x1b[34m\x1b[1mGenerating C introspection for ROS interfaces\x1b[0m\n'}
[4.637834] (mover_services) StdoutLine: {'line': b'[ 28%] \x1b[34m\x1b[1mGenerating C type support for eProsima Fast-RTPS\x1b[0m\n'}
[4.708944] (-) TimerEvent: {}
[4.730385] (mover_services) StdoutLine: {'line': b'[ 33%] \x1b[32mBuilding CXX object CMakeFiles/mover_services__rosidl_typesupport_cpp.dir/rosidl_typesupport_cpp/mover_services/srv/move_abs__type_support.cpp.o\x1b[0m\n'}
[4.731341] (mover_services) StdoutLine: {'line': b'[ 33%] \x1b[32mBuilding CXX object CMakeFiles/mover_services__rosidl_typesupport_cpp.dir/rosidl_typesupport_cpp/mover_services/srv/move_dir__type_support.cpp.o\x1b[0m\n'}
[4.787487] (mover_services) StdoutLine: {'line': b'[ 38%] \x1b[32mBuilding CXX object CMakeFiles/mover_services__rosidl_typesupport_introspection_cpp.dir/rosidl_typesupport_introspection_cpp/mover_services/srv/detail/move_abs__type_support.cpp.o\x1b[0m\n'}
[4.787702] (mover_services) StdoutLine: {'line': b'[ 38%] \x1b[32mBuilding CXX object CMakeFiles/mover_services__rosidl_typesupport_introspection_cpp.dir/rosidl_typesupport_introspection_cpp/mover_services/srv/detail/move_dir__type_support.cpp.o\x1b[0m\n'}
[4.799989] (mover_services) StdoutLine: {'line': b'[ 41%] \x1b[32mBuilding CXX object CMakeFiles/mover_services__rosidl_typesupport_fastrtps_cpp.dir/rosidl_typesupport_fastrtps_cpp/mover_services/srv/detail/dds_fastrtps/move_dir__type_support.cpp.o\x1b[0m\n'}
[4.804099] (mover_services) StdoutLine: {'line': b'[ 43%] \x1b[32mBuilding CXX object CMakeFiles/mover_services__rosidl_typesupport_fastrtps_cpp.dir/rosidl_typesupport_fastrtps_cpp/mover_services/srv/detail/dds_fastrtps/move_abs__type_support.cpp.o\x1b[0m\n'}
[4.809022] (-) TimerEvent: {}
[4.909271] (-) TimerEvent: {}
[4.936834] (mover_services) StdoutLine: {'line': b'[ 48%] \x1b[32mBuilding CXX object CMakeFiles/mover_services__rosidl_typesupport_c.dir/rosidl_typesupport_c/mover_services/srv/move_abs__type_support.cpp.o\x1b[0m\n'}
[4.937090] (mover_services) StdoutLine: {'line': b'[ 48%] \x1b[32mBuilding CXX object CMakeFiles/mover_services__rosidl_typesupport_c.dir/rosidl_typesupport_c/mover_services/srv/move_dir__type_support.cpp.o\x1b[0m\n'}
[5.003143] (mover_services) StdoutLine: {'line': b'[ 58%] \x1b[32mBuilding C object CMakeFiles/mover_services__rosidl_typesupport_introspection_c.dir/rosidl_typesupport_introspection_c/mover_services/srv/detail/move_dir__type_support.c.o\x1b[0m\n'}
[5.003400] (mover_services) StdoutLine: {'line': b'[ 58%] \x1b[32mBuilding CXX object CMakeFiles/mover_services__rosidl_typesupport_fastrtps_c.dir/rosidl_typesupport_fastrtps_c/mover_services/srv/detail/move_dir__type_support_c.cpp.o\x1b[0m\n'}
[5.003875] (mover_services) StdoutLine: {'line': b'[ 58%] \x1b[32mBuilding C object CMakeFiles/mover_services__rosidl_typesupport_introspection_c.dir/rosidl_typesupport_introspection_c/mover_services/srv/detail/move_abs__type_support.c.o\x1b[0m\n'}
[5.003930] (mover_services) StdoutLine: {'line': b'[ 58%] \x1b[32mBuilding CXX object CMakeFiles/mover_services__rosidl_typesupport_fastrtps_c.dir/rosidl_typesupport_fastrtps_c/mover_services/srv/detail/move_abs__type_support_c.cpp.o\x1b[0m\n'}
[5.009363] (-) TimerEvent: {}
[5.010706] (mover_services) StdoutLine: {'line': b'[ 64%] \x1b[32m\x1b[1mLinking CXX shared library libmover_services__rosidl_typesupport_cpp.so\x1b[0m\n'}
[5.010841] (mover_services) StdoutLine: {'line': b'[ 64%] \x1b[32m\x1b[1mLinking CXX shared library libmover_services__rosidl_typesupport_c.so\x1b[0m\n'}
[5.109491] (-) TimerEvent: {}
[5.110378] (mover_services) StdoutLine: {'line': b'[ 66%] \x1b[32m\x1b[1mLinking C shared library libmover_services__rosidl_typesupport_introspection_c.so\x1b[0m\n'}
[5.114334] (mover_services) StdoutLine: {'line': b'[ 66%] Built target mover_services__rosidl_typesupport_cpp\n'}
[5.115498] (mover_services) StdoutLine: {'line': b'[ 66%] Built target mover_services__rosidl_typesupport_c\n'}
[5.171171] (mover_services) StdoutLine: {'line': b'[ 69%] \x1b[32m\x1b[1mLinking CXX shared library libmover_services__rosidl_typesupport_introspection_cpp.so\x1b[0m\n'}
[5.198411] (mover_services) StdoutLine: {'line': b'[ 69%] Built target mover_services__rosidl_typesupport_introspection_c\n'}
[5.209559] (-) TimerEvent: {}
[5.240722] (mover_services) StdoutLine: {'line': b'[ 71%] \x1b[32m\x1b[1mLinking CXX shared library libmover_services__rosidl_typesupport_fastrtps_cpp.so\x1b[0m\n'}
[5.262772] (mover_services) StdoutLine: {'line': b'[ 71%] Built target mover_services__rosidl_typesupport_introspection_cpp\n'}
[5.274064] (ros2_aruco_interfaces) StdoutLine: {'line': b'-- Using all available rosidl_typesupport_cpp: rosidl_typesupport_fastrtps_cpp;rosidl_typesupport_introspection_cpp\n'}
[5.309540] (ros2_aruco_interfaces) StdoutLine: {'line': b'-- Found PythonInterp: /usr/bin/python3 (found suitable version "3.10.12", minimum required is "3.6") \n'}
[5.309728] (-) TimerEvent: {}
[5.314473] (ros2_aruco_interfaces) StdoutLine: {'line': b'-- Found python_cmake_module: 0.10.0 (/opt/ros/humble/share/python_cmake_module/cmake)\n'}
[5.333296] (mover_services) StdoutLine: {'line': b'[ 71%] Built target mover_services__rosidl_typesupport_fastrtps_cpp\n'}
[5.348252] (ros2_aruco_interfaces) StdoutLine: {'line': b'-- Found PythonLibs: /usr/lib/x86_64-linux-gnu/libpython3.10.so (found suitable version "3.10.12", minimum required is "3.5") \n'}
[5.348479] (ros2_aruco_interfaces) StdoutLine: {'line': b'-- Using PYTHON_EXECUTABLE: /usr/bin/python3\n'}
[5.348960] (ros2_aruco_interfaces) StdoutLine: {'line': b'-- Using PYTHON_INCLUDE_DIRS: /usr/include/python3.10\n'}
[5.349315] (ros2_aruco_interfaces) StdoutLine: {'line': b'-- Using PYTHON_LIBRARIES: /usr/lib/x86_64-linux-gnu/libpython3.10.so\n'}
[5.381014] (ros2_aruco_interfaces) StdoutLine: {'line': b'-- Found PythonExtra: .so  \n'}
[5.409864] (-) TimerEvent: {}
[5.450055] (mover_services) StdoutLine: {'line': b'[ 74%] \x1b[32m\x1b[1mLinking CXX shared library libmover_services__rosidl_typesupport_fastrtps_c.so\x1b[0m\n'}
[5.509968] (-) TimerEvent: {}
[5.540444] (mover_services) StdoutLine: {'line': b'[ 74%] Built target mover_services__rosidl_typesupport_fastrtps_c\n'}
[5.583479] (mover_services) StdoutLine: {'line': b'[ 74%] Built target mover_services\n'}
[5.610053] (-) TimerEvent: {}
[5.624955] (mover_services) StdoutLine: {'line': b'[ 76%] \x1b[34m\x1b[1mGenerating Python code for ROS interfaces\x1b[0m\n'}
[5.657659] (ros2_aruco_interfaces) StdoutLine: {'line': b'-- Found ament_lint_auto: 0.12.14 (/opt/ros/humble/share/ament_lint_auto/cmake)\n'}
[5.710135] (-) TimerEvent: {}
[5.806290] (ros2_aruco_interfaces) StdoutLine: {'line': b"-- Added test 'copyright' to check source files copyright and LICENSE\n"}
[5.810214] (-) TimerEvent: {}
[5.820792] (ros2_aruco_interfaces) StdoutLine: {'line': b"-- Added test 'lint_cmake' to check CMake code style\n"}
[5.830035] (ros2_aruco_interfaces) StdoutLine: {'line': b"-- Added test 'xmllint' to check XML markup files\n"}
[5.891477] (ros2_aruco_interfaces) StdoutLine: {'line': b'-- Configuring done\n'}
[5.910299] (-) TimerEvent: {}
[6.010521] (-) TimerEvent: {}
[6.072078] (mover_services) StdoutLine: {'line': b'[ 76%] Built target mover_services__py\n'}
[6.110620] (-) TimerEvent: {}
[6.124724] (mover_services) StdoutLine: {'line': b'[ 82%] \x1b[32mBuilding C object CMakeFiles/mover_services__rosidl_generator_py.dir/rosidl_generator_py/mover_services/srv/_move_dir_s.c.o\x1b[0m\n'}
[6.124920] (mover_services) StdoutLine: {'line': b'[ 82%] \x1b[32mBuilding C object CMakeFiles/mover_services__rosidl_generator_py.dir/rosidl_generator_py/mover_services/srv/_move_abs_s.c.o\x1b[0m\n'}
[6.210714] (-) TimerEvent: {}
[6.260118] (mover_services) StdoutLine: {'line': b'[ 84%] \x1b[32m\x1b[1mLinking C shared library rosidl_generator_py/mover_services/libmover_services__rosidl_generator_py.so\x1b[0m\n'}
[6.310802] (-) TimerEvent: {}
[6.328623] (mover_services) StdoutLine: {'line': b'[ 84%] Built target mover_services__rosidl_generator_py\n'}
[6.406239] (mover_services) StdoutLine: {'line': b'[ 92%] \x1b[32mBuilding C object CMakeFiles/mover_services__rosidl_typesupport_fastrtps_c__pyext.dir/rosidl_generator_py/mover_services/_mover_services_s.ep.rosidl_typesupport_fastrtps_c.c.o\x1b[0m\n'}
[6.406432] (mover_services) StdoutLine: {'line': b'[ 92%] \x1b[32mBuilding C object CMakeFiles/mover_services__rosidl_typesupport_c__pyext.dir/rosidl_generator_py/mover_services/_mover_services_s.ep.rosidl_typesupport_c.c.o\x1b[0m\n'}
[6.406503] (mover_services) StdoutLine: {'line': b'[ 92%] \x1b[32mBuilding C object CMakeFiles/mover_services__rosidl_typesupport_introspection_c__pyext.dir/rosidl_generator_py/mover_services/_mover_services_s.ep.rosidl_typesupport_introspection_c.c.o\x1b[0m\n'}
[6.410901] (-) TimerEvent: {}
[6.511098] (-) TimerEvent: {}
[6.535003] (mover_services) StdoutLine: {'line': b'[ 94%] \x1b[32m\x1b[1mLinking C shared library rosidl_generator_py/mover_services/mover_services_s__rosidl_typesupport_introspection_c.cpython-310-x86_64-linux-gnu.so\x1b[0m\n'}
[6.541745] (mover_services) StdoutLine: {'line': b'[100%] \x1b[32m\x1b[1mLinking C shared library rosidl_generator_py/mover_services/mover_services_s__rosidl_typesupport_c.cpython-310-x86_64-linux-gnu.so\x1b[0m\n'}
[6.541819] (mover_services) StdoutLine: {'line': b'[100%] \x1b[32m\x1b[1mLinking C shared library rosidl_generator_py/mover_services/mover_services_s__rosidl_typesupport_fastrtps_c.cpython-310-x86_64-linux-gnu.so\x1b[0m\n'}
[6.600409] (mover_services) StdoutLine: {'line': b'[100%] Built target mover_services__rosidl_typesupport_introspection_c__pyext\n'}
[6.606417] (mover_services) StdoutLine: {'line': b'[100%] Built target mover_services__rosidl_typesupport_c__pyext\n'}
[6.611182] (-) TimerEvent: {}
[6.616393] (mover_services) StdoutLine: {'line': b'[100%] Built target mover_services__rosidl_typesupport_fastrtps_c__pyext\n'}
[6.618851] (ros2_aruco_interfaces) StdoutLine: {'line': b'-- Generating done\n'}
[6.663733] (mover_services) CommandEnded: {'returncode': 0}
[6.666657] (mover_services) JobProgress: {'identifier': 'mover_services', 'progress': 'install'}
[6.679535] (mover_services) Command: {'cmd': ['/usr/bin/cmake', '--install', '/home/cc/ee106a/fa25/class/ee106a-add/106A-CATCH/lab7/src/build/mover_services'], 'cwd': '/home/cc/ee106a/fa25/class/ee106a-add/106A-CATCH/lab7/src/build/mover_services', 'env': OrderedDict([('ARCH', 'x86_64'), ('QT_SCALE_FACTOR', '1'), ('USER', 'ee106a-add'), ('HOSTNAME', 'ros2'), ('XDG_SESSION_TYPE', 'x11'), ('MASTERDIR', '/home/ff/ee106a'), ('COMPIZ_CONFIG_PROFILE', 'mate'), ('XDG_CACHE_HOME', '/home/cc/ee106a/fa25/class/ee106a-add/.cache'), ('SHLVL', '2'), ('LD_LIBRARY_PATH', '/home/ff/ee106a/librealsense/build/Release:/usr/lib/x86_64-linux-gnu/gazebo-11/plugins:/opt/ros/humble/opt/rviz_ogre_vendor/lib:/opt/ros/humble/lib/x86_64-linux-gnu:/opt/ros/humble/lib'), ('HOME', '/home/cc/ee106a/fa25/class/ee106a-add'), ('OLDPWD', '/'), ('DESKTOP_SESSION', 'mate'), ('ROS_PYTHON_VERSION', '3'), ('GTK_MODULES', 'gail:atk-bridge:appmenu-gtk-module:gail:atk-bridge:canberra-gtk-module'), ('EE106_UR_ROBOT_IP', '192.168.1.101'), ('DISTROBOX_ENTER_PATH', '/usr/local/bin/distrobox-enter'), ('SYSTEMD_EXEC_PID', '153033'), ('NNTPSERVER', 'news.csua.berkeley.edu'), ('VISUAL', 'emacs'), ('XDG_STATE_HOME', '/home/cc/ee106a/fa25/class/ee106a-add/.local/state'), ('DBUS_SESSION_BUS_ADDRESS', 'unix:path=/run/user/90081/bus'), ('COLORTERM', 'truecolor'), ('container', 'podman'), ('UBUNTU_MENUPROXY', '1'), ('QT_QPA_PLATFORMTHEME', 'gtk2'), ('COLCON_PREFIX_PATH', '/home/ff/ee106a/robot_workspaces/ur/install'), ('ROS_DISTRO', 'humble'), ('GTK_IM_MODULE', 'ibus'), ('LOGNAME', 'ee106a-add'), ('MASTER', 'ee106a'), ('WINDOWID', '50331654'), ('ROS_VERSION', '2'), ('XDG_SESSION_CLASS', 'user'), ('TERMINFO_DIRS', '/usr/share/terminfo:/run/host/usr/share/terminfo'), ('USERNAME', 'ee106a-add'), ('TERM', 'xterm-256color'), ('GTK_OVERLAY_SCROLLING', '0'), ('XDG_SESSION_ID', '689'), ('ROS_LOCALHOST_ONLY', '0'), ('WINDOWPATH', '2'), ('PATH', '/opt/ros/humble/bin:/share/b/grading/bin:/home/ff/ee106a/bin:/home/ff/ee106a/bin/arch/x86_64:/share/b/grading/bin:/home/ff/ee106a/bin:/home/ff/ee106a/bin/arch/x86_64:/usr/local/sbin:/usr/local/bin:/usr/sbin:/usr/bin:/sbin:/bin:/usr/games:/usr/local/games:/snap/bin:/snap/bin:/share/b/grading/bin:/share/b/grading/sbin:/share/b/runas/x86_64:/share/b/bin:/home/ff/ee106a/venvs/all:/usr/local/sbin:/usr/local/bin:/usr/sbin:/usr/bin:/sbin:/bin:/share/b/grading/bin:/share/b/grading/sbin:/share/b/runas/x86_64:/share/b/bin:/home/ff/ee106a/venvs/all'), ('SESSION_MANAGER', 'local/c105-7:@/tmp/.ICE-unix/153116,unix/c105-7:/tmp/.ICE-unix/153116'), ('OS', 'Linux'), ('XDG_RUNTIME_DIR', '/run/user/90081'), ('DISPLAY', ':1'), ('LANG', 'en_US.UTF-8'), ('XDG_CURRENT_DESKTOP', 'MATE'), ('XDG_DATA_HOME', '/home/cc/ee106a/fa25/class/ee106a-add/.local/share'), ('XDG_CONFIG_HOME', '/home/cc/ee106a/fa25/class/ee106a-add/.config'), ('XMODIFIERS', '@im=ibus'), ('XDG_SESSION_DESKTOP', 'mate'), ('XAUTHORITY', '/run/user/90081/gdm/Xauthority'), ('SSH_AUTH_SOCK', '/run/user/90081/keyring/ssh'), ('ROS_DOMAIN_ID', '27'), ('AMENT_PREFIX_PATH', '/home/ff/ee106a/robot_workspaces/ur/install/ur7e_utils:/opt/ros/humble'), ('SHELL', '/usr/bin/bash'), ('QT_ACCESSIBILITY', '1'), ('EE106_UR_ROBOT_NAME', 'r2d2'), ('GDMSESSION', 'mate'), ('RUNAS', '/share/b/runas/x86_64'), ('GPG_AGENT_INFO', '/run/user/90081/gnupg/S.gpg-agent:0:1'), ('CONFIG_SHELL', '/usr/bin/ksh'), ('QT_IM_MODULE', 'ibus'), ('PWD', '/home/cc/ee106a/fa25/class/ee106a-add/106A-CATCH/lab7/src/build/mover_services'), ('EE106_ENV_SETUP', 'ur_ros2'), ('CONTAINER_ID', 'ros2'), ('LC_ALL', 'C.UTF-8'), ('XDG_CONFIG_DIRS', '/etc/xdg/xdg-mate:/etc/xdg'), ('CLUTTER_IM_MODULE', 'ibus'), ('XDG_DATA_DIRS', '/usr/share/mate:/usr/share/mate:/usr/share/gnome:/home/cc/ee106a/fa25/class/ee106a-add/.local/share/flatpak/exports/share:/var/lib/flatpak/exports/share:/usr/local/share/:/usr/share/:/var/lib/snapd/desktop:/usr/local/share:/usr/share'), ('PYTHONPATH', '/home/ff/ee106a/robot_workspaces/ur/install/ur7e_utils/lib/python3.10/site-packages:/opt/ros/humble/lib/python3.10/site-packages:/opt/ros/humble/local/lib/python3.10/dist-packages'), ('MATE_DESKTOP_SESSION_ID', 'this-is-deprecated'), ('COLCON', '1'), ('MANPATH', '/usr/local/man:/usr/man:/usr/X11/man:/usr/local/man:/share/b/grading/man:/usr/local/man:/usr/man:/usr/X11/man:/usr/local/man:/share/b/grading/man:'), ('VTE_VERSION', '6800'), ('EDITOR', 'emacs'), ('QT_FONT_DPI', '122'), ('CMAKE_PREFIX_PATH', '/home/ff/ee106a/robot_workspaces/ur/install/ur7e_utils:/opt/ros/humble')]), 'shell': False}
[6.694179] (mover_services) StdoutLine: {'line': b'-- Install configuration: ""\n'}
[6.701389] (mover_services) StdoutLine: {'line': b'-- Installing: /home/cc/ee106a/fa25/class/ee106a-add/106A-CATCH/lab7/src/install/mover_services/share/ament_index/resource_index/rosidl_interfaces/mover_services\n'}
[6.709151] (mover_services) StdoutLine: {'line': b'-- Installing: /home/cc/ee106a/fa25/class/ee106a-add/106A-CATCH/lab7/src/install/mover_services/include/mover_services/mover_services\n'}
[6.711248] (-) TimerEvent: {}
[6.715621] (mover_services) StdoutLine: {'line': b'-- Installing: /home/cc/ee106a/fa25/class/ee106a-add/106A-CATCH/lab7/src/install/mover_services/include/mover_services/mover_services/msg\n'}
[6.722088] (mover_services) StdoutLine: {'line': b'-- Installing: /home/cc/ee106a/fa25/class/ee106a-add/106A-CATCH/lab7/src/install/mover_services/include/mover_services/mover_services/msg/rosidl_generator_c__visibility_control.h\n'}
[6.729320] (mover_services) StdoutLine: {'line': b'-- Installing: /home/cc/ee106a/fa25/class/ee106a-add/106A-CATCH/lab7/src/install/mover_services/include/mover_services/mover_services/srv\n'}
[6.735557] (mover_services) StdoutLine: {'line': b'-- Installing: /home/cc/ee106a/fa25/class/ee106a-add/106A-CATCH/lab7/src/install/mover_services/include/mover_services/mover_services/srv/move_dir.h\n'}
[6.744481] (mover_services) StdoutLine: {'line': b'-- Installing: /home/cc/ee106a/fa25/class/ee106a-add/106A-CATCH/lab7/src/install/mover_services/include/mover_services/mover_services/srv/detail\n'}
[6.750828] (mover_services) StdoutLine: {'line': b'-- Installing: /home/cc/ee106a/fa25/class/ee106a-add/106A-CATCH/lab7/src/install/mover_services/include/mover_services/mover_services/srv/detail/move_dir__functions.c\n'}
[6.759132] (mover_services) StdoutLine: {'line': b'-- Installing: /home/cc/ee106a/fa25/class/ee106a-add/106A-CATCH/lab7/src/install/mover_services/include/mover_services/mover_services/srv/detail/move_dir__functions.h\n'}
[6.766403] (mover_services) StdoutLine: {'line': b'-- Installing: /home/cc/ee106a/fa25/class/ee106a-add/106A-CATCH/lab7/src/install/mover_services/include/mover_services/mover_services/srv/detail/move_dir__struct.h\n'}
[6.774463] (mover_services) StdoutLine: {'line': b'-- Installing: /home/cc/ee106a/fa25/class/ee106a-add/106A-CATCH/lab7/src/install/mover_services/include/mover_services/mover_services/srv/detail/move_dir__type_support.h\n'}
[6.782003] (mover_services) StdoutLine: {'line': b'-- Installing: /home/cc/ee106a/fa25/class/ee106a-add/106A-CATCH/lab7/src/install/mover_services/include/mover_services/mover_services/srv/detail/move_abs__functions.c\n'}
[6.782818] (ros2_aruco_interfaces) StdoutLine: {'line': b'-- Build files have been written to: /home/cc/ee106a/fa25/class/ee106a-add/106A-CATCH/lab7/src/build/ros2_aruco_interfaces\n'}
[6.788717] (mover_services) StdoutLine: {'line': b'-- Installing: /home/cc/ee106a/fa25/class/ee106a-add/106A-CATCH/lab7/src/install/mover_services/include/mover_services/mover_services/srv/detail/move_abs__functions.h\n'}
[6.791964] (ros2_aruco_interfaces) CommandEnded: {'returncode': 0}
[6.793396] (ros2_aruco_interfaces) JobProgress: {'identifier': 'ros2_aruco_interfaces', 'progress': 'build'}
[6.794417] (ros2_aruco_interfaces) Command: {'cmd': ['/usr/bin/cmake', '--build', '/home/cc/ee106a/fa25/class/ee106a-add/106A-CATCH/lab7/src/build/ros2_aruco_interfaces', '--', '-j32', '-l32'], 'cwd': '/home/cc/ee106a/fa25/class/ee106a-add/106A-CATCH/lab7/src/build/ros2_aruco_interfaces', 'env': OrderedDict([('ARCH', 'x86_64'), ('QT_SCALE_FACTOR', '1'), ('USER', 'ee106a-add'), ('HOSTNAME', 'ros2'), ('XDG_SESSION_TYPE', 'x11'), ('MASTERDIR', '/home/ff/ee106a'), ('COMPIZ_CONFIG_PROFILE', 'mate'), ('XDG_CACHE_HOME', '/home/cc/ee106a/fa25/class/ee106a-add/.cache'), ('SHLVL', '2'), ('LD_LIBRARY_PATH', '/home/ff/ee106a/librealsense/build/Release:/usr/lib/x86_64-linux-gnu/gazebo-11/plugins:/opt/ros/humble/opt/rviz_ogre_vendor/lib:/opt/ros/humble/lib/x86_64-linux-gnu:/opt/ros/humble/lib'), ('HOME', '/home/cc/ee106a/fa25/class/ee106a-add'), ('OLDPWD', '/'), ('DESKTOP_SESSION', 'mate'), ('ROS_PYTHON_VERSION', '3'), ('GTK_MODULES', 'gail:atk-bridge:appmenu-gtk-module:gail:atk-bridge:canberra-gtk-module'), ('EE106_UR_ROBOT_IP', '192.168.1.101'), ('DISTROBOX_ENTER_PATH', '/usr/local/bin/distrobox-enter'), ('SYSTEMD_EXEC_PID', '153033'), ('NNTPSERVER', 'news.csua.berkeley.edu'), ('VISUAL', 'emacs'), ('XDG_STATE_HOME', '/home/cc/ee106a/fa25/class/ee106a-add/.local/state'), ('DBUS_SESSION_BUS_ADDRESS', 'unix:path=/run/user/90081/bus'), ('COLORTERM', 'truecolor'), ('container', 'podman'), ('UBUNTU_MENUPROXY', '1'), ('QT_QPA_PLATFORMTHEME', 'gtk2'), ('COLCON_PREFIX_PATH', '/home/ff/ee106a/robot_workspaces/ur/install'), ('ROS_DISTRO', 'humble'), ('GTK_IM_MODULE', 'ibus'), ('LOGNAME', 'ee106a-add'), ('MASTER', 'ee106a'), ('WINDOWID', '50331654'), ('ROS_VERSION', '2'), ('XDG_SESSION_CLASS', 'user'), ('TERMINFO_DIRS', '/usr/share/terminfo:/run/host/usr/share/terminfo'), ('USERNAME', 'ee106a-add'), ('TERM', 'xterm-256color'), ('GTK_OVERLAY_SCROLLING', '0'), ('XDG_SESSION_ID', '689'), ('ROS_LOCALHOST_ONLY', '0'), ('WINDOWPATH', '2'), ('PATH', '/opt/ros/humble/bin:/share/b/grading/bin:/home/ff/ee106a/bin:/home/ff/ee106a/bin/arch/x86_64:/share/b/grading/bin:/home/ff/ee106a/bin:/home/ff/ee106a/bin/arch/x86_64:/usr/local/sbin:/usr/local/bin:/usr/sbin:/usr/bin:/sbin:/bin:/usr/games:/usr/local/games:/snap/bin:/snap/bin:/share/b/grading/bin:/share/b/grading/sbin:/share/b/runas/x86_64:/share/b/bin:/home/ff/ee106a/venvs/all:/usr/local/sbin:/usr/local/bin:/usr/sbin:/usr/bin:/sbin:/bin:/share/b/grading/bin:/share/b/grading/sbin:/share/b/runas/x86_64:/share/b/bin:/home/ff/ee106a/venvs/all'), ('SESSION_MANAGER', 'local/c105-7:@/tmp/.ICE-unix/153116,unix/c105-7:/tmp/.ICE-unix/153116'), ('OS', 'Linux'), ('XDG_RUNTIME_DIR', '/run/user/90081'), ('DISPLAY', ':1'), ('LANG', 'en_US.UTF-8'), ('XDG_CURRENT_DESKTOP', 'MATE'), ('XDG_DATA_HOME', '/home/cc/ee106a/fa25/class/ee106a-add/.local/share'), ('XDG_CONFIG_HOME', '/home/cc/ee106a/fa25/class/ee106a-add/.config'), ('XMODIFIERS', '@im=ibus'), ('XDG_SESSION_DESKTOP', 'mate'), ('XAUTHORITY', '/run/user/90081/gdm/Xauthority'), ('SSH_AUTH_SOCK', '/run/user/90081/keyring/ssh'), ('ROS_DOMAIN_ID', '27'), ('AMENT_PREFIX_PATH', '/home/ff/ee106a/robot_workspaces/ur/install/ur7e_utils:/opt/ros/humble'), ('SHELL', '/usr/bin/bash'), ('QT_ACCESSIBILITY', '1'), ('EE106_UR_ROBOT_NAME', 'r2d2'), ('GDMSESSION', 'mate'), ('RUNAS', '/share/b/runas/x86_64'), ('GPG_AGENT_INFO', '/run/user/90081/gnupg/S.gpg-agent:0:1'), ('CONFIG_SHELL', '/usr/bin/ksh'), ('QT_IM_MODULE', 'ibus'), ('PWD', '/home/cc/ee106a/fa25/class/ee106a-add/106A-CATCH/lab7/src/build/ros2_aruco_interfaces'), ('EE106_ENV_SETUP', 'ur_ros2'), ('CONTAINER_ID', 'ros2'), ('LC_ALL', 'C.UTF-8'), ('XDG_CONFIG_DIRS', '/etc/xdg/xdg-mate:/etc/xdg'), ('CLUTTER_IM_MODULE', 'ibus'), ('XDG_DATA_DIRS', '/usr/share/mate:/usr/share/mate:/usr/share/gnome:/home/cc/ee106a/fa25/class/ee106a-add/.local/share/flatpak/exports/share:/var/lib/flatpak/exports/share:/usr/local/share/:/usr/share/:/var/lib/snapd/desktop:/usr/local/share:/usr/share'), ('PYTHONPATH', '/home/ff/ee106a/robot_workspaces/ur/install/ur7e_utils/lib/python3.10/site-packages:/opt/ros/humble/lib/python3.10/site-packages:/opt/ros/humble/local/lib/python3.10/dist-packages'), ('MATE_DESKTOP_SESSION_ID', 'this-is-deprecated'), ('COLCON', '1'), ('MANPATH', '/usr/local/man:/usr/man:/usr/X11/man:/usr/local/man:/share/b/grading/man:/usr/local/man:/usr/man:/usr/X11/man:/usr/local/man:/share/b/grading/man:'), ('VTE_VERSION', '6800'), ('EDITOR', 'emacs'), ('QT_FONT_DPI', '122'), ('CMAKE_PREFIX_PATH', '/home/ff/ee106a/robot_workspaces/ur/install/ur7e_utils:/opt/ros/humble')]), 'shell': False}
[6.796795] (mover_services) StdoutLine: {'line': b'-- Installing: /home/cc/ee106a/fa25/class/ee106a-add/106A-CATCH/lab7/src/install/mover_services/include/mover_services/mover_services/srv/detail/move_abs__struct.h\n'}
[6.802403] (mover_services) StdoutLine: {'line': b'-- Installing: /home/cc/ee106a/fa25/class/ee106a-add/106A-CATCH/lab7/src/install/mover_services/include/mover_services/mover_services/srv/detail/move_abs__type_support.h\n'}
[6.808626] (mover_services) StdoutLine: {'line': b'-- Installing: /home/cc/ee106a/fa25/class/ee106a-add/106A-CATCH/lab7/src/install/mover_services/include/mover_services/mover_services/srv/move_abs.h\n'}
[6.811343] (-) TimerEvent: {}
[6.821266] (mover_services) StdoutLine: {'line': b'-- Installing: /home/cc/ee106a/fa25/class/ee106a-add/106A-CATCH/lab7/src/install/mover_services/share/mover_services/environment/library_path.sh\n'}
[6.826405] (mover_services) StdoutLine: {'line': b'-- Installing: /home/cc/ee106a/fa25/class/ee106a-add/106A-CATCH/lab7/src/install/mover_services/share/mover_services/environment/library_path.dsv\n'}
[6.836903] (mover_services) StdoutLine: {'line': b'-- Installing: /home/cc/ee106a/fa25/class/ee106a-add/106A-CATCH/lab7/src/install/mover_services/lib/libmover_services__rosidl_generator_c.so\n'}
[6.848683] (mover_services) StdoutLine: {'line': b'-- Set runtime path of "/home/cc/ee106a/fa25/class/ee106a-add/106A-CATCH/lab7/src/install/mover_services/lib/libmover_services__rosidl_generator_c.so" to ""\n'}
[6.849089] (mover_services) StdoutLine: {'line': b'-- Up-to-date: /home/cc/ee106a/fa25/class/ee106a-add/106A-CATCH/lab7/src/install/mover_services/include/mover_services/mover_services\n'}
[6.850883] (mover_services) StdoutLine: {'line': b'-- Up-to-date: /home/cc/ee106a/fa25/class/ee106a-add/106A-CATCH/lab7/src/install/mover_services/include/mover_services/mover_services/msg\n'}
[6.853003] (mover_services) StdoutLine: {'line': b'-- Installing: /home/cc/ee106a/fa25/class/ee106a-add/106A-CATCH/lab7/src/install/mover_services/include/mover_services/mover_services/msg/rosidl_typesupport_fastrtps_c__visibility_control.h\n'}
[6.860321] (mover_services) StdoutLine: {'line': b'-- Up-to-date: /home/cc/ee106a/fa25/class/ee106a-add/106A-CATCH/lab7/src/install/mover_services/include/mover_services/mover_services/srv\n'}
[6.861669] (mover_services) StdoutLine: {'line': b'-- Up-to-date: /home/cc/ee106a/fa25/class/ee106a-add/106A-CATCH/lab7/src/install/mover_services/include/mover_services/mover_services/srv/detail\n'}
[6.862911] (mover_services) StdoutLine: {'line': b'-- Installing: /home/cc/ee106a/fa25/class/ee106a-add/106A-CATCH/lab7/src/install/mover_services/include/mover_services/mover_services/srv/detail/move_dir__rosidl_typesupport_fastrtps_c.h\n'}
[6.874939] (mover_services) StdoutLine: {'line': b'-- Installing: /home/cc/ee106a/fa25/class/ee106a-add/106A-CATCH/lab7/src/install/mover_services/include/mover_services/mover_services/srv/detail/move_abs__rosidl_typesupport_fastrtps_c.h\n'}
[6.882558] (mover_services) StdoutLine: {'line': b'-- Installing: /home/cc/ee106a/fa25/class/ee106a-add/106A-CATCH/lab7/src/install/mover_services/lib/libmover_services__rosidl_typesupport_fastrtps_c.so\n'}
[6.893780] (mover_services) StdoutLine: {'line': b'-- Set runtime path of "/home/cc/ee106a/fa25/class/ee106a-add/106A-CATCH/lab7/src/install/mover_services/lib/libmover_services__rosidl_typesupport_fastrtps_c.so" to ""\n'}
[6.894007] (ros2_aruco_interfaces) StdoutLine: {'line': b'[  3%] \x1b[34m\x1b[1mGenerating C code for ROS interfaces\x1b[0m\n'}
[6.894397] (mover_services) StdoutLine: {'line': b'-- Up-to-date: /home/cc/ee106a/fa25/class/ee106a-add/106A-CATCH/lab7/src/install/mover_services/include/mover_services/mover_services\n'}
[6.895430] (mover_services) StdoutLine: {'line': b'-- Up-to-date: /home/cc/ee106a/fa25/class/ee106a-add/106A-CATCH/lab7/src/install/mover_services/include/mover_services/mover_services/msg\n'}
[6.896802] (mover_services) StdoutLine: {'line': b'-- Installing: /home/cc/ee106a/fa25/class/ee106a-add/106A-CATCH/lab7/src/install/mover_services/include/mover_services/mover_services/msg/rosidl_typesupport_introspection_c__visibility_control.h\n'}
[6.906548] (mover_services) StdoutLine: {'line': b'-- Up-to-date: /home/cc/ee106a/fa25/class/ee106a-add/106A-CATCH/lab7/src/install/mover_services/include/mover_services/mover_services/srv\n'}
[6.908196] (mover_services) StdoutLine: {'line': b'-- Up-to-date: /home/cc/ee106a/fa25/class/ee106a-add/106A-CATCH/lab7/src/install/mover_services/include/mover_services/mover_services/srv/detail\n'}
[6.909726] (mover_services) StdoutLine: {'line': b'-- Installing: /home/cc/ee106a/fa25/class/ee106a-add/106A-CATCH/lab7/src/install/mover_services/include/mover_services/mover_services/srv/detail/move_dir__rosidl_typesupport_introspection_c.h\n'}
[6.911406] (-) TimerEvent: {}
[6.917181] (ros2_aruco_interfaces) StdoutLine: {'line': b'[  6%] \x1b[34m\x1b[1mGenerating C++ code for ROS interfaces\x1b[0m\n'}
[6.918343] (mover_services) StdoutLine: {'line': b'-- Installing: /home/cc/ee106a/fa25/class/ee106a-add/106A-CATCH/lab7/src/install/mover_services/include/mover_services/mover_services/srv/detail/move_dir__type_support.c\n'}
[6.927534] (mover_services) StdoutLine: {'line': b'-- Installing: /home/cc/ee106a/fa25/class/ee106a-add/106A-CATCH/lab7/src/install/mover_services/include/mover_services/mover_services/srv/detail/move_abs__rosidl_typesupport_introspection_c.h\n'}
[6.933872] (mover_services) StdoutLine: {'line': b'-- Installing: /home/cc/ee106a/fa25/class/ee106a-add/106A-CATCH/lab7/src/install/mover_services/include/mover_services/mover_services/srv/detail/move_abs__type_support.c\n'}
[6.939618] (ros2_aruco_interfaces) StdoutLine: {'line': b'[  6%] Built target ament_cmake_python_copy_ros2_aruco_interfaces\n'}
[6.941872] (mover_services) StdoutLine: {'line': b'-- Installing: /home/cc/ee106a/fa25/class/ee106a-add/106A-CATCH/lab7/src/install/mover_services/lib/libmover_services__rosidl_typesupport_introspection_c.so\n'}
[6.953731] (mover_services) StdoutLine: {'line': b'-- Set runtime path of "/home/cc/ee106a/fa25/class/ee106a-add/106A-CATCH/lab7/src/install/mover_services/lib/libmover_services__rosidl_typesupport_introspection_c.so" to ""\n'}
[6.955311] (mover_services) StdoutLine: {'line': b'-- Installing: /home/cc/ee106a/fa25/class/ee106a-add/106A-CATCH/lab7/src/install/mover_services/lib/libmover_services__rosidl_typesupport_c.so\n'}
[6.965562] (mover_services) StdoutLine: {'line': b'-- Set runtime path of "/home/cc/ee106a/fa25/class/ee106a-add/106A-CATCH/lab7/src/install/mover_services/lib/libmover_services__rosidl_typesupport_c.so" to ""\n'}
[6.966030] (mover_services) StdoutLine: {'line': b'-- Up-to-date: /home/cc/ee106a/fa25/class/ee106a-add/106A-CATCH/lab7/src/install/mover_services/include/mover_services/mover_services\n'}
[6.967510] (mover_services) StdoutLine: {'line': b'-- Up-to-date: /home/cc/ee106a/fa25/class/ee106a-add/106A-CATCH/lab7/src/install/mover_services/include/mover_services/mover_services/msg\n'}
[6.969527] (mover_services) StdoutLine: {'line': b'-- Installing: /home/cc/ee106a/fa25/class/ee106a-add/106A-CATCH/lab7/src/install/mover_services/include/mover_services/mover_services/msg/rosidl_generator_cpp__visibility_control.hpp\n'}
[6.978199] (mover_services) StdoutLine: {'line': b'-- Up-to-date: /home/cc/ee106a/fa25/class/ee106a-add/106A-CATCH/lab7/src/install/mover_services/include/mover_services/mover_services/srv\n'}
[6.979954] (mover_services) StdoutLine: {'line': b'-- Installing: /home/cc/ee106a/fa25/class/ee106a-add/106A-CATCH/lab7/src/install/mover_services/include/mover_services/mover_services/srv/move_dir.hpp\n'}
[6.986652] (mover_services) StdoutLine: {'line': b'-- Up-to-date: /home/cc/ee106a/fa25/class/ee106a-add/106A-CATCH/lab7/src/install/mover_services/include/mover_services/mover_services/srv/detail\n'}
[6.988344] (mover_services) StdoutLine: {'line': b'-- Installing: /home/cc/ee106a/fa25/class/ee106a-add/106A-CATCH/lab7/src/install/mover_services/include/mover_services/mover_services/srv/detail/move_dir__builder.hpp\n'}
[6.996102] (mover_services) StdoutLine: {'line': b'-- Installing: /home/cc/ee106a/fa25/class/ee106a-add/106A-CATCH/lab7/src/install/mover_services/include/mover_services/mover_services/srv/detail/move_dir__struct.hpp\n'}
[7.003979] (mover_services) StdoutLine: {'line': b'-- Installing: /home/cc/ee106a/fa25/class/ee106a-add/106A-CATCH/lab7/src/install/mover_services/include/mover_services/mover_services/srv/detail/move_dir__traits.hpp\n'}
[7.011211] (mover_services) StdoutLine: {'line': b'-- Installing: /home/cc/ee106a/fa25/class/ee106a-add/106A-CATCH/lab7/src/install/mover_services/include/mover_services/mover_services/srv/detail/move_dir__type_support.hpp\n'}
[7.011463] (-) TimerEvent: {}
[7.019241] (mover_services) StdoutLine: {'line': b'-- Installing: /home/cc/ee106a/fa25/class/ee106a-add/106A-CATCH/lab7/src/install/mover_services/include/mover_services/mover_services/srv/detail/move_abs__builder.hpp\n'}
[7.026182] (mover_services) StdoutLine: {'line': b'-- Installing: /home/cc/ee106a/fa25/class/ee106a-add/106A-CATCH/lab7/src/install/mover_services/include/mover_services/mover_services/srv/detail/move_abs__struct.hpp\n'}
[7.032615] (mover_services) StdoutLine: {'line': b'-- Installing: /home/cc/ee106a/fa25/class/ee106a-add/106A-CATCH/lab7/src/install/mover_services/include/mover_services/mover_services/srv/detail/move_abs__traits.hpp\n'}
[7.040048] (mover_services) StdoutLine: {'line': b'-- Installing: /home/cc/ee106a/fa25/class/ee106a-add/106A-CATCH/lab7/src/install/mover_services/include/mover_services/mover_services/srv/detail/move_abs__type_support.hpp\n'}
[7.046988] (mover_services) StdoutLine: {'line': b'-- Installing: /home/cc/ee106a/fa25/class/ee106a-add/106A-CATCH/lab7/src/install/mover_services/include/mover_services/mover_services/srv/move_abs.hpp\n'}
[7.053579] (mover_services) StdoutLine: {'line': b'-- Up-to-date: /home/cc/ee106a/fa25/class/ee106a-add/106A-CATCH/lab7/src/install/mover_services/include/mover_services/mover_services\n'}
[7.054846] (mover_services) StdoutLine: {'line': b'-- Up-to-date: /home/cc/ee106a/fa25/class/ee106a-add/106A-CATCH/lab7/src/install/mover_services/include/mover_services/mover_services/msg\n'}
[7.056350] (mover_services) StdoutLine: {'line': b'-- Installing: /home/cc/ee106a/fa25/class/ee106a-add/106A-CATCH/lab7/src/install/mover_services/include/mover_services/mover_services/msg/rosidl_typesupport_fastrtps_cpp__visibility_control.h\n'}
[7.063522] (mover_services) StdoutLine: {'line': b'-- Up-to-date: /home/cc/ee106a/fa25/class/ee106a-add/106A-CATCH/lab7/src/install/mover_services/include/mover_services/mover_services/srv\n'}
[7.064996] (mover_services) StdoutLine: {'line': b'-- Up-to-date: /home/cc/ee106a/fa25/class/ee106a-add/106A-CATCH/lab7/src/install/mover_services/include/mover_services/mover_services/srv/detail\n'}
[7.066713] (mover_services) StdoutLine: {'line': b'-- Installing: /home/cc/ee106a/fa25/class/ee106a-add/106A-CATCH/lab7/src/install/mover_services/include/mover_services/mover_services/srv/detail/move_dir__rosidl_typesupport_fastrtps_cpp.hpp\n'}
[7.073900] (mover_services) StdoutLine: {'line': b'-- Installing: /home/cc/ee106a/fa25/class/ee106a-add/106A-CATCH/lab7/src/install/mover_services/include/mover_services/mover_services/srv/detail/dds_fastrtps\n'}
[7.079737] (mover_services) StdoutLine: {'line': b'-- Installing: /home/cc/ee106a/fa25/class/ee106a-add/106A-CATCH/lab7/src/install/mover_services/include/mover_services/mover_services/srv/detail/move_abs__rosidl_typesupport_fastrtps_cpp.hpp\n'}
[7.087514] (mover_services) StdoutLine: {'line': b'-- Installing: /home/cc/ee106a/fa25/class/ee106a-add/106A-CATCH/lab7/src/install/mover_services/lib/libmover_services__rosidl_typesupport_fastrtps_cpp.so\n'}
[7.100279] (mover_services) StdoutLine: {'line': b'-- Set runtime path of "/home/cc/ee106a/fa25/class/ee106a-add/106A-CATCH/lab7/src/install/mover_services/lib/libmover_services__rosidl_typesupport_fastrtps_cpp.so" to ""\n'}
[7.100715] (mover_services) StdoutLine: {'line': b'-- Up-to-date: /home/cc/ee106a/fa25/class/ee106a-add/106A-CATCH/lab7/src/install/mover_services/include/mover_services/mover_services\n'}
[7.102201] (mover_services) StdoutLine: {'line': b'-- Up-to-date: /home/cc/ee106a/fa25/class/ee106a-add/106A-CATCH/lab7/src/install/mover_services/include/mover_services/mover_services/srv\n'}
[7.103961] (mover_services) StdoutLine: {'line': b'-- Up-to-date: /home/cc/ee106a/fa25/class/ee106a-add/106A-CATCH/lab7/src/install/mover_services/include/mover_services/mover_services/srv/detail\n'}
[7.105402] (mover_services) StdoutLine: {'line': b'-- Installing: /home/cc/ee106a/fa25/class/ee106a-add/106A-CATCH/lab7/src/install/mover_services/include/mover_services/mover_services/srv/detail/move_dir__rosidl_typesupport_introspection_cpp.hpp\n'}
[7.111568] (-) TimerEvent: {}
[7.113103] (mover_services) StdoutLine: {'line': b'-- Installing: /home/cc/ee106a/fa25/class/ee106a-add/106A-CATCH/lab7/src/install/mover_services/include/mover_services/mover_services/srv/detail/move_dir__type_support.cpp\n'}
[7.119304] (mover_services) StdoutLine: {'line': b'-- Installing: /home/cc/ee106a/fa25/class/ee106a-add/106A-CATCH/lab7/src/install/mover_services/include/mover_services/mover_services/srv/detail/move_abs__rosidl_typesupport_introspection_cpp.hpp\n'}
[7.126656] (mover_services) StdoutLine: {'line': b'-- Installing: /home/cc/ee106a/fa25/class/ee106a-add/106A-CATCH/lab7/src/install/mover_services/include/mover_services/mover_services/srv/detail/move_abs__type_support.cpp\n'}
[7.134611] (mover_services) StdoutLine: {'line': b'-- Installing: /home/cc/ee106a/fa25/class/ee106a-add/106A-CATCH/lab7/src/install/mover_services/lib/libmover_services__rosidl_typesupport_introspection_cpp.so\n'}
[7.148425] (mover_services) StdoutLine: {'line': b'-- Set runtime path of "/home/cc/ee106a/fa25/class/ee106a-add/106A-CATCH/lab7/src/install/mover_services/lib/libmover_services__rosidl_typesupport_introspection_cpp.so" to ""\n'}
[7.149971] (mover_services) StdoutLine: {'line': b'-- Installing: /home/cc/ee106a/fa25/class/ee106a-add/106A-CATCH/lab7/src/install/mover_services/lib/libmover_services__rosidl_typesupport_cpp.so\n'}
[7.150547] (ros2_aruco_interfaces) StdoutLine: {'line': b'[  6%] Built target ros2_aruco_interfaces__cpp\n'}
[7.166277] (mover_services) StdoutLine: {'line': b'-- Set runtime path of "/home/cc/ee106a/fa25/class/ee106a-add/106A-CATCH/lab7/src/install/mover_services/lib/libmover_services__rosidl_typesupport_cpp.so" to ""\n'}
[7.167532] (mover_services) StdoutLine: {'line': b'-- Installing: /home/cc/ee106a/fa25/class/ee106a-add/106A-CATCH/lab7/src/install/mover_services/share/mover_services/environment/pythonpath.sh\n'}
[7.180190] (mover_services) StdoutLine: {'line': b'-- Installing: /home/cc/ee106a/fa25/class/ee106a-add/106A-CATCH/lab7/src/install/mover_services/share/mover_services/environment/pythonpath.dsv\n'}
[7.186228] (mover_services) StdoutLine: {'line': b'-- Installing: /home/cc/ee106a/fa25/class/ee106a-add/106A-CATCH/lab7/src/install/mover_services/local/lib/python3.10/dist-packages/mover_services-0.0.0-py3.10.egg-info\n'}
[7.194202] (mover_services) StdoutLine: {'line': b'-- Installing: /home/cc/ee106a/fa25/class/ee106a-add/106A-CATCH/lab7/src/install/mover_services/local/lib/python3.10/dist-packages/mover_services-0.0.0-py3.10.egg-info/PKG-INFO\n'}
[7.200084] (ros2_aruco_interfaces) StdoutLine: {'line': b'[ 19%] \x1b[34m\x1b[1mGenerating C++ type support for eProsima Fast-RTPS\x1b[0m\n'}
[7.200242] (ros2_aruco_interfaces) StdoutLine: {'line': b'[ 19%] \x1b[34m\x1b[1mGenerating C++ introspection for ROS interfaces\x1b[0m\n'}
[7.200344] (ros2_aruco_interfaces) StdoutLine: {'line': b'[ 19%] \x1b[34m\x1b[1mGenerating C++ type support dispatch for ROS interfaces\x1b[0m\n'}
[7.201078] (ros2_aruco_interfaces) StdoutLine: {'line': b'[ 19%] \x1b[32mBuilding C object CMakeFiles/ros2_aruco_interfaces__rosidl_generator_c.dir/rosidl_generator_c/ros2_aruco_interfaces/msg/detail/aruco_markers__functions.c.o\x1b[0m\n'}
[7.205028] (mover_services) StdoutLine: {'line': b'-- Installing: /home/cc/ee106a/fa25/class/ee106a-add/106A-CATCH/lab7/src/install/mover_services/local/lib/python3.10/dist-packages/mover_services-0.0.0-py3.10.egg-info/dependency_links.txt\n'}
[7.211601] (mover_services) StdoutLine: {'line': b'-- Installing: /home/cc/ee106a/fa25/class/ee106a-add/106A-CATCH/lab7/src/install/mover_services/local/lib/python3.10/dist-packages/mover_services-0.0.0-py3.10.egg-info/top_level.txt\n'}
[7.211773] (-) TimerEvent: {}
[7.219384] (mover_services) StdoutLine: {'line': b'-- Installing: /home/cc/ee106a/fa25/class/ee106a-add/106A-CATCH/lab7/src/install/mover_services/local/lib/python3.10/dist-packages/mover_services-0.0.0-py3.10.egg-info/SOURCES.txt\n'}
[7.227009] (mover_services) StdoutLine: {'line': b'-- Installing: /home/cc/ee106a/fa25/class/ee106a-add/106A-CATCH/lab7/src/install/mover_services/local/lib/python3.10/dist-packages/mover_services\n'}
[7.233717] (mover_services) StdoutLine: {'line': b'-- Installing: /home/cc/ee106a/fa25/class/ee106a-add/106A-CATCH/lab7/src/install/mover_services/local/lib/python3.10/dist-packages/mover_services/__init__.py\n'}
[7.240496] (mover_services) StdoutLine: {'line': b'-- Installing: /home/cc/ee106a/fa25/class/ee106a-add/106A-CATCH/lab7/src/install/mover_services/local/lib/python3.10/dist-packages/mover_services/srv\n'}
[7.248090] (mover_services) StdoutLine: {'line': b'-- Installing: /home/cc/ee106a/fa25/class/ee106a-add/106A-CATCH/lab7/src/install/mover_services/local/lib/python3.10/dist-packages/mover_services/srv/_move_dir.py\n'}
[7.256300] (mover_services) StdoutLine: {'line': b'-- Installing: /home/cc/ee106a/fa25/class/ee106a-add/106A-CATCH/lab7/src/install/mover_services/local/lib/python3.10/dist-packages/mover_services/srv/_move_dir_s.c\n'}
[7.263089] (mover_services) StdoutLine: {'line': b'-- Installing: /home/cc/ee106a/fa25/class/ee106a-add/106A-CATCH/lab7/src/install/mover_services/local/lib/python3.10/dist-packages/mover_services/srv/_move_abs.py\n'}
[7.271655] (mover_services) StdoutLine: {'line': b'-- Installing: /home/cc/ee106a/fa25/class/ee106a-add/106A-CATCH/lab7/src/install/mover_services/local/lib/python3.10/dist-packages/mover_services/srv/_move_abs_s.c\n'}
[7.279013] (mover_services) StdoutLine: {'line': b'-- Installing: /home/cc/ee106a/fa25/class/ee106a-add/106A-CATCH/lab7/src/install/mover_services/local/lib/python3.10/dist-packages/mover_services/srv/__init__.py\n'}
[7.286766] (mover_services) StdoutLine: {'line': b'-- Installing: /home/cc/ee106a/fa25/class/ee106a-add/106A-CATCH/lab7/src/install/mover_services/local/lib/python3.10/dist-packages/mover_services/_mover_services_s.ep.rosidl_typesupport_fastrtps_c.c\n'}
[7.291757] (ros2_aruco_interfaces) StdoutLine: {'line': b'[ 22%] \x1b[32m\x1b[1mLinking C shared library libros2_aruco_interfaces__rosidl_generator_c.so\x1b[0m\n'}
[7.298266] (mover_services) StdoutLine: {'line': b'-- Installing: /home/cc/ee106a/fa25/class/ee106a-add/106A-CATCH/lab7/src/install/mover_services/local/lib/python3.10/dist-packages/mover_services/_mover_services_s.ep.rosidl_typesupport_introspection_c.c\n'}
[7.308331] (mover_services) StdoutLine: {'line': b'-- Installing: /home/cc/ee106a/fa25/class/ee106a-add/106A-CATCH/lab7/src/install/mover_services/local/lib/python3.10/dist-packages/mover_services/_mover_services_s.ep.rosidl_typesupport_c.c\n'}
[7.311861] (-) TimerEvent: {}
[7.317297] (mover_services) StdoutLine: {'line': b'-- Installing: /home/cc/ee106a/fa25/class/ee106a-add/106A-CATCH/lab7/src/install/mover_services/local/lib/python3.10/dist-packages/mover_services/libmover_services__rosidl_generator_py.so\n'}
[7.324677] (mover_services) StdoutLine: {'line': b'-- Installing: /home/cc/ee106a/fa25/class/ee106a-add/106A-CATCH/lab7/src/install/mover_services/local/lib/python3.10/dist-packages/mover_services/mover_services_s__rosidl_typesupport_introspection_c.cpython-310-x86_64-linux-gnu.so\n'}
[7.332706] (ros2_aruco_interfaces) StdoutLine: {'line': b'running egg_info\n'}
[7.333245] (mover_services) StdoutLine: {'line': b'-- Installing: /home/cc/ee106a/fa25/class/ee106a-add/106A-CATCH/lab7/src/install/mover_services/local/lib/python3.10/dist-packages/mover_services/mover_services_s__rosidl_typesupport_fastrtps_c.cpython-310-x86_64-linux-gnu.so\n'}
[7.334125] (ros2_aruco_interfaces) StdoutLine: {'line': b'creating ros2_aruco_interfaces.egg-info\n'}
[7.336017] (ros2_aruco_interfaces) StdoutLine: {'line': b'writing ros2_aruco_interfaces.egg-info/PKG-INFO\n'}
[7.338927] (ros2_aruco_interfaces) StdoutLine: {'line': b'writing dependency_links to ros2_aruco_interfaces.egg-info/dependency_links.txt\n'}
[7.342631] (ros2_aruco_interfaces) StdoutLine: {'line': b'writing top-level names to ros2_aruco_interfaces.egg-info/top_level.txt\n'}
[7.343023] (mover_services) StdoutLine: {'line': b'-- Installing: /home/cc/ee106a/fa25/class/ee106a-add/106A-CATCH/lab7/src/install/mover_services/local/lib/python3.10/dist-packages/mover_services/mover_services_s__rosidl_typesupport_c.cpython-310-x86_64-linux-gnu.so\n'}
[7.345569] (ros2_aruco_interfaces) StdoutLine: {'line': b"writing manifest file 'ros2_aruco_interfaces.egg-info/SOURCES.txt'\n"}
[7.352705] (ros2_aruco_interfaces) StdoutLine: {'line': b"reading manifest file 'ros2_aruco_interfaces.egg-info/SOURCES.txt'\n"}
[7.354644] (ros2_aruco_interfaces) StdoutLine: {'line': b'[ 22%] Built target ros2_aruco_interfaces__rosidl_generator_c\n'}
[7.354816] (ros2_aruco_interfaces) StdoutLine: {'line': b"writing manifest file 'ros2_aruco_interfaces.egg-info/SOURCES.txt'\n"}
[7.389535] (ros2_aruco_interfaces) StdoutLine: {'line': b'[ 22%] Built target ament_cmake_python_build_ros2_aruco_interfaces_egg\n'}
[7.393744] (ros2_aruco_interfaces) StdoutLine: {'line': b'[ 32%] \x1b[34m\x1b[1mGenerating C type support for eProsima Fast-RTPS\x1b[0m\n'}
[7.394127] (ros2_aruco_interfaces) StdoutLine: {'line': b'[ 32%] \x1b[34m\x1b[1mGenerating C introspection for ROS interfaces\x1b[0m\n'}
[7.394234] (ros2_aruco_interfaces) StdoutLine: {'line': b'[ 32%] \x1b[34m\x1b[1mGenerating C type support dispatch for ROS interfaces\x1b[0m\n'}
[7.411945] (-) TimerEvent: {}
[7.442962] (mover_services) StdoutLine: {'line': b"Listing '/home/cc/ee106a/fa25/class/ee106a-add/106A-CATCH/lab7/src/install/mover_services/local/lib/python3.10/dist-packages/mover_services'...\n"}
[7.443144] (mover_services) StdoutLine: {'line': b"Compiling '/home/cc/ee106a/fa25/class/ee106a-add/106A-CATCH/lab7/src/install/mover_services/local/lib/python3.10/dist-packages/mover_services/__init__.py'...\n"}
[7.443544] (mover_services) StdoutLine: {'line': b"Listing '/home/cc/ee106a/fa25/class/ee106a-add/106A-CATCH/lab7/src/install/mover_services/local/lib/python3.10/dist-packages/mover_services/srv'...\n"}
[7.443897] (mover_services) StdoutLine: {'line': b"Compiling '/home/cc/ee106a/fa25/class/ee106a-add/106A-CATCH/lab7/src/install/mover_services/local/lib/python3.10/dist-packages/mover_services/srv/__init__.py'...\n"}
[7.444478] (mover_services) StdoutLine: {'line': b"Compiling '/home/cc/ee106a/fa25/class/ee106a-add/106A-CATCH/lab7/src/install/mover_services/local/lib/python3.10/dist-packages/mover_services/srv/_move_abs.py'...\n"}
[7.444859] (mover_services) StdoutLine: {'line': b"Compiling '/home/cc/ee106a/fa25/class/ee106a-add/106A-CATCH/lab7/src/install/mover_services/local/lib/python3.10/dist-packages/mover_services/srv/_move_dir.py'...\n"}
[7.450701] (mover_services) StdoutLine: {'line': b'-- Installing: /home/cc/ee106a/fa25/class/ee106a-add/106A-CATCH/lab7/src/install/mover_services/local/lib/python3.10/dist-packages/mover_services/mover_services_s__rosidl_typesupport_fastrtps_c.cpython-310-x86_64-linux-gnu.so\n'}
[7.462316] (ros2_aruco_interfaces) StdoutLine: {'line': b'[ 41%] \x1b[32mBuilding CXX object CMakeFiles/ros2_aruco_interfaces__rosidl_typesupport_cpp.dir/rosidl_typesupport_cpp/ros2_aruco_interfaces/msg/aruco_markers__type_support.cpp.o\x1b[0m\n'}
[7.462898] (ros2_aruco_interfaces) StdoutLine: {'line': b'[ 41%] \x1b[32mBuilding CXX object CMakeFiles/ros2_aruco_interfaces__rosidl_typesupport_introspection_cpp.dir/rosidl_typesupport_introspection_cpp/ros2_aruco_interfaces/msg/detail/aruco_markers__type_support.cpp.o\x1b[0m\n'}
[7.463557] (ros2_aruco_interfaces) StdoutLine: {'line': b'[ 41%] \x1b[32mBuilding CXX object CMakeFiles/ros2_aruco_interfaces__rosidl_typesupport_fastrtps_cpp.dir/rosidl_typesupport_fastrtps_cpp/ros2_aruco_interfaces/msg/detail/dds_fastrtps/aruco_markers__type_support.cpp.o\x1b[0m\n'}
[7.464083] (mover_services) StdoutLine: {'line': b'-- Set runtime path of "/home/cc/ee106a/fa25/class/ee106a-add/106A-CATCH/lab7/src/install/mover_services/local/lib/python3.10/dist-packages/mover_services/mover_services_s__rosidl_typesupport_fastrtps_c.cpython-310-x86_64-linux-gnu.so" to ""\n'}
[7.468058] (mover_services) StdoutLine: {'line': b'-- Installing: /home/cc/ee106a/fa25/class/ee106a-add/106A-CATCH/lab7/src/install/mover_services/local/lib/python3.10/dist-packages/mover_services/mover_services_s__rosidl_typesupport_introspection_c.cpython-310-x86_64-linux-gnu.so\n'}
[7.481046] (mover_services) StdoutLine: {'line': b'-- Set runtime path of "/home/cc/ee106a/fa25/class/ee106a-add/106A-CATCH/lab7/src/install/mover_services/local/lib/python3.10/dist-packages/mover_services/mover_services_s__rosidl_typesupport_introspection_c.cpython-310-x86_64-linux-gnu.so" to ""\n'}
[7.486142] (mover_services) StdoutLine: {'line': b'-- Installing: /home/cc/ee106a/fa25/class/ee106a-add/106A-CATCH/lab7/src/install/mover_services/local/lib/python3.10/dist-packages/mover_services/mover_services_s__rosidl_typesupport_c.cpython-310-x86_64-linux-gnu.so\n'}
[7.502969] (mover_services) StdoutLine: {'line': b'-- Set runtime path of "/home/cc/ee106a/fa25/class/ee106a-add/106A-CATCH/lab7/src/install/mover_services/local/lib/python3.10/dist-packages/mover_services/mover_services_s__rosidl_typesupport_c.cpython-310-x86_64-linux-gnu.so" to ""\n'}
[7.503955] (mover_services) StdoutLine: {'line': b'-- Installing: /home/cc/ee106a/fa25/class/ee106a-add/106A-CATCH/lab7/src/install/mover_services/lib/libmover_services__rosidl_generator_py.so\n'}
[7.512030] (-) TimerEvent: {}
[7.519216] (mover_services) StdoutLine: {'line': b'-- Set runtime path of "/home/cc/ee106a/fa25/class/ee106a-add/106A-CATCH/lab7/src/install/mover_services/lib/libmover_services__rosidl_generator_py.so" to ""\n'}
[7.524120] (mover_services) StdoutLine: {'line': b'-- Installing: /home/cc/ee106a/fa25/class/ee106a-add/106A-CATCH/lab7/src/install/mover_services/share/mover_services/srv/MoveDir.idl\n'}
[7.533046] (mover_services) StdoutLine: {'line': b'-- Installing: /home/cc/ee106a/fa25/class/ee106a-add/106A-CATCH/lab7/src/install/mover_services/share/mover_services/srv/MoveAbs.idl\n'}
[7.541301] (mover_services) StdoutLine: {'line': b'-- Installing: /home/cc/ee106a/fa25/class/ee106a-add/106A-CATCH/lab7/src/install/mover_services/share/mover_services/srv/MoveDir.srv\n'}
[7.549845] (mover_services) StdoutLine: {'line': b'-- Installing: /home/cc/ee106a/fa25/class/ee106a-add/106A-CATCH/lab7/src/install/mover_services/share/mover_services/srv/MoveDir_Request.msg\n'}
[7.558296] (mover_services) StdoutLine: {'line': b'-- Installing: /home/cc/ee106a/fa25/class/ee106a-add/106A-CATCH/lab7/src/install/mover_services/share/mover_services/srv/MoveDir_Response.msg\n'}
[7.565957] (mover_services) StdoutLine: {'line': b'-- Installing: /home/cc/ee106a/fa25/class/ee106a-add/106A-CATCH/lab7/src/install/mover_services/share/mover_services/srv/MoveAbs.srv\n'}
[7.574528] (mover_services) StdoutLine: {'line': b'-- Installing: /home/cc/ee106a/fa25/class/ee106a-add/106A-CATCH/lab7/src/install/mover_services/share/mover_services/srv/MoveAbs_Request.msg\n'}
[7.582225] (mover_services) StdoutLine: {'line': b'-- Installing: /home/cc/ee106a/fa25/class/ee106a-add/106A-CATCH/lab7/src/install/mover_services/share/mover_services/srv/MoveAbs_Response.msg\n'}
[7.597028] (mover_services) StdoutLine: {'line': b'-- Installing: /home/cc/ee106a/fa25/class/ee106a-add/106A-CATCH/lab7/src/install/mover_services/share/ament_index/resource_index/package_run_dependencies/mover_services\n'}
[7.610316] (mover_services) StdoutLine: {'line': b'-- Installing: /home/cc/ee106a/fa25/class/ee106a-add/106A-CATCH/lab7/src/install/mover_services/share/ament_index/resource_index/parent_prefix_path/mover_services\n'}
[7.612108] (-) TimerEvent: {}
[7.617539] (mover_services) StdoutLine: {'line': b'-- Installing: /home/cc/ee106a/fa25/class/ee106a-add/106A-CATCH/lab7/src/install/mover_services/share/mover_services/environment/ament_prefix_path.sh\n'}
[7.624171] (mover_services) StdoutLine: {'line': b'-- Installing: /home/cc/ee106a/fa25/class/ee106a-add/106A-CATCH/lab7/src/install/mover_services/share/mover_services/environment/ament_prefix_path.dsv\n'}
[7.631297] (mover_services) StdoutLine: {'line': b'-- Installing: /home/cc/ee106a/fa25/class/ee106a-add/106A-CATCH/lab7/src/install/mover_services/share/mover_services/environment/path.sh\n'}
[7.637036] (mover_services) StdoutLine: {'line': b'-- Installing: /home/cc/ee106a/fa25/class/ee106a-add/106A-CATCH/lab7/src/install/mover_services/share/mover_services/environment/path.dsv\n'}
[7.643013] (ros2_aruco_interfaces) StdoutLine: {'line': b'[ 45%] \x1b[32mBuilding CXX object CMakeFiles/ros2_aruco_interfaces__rosidl_typesupport_c.dir/rosidl_typesupport_c/ros2_aruco_interfaces/msg/aruco_markers__type_support.cpp.o\x1b[0m\n'}
[7.646058] (mover_services) StdoutLine: {'line': b'-- Installing: /home/cc/ee106a/fa25/class/ee106a-add/106A-CATCH/lab7/src/install/mover_services/share/mover_services/local_setup.bash\n'}
[7.656312] (mover_services) StdoutLine: {'line': b'-- Installing: /home/cc/ee106a/fa25/class/ee106a-add/106A-CATCH/lab7/src/install/mover_services/share/mover_services/local_setup.sh\n'}
[7.656494] (ros2_aruco_interfaces) StdoutLine: {'line': b'[ 48%] \x1b[32mBuilding C object CMakeFiles/ros2_aruco_interfaces__rosidl_typesupport_introspection_c.dir/rosidl_typesupport_introspection_c/ros2_aruco_interfaces/msg/detail/aruco_markers__type_support.c.o\x1b[0m\n'}
[7.664393] (mover_services) StdoutLine: {'line': b'-- Installing: /home/cc/ee106a/fa25/class/ee106a-add/106A-CATCH/lab7/src/install/mover_services/share/mover_services/local_setup.zsh\n'}
[7.670704] (ros2_aruco_interfaces) StdoutLine: {'line': b'[ 51%] \x1b[32mBuilding CXX object CMakeFiles/ros2_aruco_interfaces__rosidl_typesupport_fastrtps_c.dir/rosidl_typesupport_fastrtps_c/ros2_aruco_interfaces/msg/detail/aruco_markers__type_support_c.cpp.o\x1b[0m\n'}
[7.675614] (mover_services) StdoutLine: {'line': b'-- Installing: /home/cc/ee106a/fa25/class/ee106a-add/106A-CATCH/lab7/src/install/mover_services/share/mover_services/local_setup.dsv\n'}
[7.684866] (mover_services) StdoutLine: {'line': b'-- Installing: /home/cc/ee106a/fa25/class/ee106a-add/106A-CATCH/lab7/src/install/mover_services/share/mover_services/package.dsv\n'}
[7.698915] (mover_services) StdoutLine: {'line': b'-- Installing: /home/cc/ee106a/fa25/class/ee106a-add/106A-CATCH/lab7/src/install/mover_services/share/ament_index/resource_index/packages/mover_services\n'}
[7.706316] (ros2_aruco_interfaces) StdoutLine: {'line': b'[ 54%] \x1b[32m\x1b[1mLinking CXX shared library libros2_aruco_interfaces__rosidl_typesupport_c.so\x1b[0m\n'}
[7.712193] (-) TimerEvent: {}
[7.715393] (mover_services) StdoutLine: {'line': b'-- Installing: /home/cc/ee106a/fa25/class/ee106a-add/106A-CATCH/lab7/src/install/mover_services/share/mover_services/cmake/export_mover_services__rosidl_generator_cExport.cmake\n'}
[7.724933] (mover_services) StdoutLine: {'line': b'-- Installing: /home/cc/ee106a/fa25/class/ee106a-add/106A-CATCH/lab7/src/install/mover_services/share/mover_services/cmake/export_mover_services__rosidl_generator_cExport-noconfig.cmake\n'}
[7.730781] (ros2_aruco_interfaces) StdoutLine: {'line': b'[ 58%] \x1b[32m\x1b[1mLinking CXX shared library libros2_aruco_interfaces__rosidl_typesupport_cpp.so\x1b[0m\n'}
[7.733576] (mover_services) StdoutLine: {'line': b'-- Installing: /home/cc/ee106a/fa25/class/ee106a-add/106A-CATCH/lab7/src/install/mover_services/share/mover_services/cmake/export_mover_services__rosidl_typesupport_fastrtps_cExport.cmake\n'}
[7.736875] (ros2_aruco_interfaces) StdoutLine: {'line': b'[ 61%] \x1b[32m\x1b[1mLinking C shared library libros2_aruco_interfaces__rosidl_typesupport_introspection_c.so\x1b[0m\n'}
[7.744509] (mover_services) StdoutLine: {'line': b'-- Installing: /home/cc/ee106a/fa25/class/ee106a-add/106A-CATCH/lab7/src/install/mover_services/share/mover_services/cmake/export_mover_services__rosidl_typesupport_fastrtps_cExport-noconfig.cmake\n'}
[7.752912] (mover_services) StdoutLine: {'line': b'-- Installing: /home/cc/ee106a/fa25/class/ee106a-add/106A-CATCH/lab7/src/install/mover_services/share/mover_services/cmake/mover_services__rosidl_typesupport_introspection_cExport.cmake\n'}
[7.762955] (mover_services) StdoutLine: {'line': b'-- Installing: /home/cc/ee106a/fa25/class/ee106a-add/106A-CATCH/lab7/src/install/mover_services/share/mover_services/cmake/mover_services__rosidl_typesupport_introspection_cExport-noconfig.cmake\n'}
[7.771220] (mover_services) StdoutLine: {'line': b'-- Installing: /home/cc/ee106a/fa25/class/ee106a-add/106A-CATCH/lab7/src/install/mover_services/share/mover_services/cmake/mover_services__rosidl_typesupport_cExport.cmake\n'}
[7.780238] (mover_services) StdoutLine: {'line': b'-- Installing: /home/cc/ee106a/fa25/class/ee106a-add/106A-CATCH/lab7/src/install/mover_services/share/mover_services/cmake/mover_services__rosidl_typesupport_cExport-noconfig.cmake\n'}
[7.787855] (ros2_aruco_interfaces) StdoutLine: {'line': b'[ 61%] Built target ros2_aruco_interfaces__rosidl_typesupport_c\n'}
[7.790541] (mover_services) StdoutLine: {'line': b'-- Installing: /home/cc/ee106a/fa25/class/ee106a-add/106A-CATCH/lab7/src/install/mover_services/share/mover_services/cmake/export_mover_services__rosidl_generator_cppExport.cmake\n'}
[7.802278] (ros2_aruco_interfaces) StdoutLine: {'line': b'[ 61%] Built target ros2_aruco_interfaces__rosidl_typesupport_cpp\n'}
[7.802803] (mover_services) StdoutLine: {'line': b'-- Installing: /home/cc/ee106a/fa25/class/ee106a-add/106A-CATCH/lab7/src/install/mover_services/share/mover_services/cmake/export_mover_services__rosidl_typesupport_fastrtps_cppExport.cmake\n'}
[7.804157] (ros2_aruco_interfaces) StdoutLine: {'line': b'[ 61%] Built target ros2_aruco_interfaces__rosidl_typesupport_introspection_c\n'}
[7.811652] (mover_services) StdoutLine: {'line': b'-- Installing: /home/cc/ee106a/fa25/class/ee106a-add/106A-CATCH/lab7/src/install/mover_services/share/mover_services/cmake/export_mover_services__rosidl_typesupport_fastrtps_cppExport-noconfig.cmake\n'}
[7.812257] (-) TimerEvent: {}
[7.820186] (mover_services) StdoutLine: {'line': b'-- Installing: /home/cc/ee106a/fa25/class/ee106a-add/106A-CATCH/lab7/src/install/mover_services/share/mover_services/cmake/mover_services__rosidl_typesupport_introspection_cppExport.cmake\n'}
[7.828616] (mover_services) StdoutLine: {'line': b'-- Installing: /home/cc/ee106a/fa25/class/ee106a-add/106A-CATCH/lab7/src/install/mover_services/share/mover_services/cmake/mover_services__rosidl_typesupport_introspection_cppExport-noconfig.cmake\n'}
[7.837318] (mover_services) StdoutLine: {'line': b'-- Installing: /home/cc/ee106a/fa25/class/ee106a-add/106A-CATCH/lab7/src/install/mover_services/share/mover_services/cmake/mover_services__rosidl_typesupport_cppExport.cmake\n'}
[7.844722] (mover_services) StdoutLine: {'line': b'-- Installing: /home/cc/ee106a/fa25/class/ee106a-add/106A-CATCH/lab7/src/install/mover_services/share/mover_services/cmake/mover_services__rosidl_typesupport_cppExport-noconfig.cmake\n'}
[7.852232] (mover_services) StdoutLine: {'line': b'-- Installing: /home/cc/ee106a/fa25/class/ee106a-add/106A-CATCH/lab7/src/install/mover_services/share/mover_services/cmake/export_mover_services__rosidl_generator_pyExport.cmake\n'}
[7.860160] (mover_services) StdoutLine: {'line': b'-- Installing: /home/cc/ee106a/fa25/class/ee106a-add/106A-CATCH/lab7/src/install/mover_services/share/mover_services/cmake/export_mover_services__rosidl_generator_pyExport-noconfig.cmake\n'}
[7.868665] (mover_services) StdoutLine: {'line': b'-- Installing: /home/cc/ee106a/fa25/class/ee106a-add/106A-CATCH/lab7/src/install/mover_services/share/mover_services/cmake/rosidl_cmake-extras.cmake\n'}
[7.875939] (mover_services) StdoutLine: {'line': b'-- Installing: /home/cc/ee106a/fa25/class/ee106a-add/106A-CATCH/lab7/src/install/mover_services/share/mover_services/cmake/ament_cmake_export_include_directories-extras.cmake\n'}
[7.880765] (ros2_aruco_interfaces) StdoutLine: {'line': b'[ 64%] \x1b[32m\x1b[1mLinking CXX shared library libros2_aruco_interfaces__rosidl_typesupport_introspection_cpp.so\x1b[0m\n'}
[7.884195] (mover_services) StdoutLine: {'line': b'-- Installing: /home/cc/ee106a/fa25/class/ee106a-add/106A-CATCH/lab7/src/install/mover_services/share/mover_services/cmake/ament_cmake_export_libraries-extras.cmake\n'}
[7.891776] (mover_services) StdoutLine: {'line': b'-- Installing: /home/cc/ee106a/fa25/class/ee106a-add/106A-CATCH/lab7/src/install/mover_services/share/mover_services/cmake/ament_cmake_export_targets-extras.cmake\n'}
[7.898860] (mover_services) StdoutLine: {'line': b'-- Installing: /home/cc/ee106a/fa25/class/ee106a-add/106A-CATCH/lab7/src/install/mover_services/share/mover_services/cmake/rosidl_cmake_export_typesupport_targets-extras.cmake\n'}
[7.906865] (ros2_aruco_interfaces) StdoutLine: {'line': b'[ 67%] \x1b[32m\x1b[1mLinking CXX shared library libros2_aruco_interfaces__rosidl_typesupport_fastrtps_cpp.so\x1b[0m\n'}
[7.907081] (mover_services) StdoutLine: {'line': b'-- Installing: /home/cc/ee106a/fa25/class/ee106a-add/106A-CATCH/lab7/src/install/mover_services/share/mover_services/cmake/ament_cmake_export_dependencies-extras.cmake\n'}
[7.912356] (-) TimerEvent: {}
[7.914082] (mover_services) StdoutLine: {'line': b'-- Installing: /home/cc/ee106a/fa25/class/ee106a-add/106A-CATCH/lab7/src/install/mover_services/share/mover_services/cmake/rosidl_cmake_export_typesupport_libraries-extras.cmake\n'}
[7.921143] (mover_services) StdoutLine: {'line': b'-- Installing: /home/cc/ee106a/fa25/class/ee106a-add/106A-CATCH/lab7/src/install/mover_services/share/mover_services/cmake/mover_servicesConfig.cmake\n'}
[7.928370] (mover_services) StdoutLine: {'line': b'-- Installing: /home/cc/ee106a/fa25/class/ee106a-add/106A-CATCH/lab7/src/install/mover_services/share/mover_services/cmake/mover_servicesConfig-version.cmake\n'}
[7.935187] (mover_services) StdoutLine: {'line': b'-- Installing: /home/cc/ee106a/fa25/class/ee106a-add/106A-CATCH/lab7/src/install/mover_services/share/mover_services/package.xml\n'}
[7.947058] (mover_services) CommandEnded: {'returncode': 0}
[7.974099] (ros2_aruco_interfaces) StdoutLine: {'line': b'[ 67%] Built target ros2_aruco_interfaces__rosidl_typesupport_introspection_cpp\n'}
[8.006847] (ros2_aruco_interfaces) StdoutLine: {'line': b'[ 67%] Built target ros2_aruco_interfaces__rosidl_typesupport_fastrtps_cpp\n'}
[8.012438] (-) TimerEvent: {}
[8.037013] (ros2_aruco_interfaces) StdoutLine: {'line': b'[ 70%] \x1b[32m\x1b[1mLinking CXX shared library libros2_aruco_interfaces__rosidl_typesupport_fastrtps_c.so\x1b[0m\n'}
[8.096341] (mover_services) JobEnded: {'identifier': 'mover_services', 'rc': 0}
[8.112554] (-) TimerEvent: {}
[8.125405] (ros2_aruco_interfaces) StdoutLine: {'line': b'[ 70%] Built target ros2_aruco_interfaces__rosidl_typesupport_fastrtps_c\n'}
[8.161854] (ros2_aruco_interfaces) StdoutLine: {'line': b'[ 70%] Built target ros2_aruco_interfaces\n'}
[8.201483] (ros2_aruco_interfaces) StdoutLine: {'line': b'[ 74%] \x1b[34m\x1b[1mGenerating Python code for ROS interfaces\x1b[0m\n'}
[8.212624] (-) TimerEvent: {}
[8.312934] (-) TimerEvent: {}
[8.413190] (-) TimerEvent: {}
[8.437696] (ros2_aruco_interfaces) StdoutLine: {'line': b'[ 74%] Built target ros2_aruco_interfaces__py\n'}
[8.483199] (ros2_aruco_interfaces) StdoutLine: {'line': b'[ 77%] \x1b[32mBuilding C object CMakeFiles/ros2_aruco_interfaces__rosidl_generator_py.dir/rosidl_generator_py/ros2_aruco_interfaces/msg/_aruco_markers_s.c.o\x1b[0m\n'}
[8.513289] (-) TimerEvent: {}
[8.613556] (-) TimerEvent: {}
[8.622802] (ros2_aruco_interfaces) StdoutLine: {'line': b'[ 80%] \x1b[32m\x1b[1mLinking C shared library rosidl_generator_py/ros2_aruco_interfaces/libros2_aruco_interfaces__rosidl_generator_py.so\x1b[0m\n'}
[8.691981] (ros2_aruco_interfaces) StdoutLine: {'line': b'[ 80%] Built target ros2_aruco_interfaces__rosidl_generator_py\n'}
[8.713648] (-) TimerEvent: {}
[8.765142] (ros2_aruco_interfaces) StdoutLine: {'line': b'[ 90%] \x1b[32mBuilding C object CMakeFiles/ros2_aruco_interfaces__rosidl_typesupport_introspection_c__pyext.dir/rosidl_generator_py/ros2_aruco_interfaces/_ros2_aruco_interfaces_s.ep.rosidl_typesupport_introspection_c.c.o\x1b[0m\n'}
[8.765367] (ros2_aruco_interfaces) StdoutLine: {'line': b'[ 90%] \x1b[32mBuilding C object CMakeFiles/ros2_aruco_interfaces__rosidl_typesupport_c__pyext.dir/rosidl_generator_py/ros2_aruco_interfaces/_ros2_aruco_interfaces_s.ep.rosidl_typesupport_c.c.o\x1b[0m\n'}
[8.765786] (ros2_aruco_interfaces) StdoutLine: {'line': b'[ 90%] \x1b[32mBuilding C object CMakeFiles/ros2_aruco_interfaces__rosidl_typesupport_fastrtps_c__pyext.dir/rosidl_generator_py/ros2_aruco_interfaces/_ros2_aruco_interfaces_s.ep.rosidl_typesupport_fastrtps_c.c.o\x1b[0m\n'}
[8.813743] (-) TimerEvent: {}
[8.872737] (ros2_aruco_interfaces) StdoutLine: {'line': b'[ 93%] \x1b[32m\x1b[1mLinking C shared library rosidl_generator_py/ros2_aruco_interfaces/ros2_aruco_interfaces_s__rosidl_typesupport_c.cpython-310-x86_64-linux-gnu.so\x1b[0m\n'}
[8.879203] (ros2_aruco_interfaces) StdoutLine: {'line': b'[100%] \x1b[32m\x1b[1mLinking C shared library rosidl_generator_py/ros2_aruco_interfaces/ros2_aruco_interfaces_s__rosidl_typesupport_introspection_c.cpython-310-x86_64-linux-gnu.so\x1b[0m\n'}
[8.879345] (ros2_aruco_interfaces) StdoutLine: {'line': b'[100%] \x1b[32m\x1b[1mLinking C shared library rosidl_generator_py/ros2_aruco_interfaces/ros2_aruco_interfaces_s__rosidl_typesupport_fastrtps_c.cpython-310-x86_64-linux-gnu.so\x1b[0m\n'}
[8.913849] (-) TimerEvent: {}
[8.937185] (ros2_aruco_interfaces) StdoutLine: {'line': b'[100%] Built target ros2_aruco_interfaces__rosidl_typesupport_c__pyext\n'}
[8.946204] (ros2_aruco_interfaces) StdoutLine: {'line': b'[100%] Built target ros2_aruco_interfaces__rosidl_typesupport_introspection_c__pyext\n'}
[8.950741] (ros2_aruco_interfaces) StdoutLine: {'line': b'[100%] Built target ros2_aruco_interfaces__rosidl_typesupport_fastrtps_c__pyext\n'}
[8.992206] (ros2_aruco_interfaces) CommandEnded: {'returncode': 0}
[8.995865] (ros2_aruco_interfaces) JobProgress: {'identifier': 'ros2_aruco_interfaces', 'progress': 'install'}
[8.996703] (ros2_aruco_interfaces) Command: {'cmd': ['/usr/bin/cmake', '--install', '/home/cc/ee106a/fa25/class/ee106a-add/106A-CATCH/lab7/src/build/ros2_aruco_interfaces'], 'cwd': '/home/cc/ee106a/fa25/class/ee106a-add/106A-CATCH/lab7/src/build/ros2_aruco_interfaces', 'env': OrderedDict([('ARCH', 'x86_64'), ('QT_SCALE_FACTOR', '1'), ('USER', 'ee106a-add'), ('HOSTNAME', 'ros2'), ('XDG_SESSION_TYPE', 'x11'), ('MASTERDIR', '/home/ff/ee106a'), ('COMPIZ_CONFIG_PROFILE', 'mate'), ('XDG_CACHE_HOME', '/home/cc/ee106a/fa25/class/ee106a-add/.cache'), ('SHLVL', '2'), ('LD_LIBRARY_PATH', '/home/ff/ee106a/librealsense/build/Release:/usr/lib/x86_64-linux-gnu/gazebo-11/plugins:/opt/ros/humble/opt/rviz_ogre_vendor/lib:/opt/ros/humble/lib/x86_64-linux-gnu:/opt/ros/humble/lib'), ('HOME', '/home/cc/ee106a/fa25/class/ee106a-add'), ('OLDPWD', '/'), ('DESKTOP_SESSION', 'mate'), ('ROS_PYTHON_VERSION', '3'), ('GTK_MODULES', 'gail:atk-bridge:appmenu-gtk-module:gail:atk-bridge:canberra-gtk-module'), ('EE106_UR_ROBOT_IP', '192.168.1.101'), ('DISTROBOX_ENTER_PATH', '/usr/local/bin/distrobox-enter'), ('SYSTEMD_EXEC_PID', '153033'), ('NNTPSERVER', 'news.csua.berkeley.edu'), ('VISUAL', 'emacs'), ('XDG_STATE_HOME', '/home/cc/ee106a/fa25/class/ee106a-add/.local/state'), ('DBUS_SESSION_BUS_ADDRESS', 'unix:path=/run/user/90081/bus'), ('COLORTERM', 'truecolor'), ('container', 'podman'), ('UBUNTU_MENUPROXY', '1'), ('QT_QPA_PLATFORMTHEME', 'gtk2'), ('COLCON_PREFIX_PATH', '/home/ff/ee106a/robot_workspaces/ur/install'), ('ROS_DISTRO', 'humble'), ('GTK_IM_MODULE', 'ibus'), ('LOGNAME', 'ee106a-add'), ('MASTER', 'ee106a'), ('WINDOWID', '50331654'), ('ROS_VERSION', '2'), ('XDG_SESSION_CLASS', 'user'), ('TERMINFO_DIRS', '/usr/share/terminfo:/run/host/usr/share/terminfo'), ('USERNAME', 'ee106a-add'), ('TERM', 'xterm-256color'), ('GTK_OVERLAY_SCROLLING', '0'), ('XDG_SESSION_ID', '689'), ('ROS_LOCALHOST_ONLY', '0'), ('WINDOWPATH', '2'), ('PATH', '/opt/ros/humble/bin:/share/b/grading/bin:/home/ff/ee106a/bin:/home/ff/ee106a/bin/arch/x86_64:/share/b/grading/bin:/home/ff/ee106a/bin:/home/ff/ee106a/bin/arch/x86_64:/usr/local/sbin:/usr/local/bin:/usr/sbin:/usr/bin:/sbin:/bin:/usr/games:/usr/local/games:/snap/bin:/snap/bin:/share/b/grading/bin:/share/b/grading/sbin:/share/b/runas/x86_64:/share/b/bin:/home/ff/ee106a/venvs/all:/usr/local/sbin:/usr/local/bin:/usr/sbin:/usr/bin:/sbin:/bin:/share/b/grading/bin:/share/b/grading/sbin:/share/b/runas/x86_64:/share/b/bin:/home/ff/ee106a/venvs/all'), ('SESSION_MANAGER', 'local/c105-7:@/tmp/.ICE-unix/153116,unix/c105-7:/tmp/.ICE-unix/153116'), ('OS', 'Linux'), ('XDG_RUNTIME_DIR', '/run/user/90081'), ('DISPLAY', ':1'), ('LANG', 'en_US.UTF-8'), ('XDG_CURRENT_DESKTOP', 'MATE'), ('XDG_DATA_HOME', '/home/cc/ee106a/fa25/class/ee106a-add/.local/share'), ('XDG_CONFIG_HOME', '/home/cc/ee106a/fa25/class/ee106a-add/.config'), ('XMODIFIERS', '@im=ibus'), ('XDG_SESSION_DESKTOP', 'mate'), ('XAUTHORITY', '/run/user/90081/gdm/Xauthority'), ('SSH_AUTH_SOCK', '/run/user/90081/keyring/ssh'), ('ROS_DOMAIN_ID', '27'), ('AMENT_PREFIX_PATH', '/home/ff/ee106a/robot_workspaces/ur/install/ur7e_utils:/opt/ros/humble'), ('SHELL', '/usr/bin/bash'), ('QT_ACCESSIBILITY', '1'), ('EE106_UR_ROBOT_NAME', 'r2d2'), ('GDMSESSION', 'mate'), ('RUNAS', '/share/b/runas/x86_64'), ('GPG_AGENT_INFO', '/run/user/90081/gnupg/S.gpg-agent:0:1'), ('CONFIG_SHELL', '/usr/bin/ksh'), ('QT_IM_MODULE', 'ibus'), ('PWD', '/home/cc/ee106a/fa25/class/ee106a-add/106A-CATCH/lab7/src/build/ros2_aruco_interfaces'), ('EE106_ENV_SETUP', 'ur_ros2'), ('CONTAINER_ID', 'ros2'), ('LC_ALL', 'C.UTF-8'), ('XDG_CONFIG_DIRS', '/etc/xdg/xdg-mate:/etc/xdg'), ('CLUTTER_IM_MODULE', 'ibus'), ('XDG_DATA_DIRS', '/usr/share/mate:/usr/share/mate:/usr/share/gnome:/home/cc/ee106a/fa25/class/ee106a-add/.local/share/flatpak/exports/share:/var/lib/flatpak/exports/share:/usr/local/share/:/usr/share/:/var/lib/snapd/desktop:/usr/local/share:/usr/share'), ('PYTHONPATH', '/home/ff/ee106a/robot_workspaces/ur/install/ur7e_utils/lib/python3.10/site-packages:/opt/ros/humble/lib/python3.10/site-packages:/opt/ros/humble/local/lib/python3.10/dist-packages'), ('MATE_DESKTOP_SESSION_ID', 'this-is-deprecated'), ('COLCON', '1'), ('MANPATH', '/usr/local/man:/usr/man:/usr/X11/man:/usr/local/man:/share/b/grading/man:/usr/local/man:/usr/man:/usr/X11/man:/usr/local/man:/share/b/grading/man:'), ('VTE_VERSION', '6800'), ('EDITOR', 'emacs'), ('QT_FONT_DPI', '122'), ('CMAKE_PREFIX_PATH', '/home/ff/ee106a/robot_workspaces/ur/install/ur7e_utils:/opt/ros/humble')]), 'shell': False}
[9.012723] (ros2_aruco_interfaces) StdoutLine: {'line': b'-- Install configuration: ""\n'}
[9.013937] (-) TimerEvent: {}
[9.019389] (ros2_aruco_interfaces) StdoutLine: {'line': b'-- Installing: /home/cc/ee106a/fa25/class/ee106a-add/106A-CATCH/lab7/src/install/ros2_aruco_interfaces/share/ament_index/resource_index/rosidl_interfaces/ros2_aruco_interfaces\n'}
[9.026095] (ros2_aruco_interfaces) StdoutLine: {'line': b'-- Installing: /home/cc/ee106a/fa25/class/ee106a-add/106A-CATCH/lab7/src/install/ros2_aruco_interfaces/include/ros2_aruco_interfaces/ros2_aruco_interfaces\n'}
[9.032280] (ros2_aruco_interfaces) StdoutLine: {'line': b'-- Installing: /home/cc/ee106a/fa25/class/ee106a-add/106A-CATCH/lab7/src/install/ros2_aruco_interfaces/include/ros2_aruco_interfaces/ros2_aruco_interfaces/msg\n'}
[9.038351] (ros2_aruco_interfaces) StdoutLine: {'line': b'-- Installing: /home/cc/ee106a/fa25/class/ee106a-add/106A-CATCH/lab7/src/install/ros2_aruco_interfaces/include/ros2_aruco_interfaces/ros2_aruco_interfaces/msg/aruco_markers.h\n'}
[9.045378] (ros2_aruco_interfaces) StdoutLine: {'line': b'-- Installing: /home/cc/ee106a/fa25/class/ee106a-add/106A-CATCH/lab7/src/install/ros2_aruco_interfaces/include/ros2_aruco_interfaces/ros2_aruco_interfaces/msg/rosidl_generator_c__visibility_control.h\n'}
[9.051192] (ros2_aruco_interfaces) StdoutLine: {'line': b'-- Installing: /home/cc/ee106a/fa25/class/ee106a-add/106A-CATCH/lab7/src/install/ros2_aruco_interfaces/include/ros2_aruco_interfaces/ros2_aruco_interfaces/msg/detail\n'}
[9.057093] (ros2_aruco_interfaces) StdoutLine: {'line': b'-- Installing: /home/cc/ee106a/fa25/class/ee106a-add/106A-CATCH/lab7/src/install/ros2_aruco_interfaces/include/ros2_aruco_interfaces/ros2_aruco_interfaces/msg/detail/aruco_markers__functions.c\n'}
[9.063522] (ros2_aruco_interfaces) StdoutLine: {'line': b'-- Installing: /home/cc/ee106a/fa25/class/ee106a-add/106A-CATCH/lab7/src/install/ros2_aruco_interfaces/include/ros2_aruco_interfaces/ros2_aruco_interfaces/msg/detail/aruco_markers__functions.h\n'}
[9.069236] (ros2_aruco_interfaces) StdoutLine: {'line': b'-- Installing: /home/cc/ee106a/fa25/class/ee106a-add/106A-CATCH/lab7/src/install/ros2_aruco_interfaces/include/ros2_aruco_interfaces/ros2_aruco_interfaces/msg/detail/aruco_markers__struct.h\n'}
[9.075872] (ros2_aruco_interfaces) StdoutLine: {'line': b'-- Installing: /home/cc/ee106a/fa25/class/ee106a-add/106A-CATCH/lab7/src/install/ros2_aruco_interfaces/include/ros2_aruco_interfaces/ros2_aruco_interfaces/msg/detail/aruco_markers__type_support.h\n'}
[9.087293] (ros2_aruco_interfaces) StdoutLine: {'line': b'-- Installing: /home/cc/ee106a/fa25/class/ee106a-add/106A-CATCH/lab7/src/install/ros2_aruco_interfaces/share/ros2_aruco_interfaces/environment/library_path.sh\n'}
[9.092528] (ros2_aruco_interfaces) StdoutLine: {'line': b'-- Installing: /home/cc/ee106a/fa25/class/ee106a-add/106A-CATCH/lab7/src/install/ros2_aruco_interfaces/share/ros2_aruco_interfaces/environment/library_path.dsv\n'}
[9.102502] (ros2_aruco_interfaces) StdoutLine: {'line': b'-- Installing: /home/cc/ee106a/fa25/class/ee106a-add/106A-CATCH/lab7/src/install/ros2_aruco_interfaces/lib/libros2_aruco_interfaces__rosidl_generator_c.so\n'}
[9.112220] (ros2_aruco_interfaces) StdoutLine: {'line': b'-- Set runtime path of "/home/cc/ee106a/fa25/class/ee106a-add/106A-CATCH/lab7/src/install/ros2_aruco_interfaces/lib/libros2_aruco_interfaces__rosidl_generator_c.so" to ""\n'}
[9.112641] (ros2_aruco_interfaces) StdoutLine: {'line': b'-- Up-to-date: /home/cc/ee106a/fa25/class/ee106a-add/106A-CATCH/lab7/src/install/ros2_aruco_interfaces/include/ros2_aruco_interfaces/ros2_aruco_interfaces\n'}
[9.113986] (ros2_aruco_interfaces) StdoutLine: {'line': b'-- Up-to-date: /home/cc/ee106a/fa25/class/ee106a-add/106A-CATCH/lab7/src/install/ros2_aruco_interfaces/include/ros2_aruco_interfaces/ros2_aruco_interfaces/msg\n'}
[9.114171] (-) TimerEvent: {}
[9.115312] (ros2_aruco_interfaces) StdoutLine: {'line': b'-- Up-to-date: /home/cc/ee106a/fa25/class/ee106a-add/106A-CATCH/lab7/src/install/ros2_aruco_interfaces/include/ros2_aruco_interfaces/ros2_aruco_interfaces/msg/detail\n'}
[9.116781] (ros2_aruco_interfaces) StdoutLine: {'line': b'-- Installing: /home/cc/ee106a/fa25/class/ee106a-add/106A-CATCH/lab7/src/install/ros2_aruco_interfaces/include/ros2_aruco_interfaces/ros2_aruco_interfaces/msg/detail/aruco_markers__rosidl_typesupport_fastrtps_c.h\n'}
[9.123775] (ros2_aruco_interfaces) StdoutLine: {'line': b'-- Installing: /home/cc/ee106a/fa25/class/ee106a-add/106A-CATCH/lab7/src/install/ros2_aruco_interfaces/include/ros2_aruco_interfaces/ros2_aruco_interfaces/msg/rosidl_typesupport_fastrtps_c__visibility_control.h\n'}
[9.131008] (ros2_aruco_interfaces) StdoutLine: {'line': b'-- Installing: /home/cc/ee106a/fa25/class/ee106a-add/106A-CATCH/lab7/src/install/ros2_aruco_interfaces/lib/libros2_aruco_interfaces__rosidl_typesupport_fastrtps_c.so\n'}
[9.141671] (ros2_aruco_interfaces) StdoutLine: {'line': b'-- Set runtime path of "/home/cc/ee106a/fa25/class/ee106a-add/106A-CATCH/lab7/src/install/ros2_aruco_interfaces/lib/libros2_aruco_interfaces__rosidl_typesupport_fastrtps_c.so" to ""\n'}
[9.142195] (ros2_aruco_interfaces) StdoutLine: {'line': b'-- Up-to-date: /home/cc/ee106a/fa25/class/ee106a-add/106A-CATCH/lab7/src/install/ros2_aruco_interfaces/include/ros2_aruco_interfaces/ros2_aruco_interfaces\n'}
[9.143831] (ros2_aruco_interfaces) StdoutLine: {'line': b'-- Up-to-date: /home/cc/ee106a/fa25/class/ee106a-add/106A-CATCH/lab7/src/install/ros2_aruco_interfaces/include/ros2_aruco_interfaces/ros2_aruco_interfaces/msg\n'}
[9.145499] (ros2_aruco_interfaces) StdoutLine: {'line': b'-- Installing: /home/cc/ee106a/fa25/class/ee106a-add/106A-CATCH/lab7/src/install/ros2_aruco_interfaces/include/ros2_aruco_interfaces/ros2_aruco_interfaces/msg/aruco_markers.hpp\n'}
[9.152398] (ros2_aruco_interfaces) StdoutLine: {'line': b'-- Installing: /home/cc/ee106a/fa25/class/ee106a-add/106A-CATCH/lab7/src/install/ros2_aruco_interfaces/include/ros2_aruco_interfaces/ros2_aruco_interfaces/msg/rosidl_generator_cpp__visibility_control.hpp\n'}
[9.159510] (ros2_aruco_interfaces) StdoutLine: {'line': b'-- Up-to-date: /home/cc/ee106a/fa25/class/ee106a-add/106A-CATCH/lab7/src/install/ros2_aruco_interfaces/include/ros2_aruco_interfaces/ros2_aruco_interfaces/msg/detail\n'}
[9.161119] (ros2_aruco_interfaces) StdoutLine: {'line': b'-- Installing: /home/cc/ee106a/fa25/class/ee106a-add/106A-CATCH/lab7/src/install/ros2_aruco_interfaces/include/ros2_aruco_interfaces/ros2_aruco_interfaces/msg/detail/aruco_markers__builder.hpp\n'}
[9.168660] (ros2_aruco_interfaces) StdoutLine: {'line': b'-- Installing: /home/cc/ee106a/fa25/class/ee106a-add/106A-CATCH/lab7/src/install/ros2_aruco_interfaces/include/ros2_aruco_interfaces/ros2_aruco_interfaces/msg/detail/aruco_markers__struct.hpp\n'}
[9.175601] (ros2_aruco_interfaces) StdoutLine: {'line': b'-- Installing: /home/cc/ee106a/fa25/class/ee106a-add/106A-CATCH/lab7/src/install/ros2_aruco_interfaces/include/ros2_aruco_interfaces/ros2_aruco_interfaces/msg/detail/aruco_markers__traits.hpp\n'}
[9.183705] (ros2_aruco_interfaces) StdoutLine: {'line': b'-- Installing: /home/cc/ee106a/fa25/class/ee106a-add/106A-CATCH/lab7/src/install/ros2_aruco_interfaces/include/ros2_aruco_interfaces/ros2_aruco_interfaces/msg/detail/aruco_markers__type_support.hpp\n'}
[9.190342] (ros2_aruco_interfaces) StdoutLine: {'line': b'-- Up-to-date: /home/cc/ee106a/fa25/class/ee106a-add/106A-CATCH/lab7/src/install/ros2_aruco_interfaces/include/ros2_aruco_interfaces/ros2_aruco_interfaces\n'}
[9.191954] (ros2_aruco_interfaces) StdoutLine: {'line': b'-- Up-to-date: /home/cc/ee106a/fa25/class/ee106a-add/106A-CATCH/lab7/src/install/ros2_aruco_interfaces/include/ros2_aruco_interfaces/ros2_aruco_interfaces/msg\n'}
[9.193099] (ros2_aruco_interfaces) StdoutLine: {'line': b'-- Up-to-date: /home/cc/ee106a/fa25/class/ee106a-add/106A-CATCH/lab7/src/install/ros2_aruco_interfaces/include/ros2_aruco_interfaces/ros2_aruco_interfaces/msg/detail\n'}
[9.194421] (ros2_aruco_interfaces) StdoutLine: {'line': b'-- Installing: /home/cc/ee106a/fa25/class/ee106a-add/106A-CATCH/lab7/src/install/ros2_aruco_interfaces/include/ros2_aruco_interfaces/ros2_aruco_interfaces/msg/detail/aruco_markers__rosidl_typesupport_fastrtps_cpp.hpp\n'}
[9.201255] (ros2_aruco_interfaces) StdoutLine: {'line': b'-- Installing: /home/cc/ee106a/fa25/class/ee106a-add/106A-CATCH/lab7/src/install/ros2_aruco_interfaces/include/ros2_aruco_interfaces/ros2_aruco_interfaces/msg/detail/dds_fastrtps\n'}
[9.207791] (ros2_aruco_interfaces) StdoutLine: {'line': b'-- Installing: /home/cc/ee106a/fa25/class/ee106a-add/106A-CATCH/lab7/src/install/ros2_aruco_interfaces/include/ros2_aruco_interfaces/ros2_aruco_interfaces/msg/rosidl_typesupport_fastrtps_cpp__visibility_control.h\n'}
[9.214251] (-) TimerEvent: {}
[9.215484] (ros2_aruco_interfaces) StdoutLine: {'line': b'-- Installing: /home/cc/ee106a/fa25/class/ee106a-add/106A-CATCH/lab7/src/install/ros2_aruco_interfaces/lib/libros2_aruco_interfaces__rosidl_typesupport_fastrtps_cpp.so\n'}
[9.229609] (ros2_aruco_interfaces) StdoutLine: {'line': b'-- Set runtime path of "/home/cc/ee106a/fa25/class/ee106a-add/106A-CATCH/lab7/src/install/ros2_aruco_interfaces/lib/libros2_aruco_interfaces__rosidl_typesupport_fastrtps_cpp.so" to ""\n'}
[9.230050] (ros2_aruco_interfaces) StdoutLine: {'line': b'-- Up-to-date: /home/cc/ee106a/fa25/class/ee106a-add/106A-CATCH/lab7/src/install/ros2_aruco_interfaces/include/ros2_aruco_interfaces/ros2_aruco_interfaces\n'}
[9.231477] (ros2_aruco_interfaces) StdoutLine: {'line': b'-- Up-to-date: /home/cc/ee106a/fa25/class/ee106a-add/106A-CATCH/lab7/src/install/ros2_aruco_interfaces/include/ros2_aruco_interfaces/ros2_aruco_interfaces/msg\n'}
[9.232880] (ros2_aruco_interfaces) StdoutLine: {'line': b'-- Up-to-date: /home/cc/ee106a/fa25/class/ee106a-add/106A-CATCH/lab7/src/install/ros2_aruco_interfaces/include/ros2_aruco_interfaces/ros2_aruco_interfaces/msg/detail\n'}
[9.234206] (ros2_aruco_interfaces) StdoutLine: {'line': b'-- Installing: /home/cc/ee106a/fa25/class/ee106a-add/106A-CATCH/lab7/src/install/ros2_aruco_interfaces/include/ros2_aruco_interfaces/ros2_aruco_interfaces/msg/detail/aruco_markers__rosidl_typesupport_introspection_c.h\n'}
[9.242152] (ros2_aruco_interfaces) StdoutLine: {'line': b'-- Installing: /home/cc/ee106a/fa25/class/ee106a-add/106A-CATCH/lab7/src/install/ros2_aruco_interfaces/include/ros2_aruco_interfaces/ros2_aruco_interfaces/msg/detail/aruco_markers__type_support.c\n'}
[9.249075] (ros2_aruco_interfaces) StdoutLine: {'line': b'-- Installing: /home/cc/ee106a/fa25/class/ee106a-add/106A-CATCH/lab7/src/install/ros2_aruco_interfaces/include/ros2_aruco_interfaces/ros2_aruco_interfaces/msg/rosidl_typesupport_introspection_c__visibility_control.h\n'}
[9.256440] (ros2_aruco_interfaces) StdoutLine: {'line': b'-- Installing: /home/cc/ee106a/fa25/class/ee106a-add/106A-CATCH/lab7/src/install/ros2_aruco_interfaces/lib/libros2_aruco_interfaces__rosidl_typesupport_introspection_c.so\n'}
[9.267375] (ros2_aruco_interfaces) StdoutLine: {'line': b'-- Set runtime path of "/home/cc/ee106a/fa25/class/ee106a-add/106A-CATCH/lab7/src/install/ros2_aruco_interfaces/lib/libros2_aruco_interfaces__rosidl_typesupport_introspection_c.so" to ""\n'}
[9.268560] (ros2_aruco_interfaces) StdoutLine: {'line': b'-- Installing: /home/cc/ee106a/fa25/class/ee106a-add/106A-CATCH/lab7/src/install/ros2_aruco_interfaces/lib/libros2_aruco_interfaces__rosidl_typesupport_c.so\n'}
[9.278346] (ros2_aruco_interfaces) StdoutLine: {'line': b'-- Set runtime path of "/home/cc/ee106a/fa25/class/ee106a-add/106A-CATCH/lab7/src/install/ros2_aruco_interfaces/lib/libros2_aruco_interfaces__rosidl_typesupport_c.so" to ""\n'}
[9.278825] (ros2_aruco_interfaces) StdoutLine: {'line': b'-- Up-to-date: /home/cc/ee106a/fa25/class/ee106a-add/106A-CATCH/lab7/src/install/ros2_aruco_interfaces/include/ros2_aruco_interfaces/ros2_aruco_interfaces\n'}
[9.280108] (ros2_aruco_interfaces) StdoutLine: {'line': b'-- Up-to-date: /home/cc/ee106a/fa25/class/ee106a-add/106A-CATCH/lab7/src/install/ros2_aruco_interfaces/include/ros2_aruco_interfaces/ros2_aruco_interfaces/msg\n'}
[9.281526] (ros2_aruco_interfaces) StdoutLine: {'line': b'-- Up-to-date: /home/cc/ee106a/fa25/class/ee106a-add/106A-CATCH/lab7/src/install/ros2_aruco_interfaces/include/ros2_aruco_interfaces/ros2_aruco_interfaces/msg/detail\n'}
[9.282851] (ros2_aruco_interfaces) StdoutLine: {'line': b'-- Installing: /home/cc/ee106a/fa25/class/ee106a-add/106A-CATCH/lab7/src/install/ros2_aruco_interfaces/include/ros2_aruco_interfaces/ros2_aruco_interfaces/msg/detail/aruco_markers__rosidl_typesupport_introspection_cpp.hpp\n'}
[9.289695] (ros2_aruco_interfaces) StdoutLine: {'line': b'-- Installing: /home/cc/ee106a/fa25/class/ee106a-add/106A-CATCH/lab7/src/install/ros2_aruco_interfaces/include/ros2_aruco_interfaces/ros2_aruco_interfaces/msg/detail/aruco_markers__type_support.cpp\n'}
[9.295905] (ros2_aruco_interfaces) StdoutLine: {'line': b'-- Installing: /home/cc/ee106a/fa25/class/ee106a-add/106A-CATCH/lab7/src/install/ros2_aruco_interfaces/lib/libros2_aruco_interfaces__rosidl_typesupport_introspection_cpp.so\n'}
[9.309384] (ros2_aruco_interfaces) StdoutLine: {'line': b'-- Set runtime path of "/home/cc/ee106a/fa25/class/ee106a-add/106A-CATCH/lab7/src/install/ros2_aruco_interfaces/lib/libros2_aruco_interfaces__rosidl_typesupport_introspection_cpp.so" to ""\n'}
[9.310745] (ros2_aruco_interfaces) StdoutLine: {'line': b'-- Installing: /home/cc/ee106a/fa25/class/ee106a-add/106A-CATCH/lab7/src/install/ros2_aruco_interfaces/lib/libros2_aruco_interfaces__rosidl_typesupport_cpp.so\n'}
[9.314317] (-) TimerEvent: {}
[9.322022] (ros2_aruco_interfaces) StdoutLine: {'line': b'-- Set runtime path of "/home/cc/ee106a/fa25/class/ee106a-add/106A-CATCH/lab7/src/install/ros2_aruco_interfaces/lib/libros2_aruco_interfaces__rosidl_typesupport_cpp.so" to ""\n'}
[9.323200] (ros2_aruco_interfaces) StdoutLine: {'line': b'-- Installing: /home/cc/ee106a/fa25/class/ee106a-add/106A-CATCH/lab7/src/install/ros2_aruco_interfaces/share/ros2_aruco_interfaces/environment/pythonpath.sh\n'}
[9.330587] (ros2_aruco_interfaces) StdoutLine: {'line': b'-- Installing: /home/cc/ee106a/fa25/class/ee106a-add/106A-CATCH/lab7/src/install/ros2_aruco_interfaces/share/ros2_aruco_interfaces/environment/pythonpath.dsv\n'}
[9.336421] (ros2_aruco_interfaces) StdoutLine: {'line': b'-- Installing: /home/cc/ee106a/fa25/class/ee106a-add/106A-CATCH/lab7/src/install/ros2_aruco_interfaces/local/lib/python3.10/dist-packages/ros2_aruco_interfaces-0.1.0-py3.10.egg-info\n'}
[9.344636] (ros2_aruco_interfaces) StdoutLine: {'line': b'-- Installing: /home/cc/ee106a/fa25/class/ee106a-add/106A-CATCH/lab7/src/install/ros2_aruco_interfaces/local/lib/python3.10/dist-packages/ros2_aruco_interfaces-0.1.0-py3.10.egg-info/PKG-INFO\n'}
[9.351933] (ros2_aruco_interfaces) StdoutLine: {'line': b'-- Installing: /home/cc/ee106a/fa25/class/ee106a-add/106A-CATCH/lab7/src/install/ros2_aruco_interfaces/local/lib/python3.10/dist-packages/ros2_aruco_interfaces-0.1.0-py3.10.egg-info/dependency_links.txt\n'}
[9.357848] (ros2_aruco_interfaces) StdoutLine: {'line': b'-- Installing: /home/cc/ee106a/fa25/class/ee106a-add/106A-CATCH/lab7/src/install/ros2_aruco_interfaces/local/lib/python3.10/dist-packages/ros2_aruco_interfaces-0.1.0-py3.10.egg-info/top_level.txt\n'}
[9.364241] (ros2_aruco_interfaces) StdoutLine: {'line': b'-- Installing: /home/cc/ee106a/fa25/class/ee106a-add/106A-CATCH/lab7/src/install/ros2_aruco_interfaces/local/lib/python3.10/dist-packages/ros2_aruco_interfaces-0.1.0-py3.10.egg-info/SOURCES.txt\n'}
[9.371015] (ros2_aruco_interfaces) StdoutLine: {'line': b'-- Installing: /home/cc/ee106a/fa25/class/ee106a-add/106A-CATCH/lab7/src/install/ros2_aruco_interfaces/local/lib/python3.10/dist-packages/ros2_aruco_interfaces\n'}
[9.377538] (ros2_aruco_interfaces) StdoutLine: {'line': b'-- Installing: /home/cc/ee106a/fa25/class/ee106a-add/106A-CATCH/lab7/src/install/ros2_aruco_interfaces/local/lib/python3.10/dist-packages/ros2_aruco_interfaces/__init__.py\n'}
[9.384257] (ros2_aruco_interfaces) StdoutLine: {'line': b'-- Installing: /home/cc/ee106a/fa25/class/ee106a-add/106A-CATCH/lab7/src/install/ros2_aruco_interfaces/local/lib/python3.10/dist-packages/ros2_aruco_interfaces/msg\n'}
[9.390711] (ros2_aruco_interfaces) StdoutLine: {'line': b'-- Installing: /home/cc/ee106a/fa25/class/ee106a-add/106A-CATCH/lab7/src/install/ros2_aruco_interfaces/local/lib/python3.10/dist-packages/ros2_aruco_interfaces/msg/_aruco_markers.py\n'}
[9.398733] (ros2_aruco_interfaces) StdoutLine: {'line': b'-- Installing: /home/cc/ee106a/fa25/class/ee106a-add/106A-CATCH/lab7/src/install/ros2_aruco_interfaces/local/lib/python3.10/dist-packages/ros2_aruco_interfaces/msg/_aruco_markers_s.c\n'}
[9.405589] (ros2_aruco_interfaces) StdoutLine: {'line': b'-- Installing: /home/cc/ee106a/fa25/class/ee106a-add/106A-CATCH/lab7/src/install/ros2_aruco_interfaces/local/lib/python3.10/dist-packages/ros2_aruco_interfaces/msg/__init__.py\n'}
[9.411275] (ros2_aruco_interfaces) StdoutLine: {'line': b'-- Installing: /home/cc/ee106a/fa25/class/ee106a-add/106A-CATCH/lab7/src/install/ros2_aruco_interfaces/local/lib/python3.10/dist-packages/ros2_aruco_interfaces/_ros2_aruco_interfaces_s.ep.rosidl_typesupport_fastrtps_c.c\n'}
[9.414378] (-) TimerEvent: {}
[9.417816] (ros2_aruco_interfaces) StdoutLine: {'line': b'-- Installing: /home/cc/ee106a/fa25/class/ee106a-add/106A-CATCH/lab7/src/install/ros2_aruco_interfaces/local/lib/python3.10/dist-packages/ros2_aruco_interfaces/_ros2_aruco_interfaces_s.ep.rosidl_typesupport_introspection_c.c\n'}
[9.424036] (ros2_aruco_interfaces) StdoutLine: {'line': b'-- Installing: /home/cc/ee106a/fa25/class/ee106a-add/106A-CATCH/lab7/src/install/ros2_aruco_interfaces/local/lib/python3.10/dist-packages/ros2_aruco_interfaces/_ros2_aruco_interfaces_s.ep.rosidl_typesupport_c.c\n'}
[9.430519] (ros2_aruco_interfaces) StdoutLine: {'line': b'-- Installing: /home/cc/ee106a/fa25/class/ee106a-add/106A-CATCH/lab7/src/install/ros2_aruco_interfaces/local/lib/python3.10/dist-packages/ros2_aruco_interfaces/libros2_aruco_interfaces__rosidl_generator_py.so\n'}
[9.437065] (ros2_aruco_interfaces) StdoutLine: {'line': b'-- Installing: /home/cc/ee106a/fa25/class/ee106a-add/106A-CATCH/lab7/src/install/ros2_aruco_interfaces/local/lib/python3.10/dist-packages/ros2_aruco_interfaces/ros2_aruco_interfaces_s__rosidl_typesupport_c.cpython-310-x86_64-linux-gnu.so\n'}
[9.445099] (ros2_aruco_interfaces) StdoutLine: {'line': b'-- Installing: /home/cc/ee106a/fa25/class/ee106a-add/106A-CATCH/lab7/src/install/ros2_aruco_interfaces/local/lib/python3.10/dist-packages/ros2_aruco_interfaces/ros2_aruco_interfaces_s__rosidl_typesupport_fastrtps_c.cpython-310-x86_64-linux-gnu.so\n'}
[9.452327] (ros2_aruco_interfaces) StdoutLine: {'line': b'-- Installing: /home/cc/ee106a/fa25/class/ee106a-add/106A-CATCH/lab7/src/install/ros2_aruco_interfaces/local/lib/python3.10/dist-packages/ros2_aruco_interfaces/ros2_aruco_interfaces_s__rosidl_typesupport_introspection_c.cpython-310-x86_64-linux-gnu.so\n'}
[9.514470] (-) TimerEvent: {}
[9.521040] (ros2_aruco_interfaces) StdoutLine: {'line': b"Listing '/home/cc/ee106a/fa25/class/ee106a-add/106A-CATCH/lab7/src/install/ros2_aruco_interfaces/local/lib/python3.10/dist-packages/ros2_aruco_interfaces'...\n"}
[9.521187] (ros2_aruco_interfaces) StdoutLine: {'line': b"Compiling '/home/cc/ee106a/fa25/class/ee106a-add/106A-CATCH/lab7/src/install/ros2_aruco_interfaces/local/lib/python3.10/dist-packages/ros2_aruco_interfaces/__init__.py'...\n"}
[9.521236] (ros2_aruco_interfaces) StdoutLine: {'line': b"Listing '/home/cc/ee106a/fa25/class/ee106a-add/106A-CATCH/lab7/src/install/ros2_aruco_interfaces/local/lib/python3.10/dist-packages/ros2_aruco_interfaces/msg'...\n"}
[9.521270] (ros2_aruco_interfaces) StdoutLine: {'line': b"Compiling '/home/cc/ee106a/fa25/class/ee106a-add/106A-CATCH/lab7/src/install/ros2_aruco_interfaces/local/lib/python3.10/dist-packages/ros2_aruco_interfaces/msg/__init__.py'...\n"}
[9.521786] (ros2_aruco_interfaces) StdoutLine: {'line': b"Compiling '/home/cc/ee106a/fa25/class/ee106a-add/106A-CATCH/lab7/src/install/ros2_aruco_interfaces/local/lib/python3.10/dist-packages/ros2_aruco_interfaces/msg/_aruco_markers.py'...\n"}
[9.528438] (ros2_aruco_interfaces) StdoutLine: {'line': b'-- Installing: /home/cc/ee106a/fa25/class/ee106a-add/106A-CATCH/lab7/src/install/ros2_aruco_interfaces/local/lib/python3.10/dist-packages/ros2_aruco_interfaces/ros2_aruco_interfaces_s__rosidl_typesupport_fastrtps_c.cpython-310-x86_64-linux-gnu.so\n'}
[9.538063] (ros2_aruco_interfaces) StdoutLine: {'line': b'-- Set runtime path of "/home/cc/ee106a/fa25/class/ee106a-add/106A-CATCH/lab7/src/install/ros2_aruco_interfaces/local/lib/python3.10/dist-packages/ros2_aruco_interfaces/ros2_aruco_interfaces_s__rosidl_typesupport_fastrtps_c.cpython-310-x86_64-linux-gnu.so" to ""\n'}
[9.542662] (ros2_aruco_interfaces) StdoutLine: {'line': b'-- Installing: /home/cc/ee106a/fa25/class/ee106a-add/106A-CATCH/lab7/src/install/ros2_aruco_interfaces/local/lib/python3.10/dist-packages/ros2_aruco_interfaces/ros2_aruco_interfaces_s__rosidl_typesupport_introspection_c.cpython-310-x86_64-linux-gnu.so\n'}
[9.553108] (ros2_aruco_interfaces) StdoutLine: {'line': b'-- Set runtime path of "/home/cc/ee106a/fa25/class/ee106a-add/106A-CATCH/lab7/src/install/ros2_aruco_interfaces/local/lib/python3.10/dist-packages/ros2_aruco_interfaces/ros2_aruco_interfaces_s__rosidl_typesupport_introspection_c.cpython-310-x86_64-linux-gnu.so" to ""\n'}
[9.556486] (ros2_aruco_interfaces) StdoutLine: {'line': b'-- Installing: /home/cc/ee106a/fa25/class/ee106a-add/106A-CATCH/lab7/src/install/ros2_aruco_interfaces/local/lib/python3.10/dist-packages/ros2_aruco_interfaces/ros2_aruco_interfaces_s__rosidl_typesupport_c.cpython-310-x86_64-linux-gnu.so\n'}
[9.566871] (ros2_aruco_interfaces) StdoutLine: {'line': b'-- Set runtime path of "/home/cc/ee106a/fa25/class/ee106a-add/106A-CATCH/lab7/src/install/ros2_aruco_interfaces/local/lib/python3.10/dist-packages/ros2_aruco_interfaces/ros2_aruco_interfaces_s__rosidl_typesupport_c.cpython-310-x86_64-linux-gnu.so" to ""\n'}
[9.567976] (ros2_aruco_interfaces) StdoutLine: {'line': b'-- Installing: /home/cc/ee106a/fa25/class/ee106a-add/106A-CATCH/lab7/src/install/ros2_aruco_interfaces/lib/libros2_aruco_interfaces__rosidl_generator_py.so\n'}
[9.579031] (ros2_aruco_interfaces) StdoutLine: {'line': b'-- Set runtime path of "/home/cc/ee106a/fa25/class/ee106a-add/106A-CATCH/lab7/src/install/ros2_aruco_interfaces/lib/libros2_aruco_interfaces__rosidl_generator_py.so" to ""\n'}
[9.584557] (ros2_aruco_interfaces) StdoutLine: {'line': b'-- Installing: /home/cc/ee106a/fa25/class/ee106a-add/106A-CATCH/lab7/src/install/ros2_aruco_interfaces/share/ros2_aruco_interfaces/msg/ArucoMarkers.idl\n'}
[9.591176] (ros2_aruco_interfaces) StdoutLine: {'line': b'-- Installing: /home/cc/ee106a/fa25/class/ee106a-add/106A-CATCH/lab7/src/install/ros2_aruco_interfaces/share/ros2_aruco_interfaces/msg/ArucoMarkers.msg\n'}
[9.602171] (ros2_aruco_interfaces) StdoutLine: {'line': b'-- Installing: /home/cc/ee106a/fa25/class/ee106a-add/106A-CATCH/lab7/src/install/ros2_aruco_interfaces/share/ament_index/resource_index/package_run_dependencies/ros2_aruco_interfaces\n'}
[9.614227] (ros2_aruco_interfaces) StdoutLine: {'line': b'-- Installing: /home/cc/ee106a/fa25/class/ee106a-add/106A-CATCH/lab7/src/install/ros2_aruco_interfaces/share/ament_index/resource_index/parent_prefix_path/ros2_aruco_interfaces\n'}
[9.614514] (-) TimerEvent: {}
[9.621660] (ros2_aruco_interfaces) StdoutLine: {'line': b'-- Installing: /home/cc/ee106a/fa25/class/ee106a-add/106A-CATCH/lab7/src/install/ros2_aruco_interfaces/share/ros2_aruco_interfaces/environment/ament_prefix_path.sh\n'}
[9.626698] (ros2_aruco_interfaces) StdoutLine: {'line': b'-- Installing: /home/cc/ee106a/fa25/class/ee106a-add/106A-CATCH/lab7/src/install/ros2_aruco_interfaces/share/ros2_aruco_interfaces/environment/ament_prefix_path.dsv\n'}
[9.633173] (ros2_aruco_interfaces) StdoutLine: {'line': b'-- Installing: /home/cc/ee106a/fa25/class/ee106a-add/106A-CATCH/lab7/src/install/ros2_aruco_interfaces/share/ros2_aruco_interfaces/environment/path.sh\n'}
[9.638655] (ros2_aruco_interfaces) StdoutLine: {'line': b'-- Installing: /home/cc/ee106a/fa25/class/ee106a-add/106A-CATCH/lab7/src/install/ros2_aruco_interfaces/share/ros2_aruco_interfaces/environment/path.dsv\n'}
[9.645101] (ros2_aruco_interfaces) StdoutLine: {'line': b'-- Installing: /home/cc/ee106a/fa25/class/ee106a-add/106A-CATCH/lab7/src/install/ros2_aruco_interfaces/share/ros2_aruco_interfaces/local_setup.bash\n'}
[9.651917] (ros2_aruco_interfaces) StdoutLine: {'line': b'-- Installing: /home/cc/ee106a/fa25/class/ee106a-add/106A-CATCH/lab7/src/install/ros2_aruco_interfaces/share/ros2_aruco_interfaces/local_setup.sh\n'}
[9.659741] (ros2_aruco_interfaces) StdoutLine: {'line': b'-- Installing: /home/cc/ee106a/fa25/class/ee106a-add/106A-CATCH/lab7/src/install/ros2_aruco_interfaces/share/ros2_aruco_interfaces/local_setup.zsh\n'}
[9.667539] (ros2_aruco_interfaces) StdoutLine: {'line': b'-- Installing: /home/cc/ee106a/fa25/class/ee106a-add/106A-CATCH/lab7/src/install/ros2_aruco_interfaces/share/ros2_aruco_interfaces/local_setup.dsv\n'}
[9.674184] (ros2_aruco_interfaces) StdoutLine: {'line': b'-- Installing: /home/cc/ee106a/fa25/class/ee106a-add/106A-CATCH/lab7/src/install/ros2_aruco_interfaces/share/ros2_aruco_interfaces/package.dsv\n'}
[9.685168] (ros2_aruco_interfaces) StdoutLine: {'line': b'-- Installing: /home/cc/ee106a/fa25/class/ee106a-add/106A-CATCH/lab7/src/install/ros2_aruco_interfaces/share/ament_index/resource_index/packages/ros2_aruco_interfaces\n'}
[9.695849] (ros2_aruco_interfaces) StdoutLine: {'line': b'-- Installing: /home/cc/ee106a/fa25/class/ee106a-add/106A-CATCH/lab7/src/install/ros2_aruco_interfaces/share/ros2_aruco_interfaces/cmake/export_ros2_aruco_interfaces__rosidl_generator_cExport.cmake\n'}
[9.703312] (ros2_aruco_interfaces) StdoutLine: {'line': b'-- Installing: /home/cc/ee106a/fa25/class/ee106a-add/106A-CATCH/lab7/src/install/ros2_aruco_interfaces/share/ros2_aruco_interfaces/cmake/export_ros2_aruco_interfaces__rosidl_generator_cExport-noconfig.cmake\n'}
[9.710997] (ros2_aruco_interfaces) StdoutLine: {'line': b'-- Installing: /home/cc/ee106a/fa25/class/ee106a-add/106A-CATCH/lab7/src/install/ros2_aruco_interfaces/share/ros2_aruco_interfaces/cmake/export_ros2_aruco_interfaces__rosidl_typesupport_fastrtps_cExport.cmake\n'}
[9.714590] (-) TimerEvent: {}
[9.719286] (ros2_aruco_interfaces) StdoutLine: {'line': b'-- Installing: /home/cc/ee106a/fa25/class/ee106a-add/106A-CATCH/lab7/src/install/ros2_aruco_interfaces/share/ros2_aruco_interfaces/cmake/export_ros2_aruco_interfaces__rosidl_typesupport_fastrtps_cExport-noconfig.cmake\n'}
[9.726601] (ros2_aruco_interfaces) StdoutLine: {'line': b'-- Installing: /home/cc/ee106a/fa25/class/ee106a-add/106A-CATCH/lab7/src/install/ros2_aruco_interfaces/share/ros2_aruco_interfaces/cmake/export_ros2_aruco_interfaces__rosidl_generator_cppExport.cmake\n'}
[9.733992] (ros2_aruco_interfaces) StdoutLine: {'line': b'-- Installing: /home/cc/ee106a/fa25/class/ee106a-add/106A-CATCH/lab7/src/install/ros2_aruco_interfaces/share/ros2_aruco_interfaces/cmake/export_ros2_aruco_interfaces__rosidl_typesupport_fastrtps_cppExport.cmake\n'}
[9.741333] (ros2_aruco_interfaces) StdoutLine: {'line': b'-- Installing: /home/cc/ee106a/fa25/class/ee106a-add/106A-CATCH/lab7/src/install/ros2_aruco_interfaces/share/ros2_aruco_interfaces/cmake/export_ros2_aruco_interfaces__rosidl_typesupport_fastrtps_cppExport-noconfig.cmake\n'}
[9.748990] (ros2_aruco_interfaces) StdoutLine: {'line': b'-- Installing: /home/cc/ee106a/fa25/class/ee106a-add/106A-CATCH/lab7/src/install/ros2_aruco_interfaces/share/ros2_aruco_interfaces/cmake/ros2_aruco_interfaces__rosidl_typesupport_introspection_cExport.cmake\n'}
[9.757287] (ros2_aruco_interfaces) StdoutLine: {'line': b'-- Installing: /home/cc/ee106a/fa25/class/ee106a-add/106A-CATCH/lab7/src/install/ros2_aruco_interfaces/share/ros2_aruco_interfaces/cmake/ros2_aruco_interfaces__rosidl_typesupport_introspection_cExport-noconfig.cmake\n'}
[9.764600] (ros2_aruco_interfaces) StdoutLine: {'line': b'-- Installing: /home/cc/ee106a/fa25/class/ee106a-add/106A-CATCH/lab7/src/install/ros2_aruco_interfaces/share/ros2_aruco_interfaces/cmake/ros2_aruco_interfaces__rosidl_typesupport_cExport.cmake\n'}
[9.772411] (ros2_aruco_interfaces) StdoutLine: {'line': b'-- Installing: /home/cc/ee106a/fa25/class/ee106a-add/106A-CATCH/lab7/src/install/ros2_aruco_interfaces/share/ros2_aruco_interfaces/cmake/ros2_aruco_interfaces__rosidl_typesupport_cExport-noconfig.cmake\n'}
[9.779932] (ros2_aruco_interfaces) StdoutLine: {'line': b'-- Installing: /home/cc/ee106a/fa25/class/ee106a-add/106A-CATCH/lab7/src/install/ros2_aruco_interfaces/share/ros2_aruco_interfaces/cmake/ros2_aruco_interfaces__rosidl_typesupport_introspection_cppExport.cmake\n'}
[9.788275] (ros2_aruco_interfaces) StdoutLine: {'line': b'-- Installing: /home/cc/ee106a/fa25/class/ee106a-add/106A-CATCH/lab7/src/install/ros2_aruco_interfaces/share/ros2_aruco_interfaces/cmake/ros2_aruco_interfaces__rosidl_typesupport_introspection_cppExport-noconfig.cmake\n'}
[9.795540] (ros2_aruco_interfaces) StdoutLine: {'line': b'-- Installing: /home/cc/ee106a/fa25/class/ee106a-add/106A-CATCH/lab7/src/install/ros2_aruco_interfaces/share/ros2_aruco_interfaces/cmake/ros2_aruco_interfaces__rosidl_typesupport_cppExport.cmake\n'}
[9.803168] (ros2_aruco_interfaces) StdoutLine: {'line': b'-- Installing: /home/cc/ee106a/fa25/class/ee106a-add/106A-CATCH/lab7/src/install/ros2_aruco_interfaces/share/ros2_aruco_interfaces/cmake/ros2_aruco_interfaces__rosidl_typesupport_cppExport-noconfig.cmake\n'}
[9.810497] (ros2_aruco_interfaces) StdoutLine: {'line': b'-- Installing: /home/cc/ee106a/fa25/class/ee106a-add/106A-CATCH/lab7/src/install/ros2_aruco_interfaces/share/ros2_aruco_interfaces/cmake/export_ros2_aruco_interfaces__rosidl_generator_pyExport.cmake\n'}
[9.814690] (-) TimerEvent: {}
[9.818396] (ros2_aruco_interfaces) StdoutLine: {'line': b'-- Installing: /home/cc/ee106a/fa25/class/ee106a-add/106A-CATCH/lab7/src/install/ros2_aruco_interfaces/share/ros2_aruco_interfaces/cmake/export_ros2_aruco_interfaces__rosidl_generator_pyExport-noconfig.cmake\n'}
[9.825337] (ros2_aruco_interfaces) StdoutLine: {'line': b'-- Installing: /home/cc/ee106a/fa25/class/ee106a-add/106A-CATCH/lab7/src/install/ros2_aruco_interfaces/share/ros2_aruco_interfaces/cmake/rosidl_cmake-extras.cmake\n'}
[9.831863] (ros2_aruco_interfaces) StdoutLine: {'line': b'-- Installing: /home/cc/ee106a/fa25/class/ee106a-add/106A-CATCH/lab7/src/install/ros2_aruco_interfaces/share/ros2_aruco_interfaces/cmake/ament_cmake_export_dependencies-extras.cmake\n'}
[9.838615] (ros2_aruco_interfaces) StdoutLine: {'line': b'-- Installing: /home/cc/ee106a/fa25/class/ee106a-add/106A-CATCH/lab7/src/install/ros2_aruco_interfaces/share/ros2_aruco_interfaces/cmake/ament_cmake_export_include_directories-extras.cmake\n'}
[9.845835] (ros2_aruco_interfaces) StdoutLine: {'line': b'-- Installing: /home/cc/ee106a/fa25/class/ee106a-add/106A-CATCH/lab7/src/install/ros2_aruco_interfaces/share/ros2_aruco_interfaces/cmake/ament_cmake_export_libraries-extras.cmake\n'}
[9.852494] (ros2_aruco_interfaces) StdoutLine: {'line': b'-- Installing: /home/cc/ee106a/fa25/class/ee106a-add/106A-CATCH/lab7/src/install/ros2_aruco_interfaces/share/ros2_aruco_interfaces/cmake/ament_cmake_export_targets-extras.cmake\n'}
[9.859106] (ros2_aruco_interfaces) StdoutLine: {'line': b'-- Installing: /home/cc/ee106a/fa25/class/ee106a-add/106A-CATCH/lab7/src/install/ros2_aruco_interfaces/share/ros2_aruco_interfaces/cmake/rosidl_cmake_export_typesupport_targets-extras.cmake\n'}
[9.865451] (ros2_aruco_interfaces) StdoutLine: {'line': b'-- Installing: /home/cc/ee106a/fa25/class/ee106a-add/106A-CATCH/lab7/src/install/ros2_aruco_interfaces/share/ros2_aruco_interfaces/cmake/rosidl_cmake_export_typesupport_libraries-extras.cmake\n'}
[9.872142] (ros2_aruco_interfaces) StdoutLine: {'line': b'-- Installing: /home/cc/ee106a/fa25/class/ee106a-add/106A-CATCH/lab7/src/install/ros2_aruco_interfaces/share/ros2_aruco_interfaces/cmake/ros2_aruco_interfacesConfig.cmake\n'}
[9.879481] (ros2_aruco_interfaces) StdoutLine: {'line': b'-- Installing: /home/cc/ee106a/fa25/class/ee106a-add/106A-CATCH/lab7/src/install/ros2_aruco_interfaces/share/ros2_aruco_interfaces/cmake/ros2_aruco_interfacesConfig-version.cmake\n'}
[9.886868] (ros2_aruco_interfaces) StdoutLine: {'line': b'-- Installing: /home/cc/ee106a/fa25/class/ee106a-add/106A-CATCH/lab7/src/install/ros2_aruco_interfaces/share/ros2_aruco_interfaces/package.xml\n'}
[9.897782] (ros2_aruco_interfaces) CommandEnded: {'returncode': 0}
[9.914761] (-) TimerEvent: {}
[9.991138] (ros2_aruco_interfaces) JobEnded: {'identifier': 'ros2_aruco_interfaces', 'rc': 0}
[9.994766] (-) EventReactorShutdown: {}
